Cluster	Samples
Cluster_100	SAMEA2782893,SAMEA2782962
Cluster_102	SAMEA2782852,SAMEA2783152,SAMEA2783526,SAMEA2782886,SAMEA2710719
Cluster_103	SAMEA2710984,SAMEA2783161
Cluster_106	SAMEA2783054,SAMEA2783606
Cluster_107	SAMEA2782961,SAMEA2783539
Cluster_108	SAMEA2710926,SAMEA2710821,SAMEA2783528,SAMEA2710872
Cluster_109	SAMEA2782884,SAMEA2783144
Cluster_11	SAMEA2782986,SAMEA2783609
Cluster_110	SAMEA2783293,SAMEA2710945,SAMEA2783318,SAMEA2783315,SAMEA2783111,SAMEA2783069,SAMEA2710923,SAMEA2710739,SAMEA2710692,SAMEA2783515,SAMEA2710769,SAMEA2783023,SAMEA2710882,SAMEA2783035,SAMEA2783373,SAMEA2783583,SAMEA2782890,SAMEA2711008,SAMEA2783415
Cluster_111	SAMEA2783177,SAMEA2783163,SAMEA2782904,SAMEA2783512,SAMEA2783291,SAMEA2782888,SAMEA2711004,SAMEA2783332,SAMEA2782916,SAMEA2711041,SAMEA2783460,SAMEA2783141,SAMEA2710876,SAMEA2783567,SAMEA2783235,SAMEA2783151,SAMEA2711005
Cluster_112	SAMEA2710788,SAMEA2783403
Cluster_113	SAMEA2710864,SAMEA2783313
Cluster_114	SAMEA2783445,SAMEA2783600
Cluster_115	SAMEA2710965,SAMEA2782997,SAMEA2782981
Cluster_116	SAMEA2783186,SAMEA2783145
Cluster_117	SAMEA2710869,SAMEA2783274
Cluster_118	SAMEA2783104,SAMEA2782919
Cluster_120	SAMEA2783001,SAMEA2783518
Cluster_121	SAMEA2783043,SAMEA2782896
Cluster_13	SAMEA2710935,SAMEA2783185,SAMEA2783183
Cluster_14	SAMEA2783560,SAMEA2782908
Cluster_15	SAMEA2710798,SAMEA2783282,SAMEA2710705
Cluster_17	SAMEA2783385,SAMEA2782998,SAMEA2782863
Cluster_19	SAMEA2783523,SAMEA2783112,SAMEA2710840,SAMEA2783559,SAMEA2710960,SAMEA2783292
Cluster_2	SAMEA2783484,SAMEA2783160
Cluster_20	SAMEA2782971,SAMEA2783039
Cluster_21	SAMEA2782850,SAMEA2783057,SAMEA2783333,SAMEA2710752,SAMEA2710908,SAMEA2782874,SAMEA2782959
Cluster_22	SAMEA2783339,SAMEA2783223
Cluster_23	SAMEA2783507,SAMEA2783206,SAMEA2783159
Cluster_24	SAMEA2782932,SAMEA2783098,SAMEA2783377,SAMEA2783443
Cluster_25	SAMEA2782943,SAMEA2783391,SAMEA2710992
Cluster_26	SAMEA2783465,SAMEA2710697
Cluster_3	SAMEA2710710,SAMEA2782960,SAMEA2783494
Cluster_30	SAMEA2783427,SAMEA2782907,SAMEA2783203,SAMEA2710920
Cluster_31	SAMEA2783184,SAMEA2710852,SAMEA2782974,SAMEA2711035,SAMEA2783442
Cluster_32	SAMEA2783581,SAMEA2783607
Cluster_33	SAMEA2783065,SAMEA2783347
Cluster_34	SAMEA2782918,SAMEA2783280,SAMEA2783614
Cluster_35	SAMEA2782931,SAMEA2783519
Cluster_36	SAMEA2710700,SAMEA2710846,SAMEA2710745,SAMEA2783029,SAMEA2783208,SAMEA2782827,SAMEA2710747,SAMEA2711018,SAMEA2783399,SAMEA2782913,SAMEA2782914,SAMEA2783579,SAMEA2710725
Cluster_37	SAMEA2783522,SAMEA2710845
Cluster_38	SAMEA2783154,SAMEA2783546,SAMEA2783573
Cluster_41	SAMEA2710734,SAMEA2710774
Cluster_42	SAMEA2783472,SAMEA2783331,SAMEA2711029,SAMEA2711001
Cluster_43	SAMEA2783330,SAMEA2783499,SAMEA2783195
Cluster_44	SAMEA2783517,SAMEA2783234,SAMEA2710839
Cluster_47	SAMEA2710957,SAMEA2783319,SAMEA2782889
Cluster_48	SAMEA2783328,SAMEA2783521,SAMEA2783026
Cluster_49	SAMEA2783092,SAMEA2783588
Cluster_50	SAMEA2782979,SAMEA2783024,SAMEA2783471,SAMEA2783087
Cluster_51	SAMEA2783085,SAMEA2783340,SAMEA2783306,SAMEA2783155,SAMEA2783076,SAMEA2783584,SAMEA2783168,SAMEA2783344,SAMEA2710854,SAMEA2782973,SAMEA2783121,SAMEA2783031,SAMEA2783289,SAMEA2782984,SAMEA2783436,SAMEA2782879,SAMEA2783437,SAMEA2710803,SAMEA2783532,SAMEA2710761
Cluster_52	SAMEA2782980,SAMEA2710760,SAMEA2783179,SAMEA2710811
Cluster_53	SAMEA2711010,SAMEA2710986,SAMEA2783470
Cluster_54	SAMEA2711026,SAMEA2783343,SAMEA2783101,SAMEA2782975
Cluster_56	SAMEA2783231,SAMEA2783335,SAMEA2711032,SAMEA2782875
Cluster_57	SAMEA2711028,SAMEA2783107
Cluster_59	SAMEA2782957,SAMEA2710797,SAMEA2710942
Cluster_6	SAMEA2783191,SAMEA2783095
Cluster_60	SAMEA2783118,SAMEA2782899,SAMEA2783193,SAMEA2783534
Cluster_62	SAMEA2710800,SAMEA2710765,SAMEA2783398,SAMEA2710947,SAMEA2783281,SAMEA2783326,SAMEA2783591,SAMEA2783038
Cluster_63	SAMEA2710762,SAMEA2782845,SAMEA2783267,SAMEA2710722
Cluster_64	SAMEA2783345,SAMEA2782880
Cluster_65	SAMEA2783018,SAMEA2783463
Cluster_66	SAMEA2783417,SAMEA2782945,SAMEA2783041,SAMEA2783096,SAMEA2783401
Cluster_67	SAMEA2782878,SAMEA2783006
Cluster_68	SAMEA2783146,SAMEA2783048
Cluster_69	SAMEA2783205,SAMEA2782941
Cluster_73	SAMEA2783140,SAMEA2782910,SAMEA2783263,SAMEA2710951
Cluster_74	SAMEA2783432,SAMEA2783027,SAMEA2710748,SAMEA2710776
Cluster_75	SAMEA2783036,SAMEA2711013
Cluster_76	SAMEA2783091,SAMEA2783395,SAMEA2783022
Cluster_78	SAMEA2783392,SAMEA2783544,SAMEA2783288
Cluster_8	SAMEA2783325,SAMEA2783134
Cluster_80	SAMEA2783071,SAMEA2783233
Cluster_81	SAMEA2710861,SAMEA2783196
Cluster_82	SAMEA2782992,SAMEA2710829
Cluster_83	SAMEA2783372,SAMEA2710783
Cluster_85	SAMEA2783201,SAMEA2783083
Cluster_87	SAMEA2783284,SAMEA2711016
Cluster_89	SAMEA2710717,SAMEA2783034
Cluster_9	SAMEA2783475,SAMEA2783066
Cluster_91	SAMEA2783541,SAMEA2783509
Cluster_92	SAMEA2710737,SAMEA2783448,SAMEA2783266,SAMEA2783252,SAMEA2782822,SAMEA2783492,SAMEA2710880,SAMEA2783578,SAMEA2782995,SAMEA2783316,SAMEA2782967,SAMEA2783008,SAMEA2783323,SAMEA2783537
Cluster_94	SAMEA2783286,SAMEA2710981,SAMEA2782902
Cluster_95	SAMEA2783305,SAMEA2783396
Cluster_98	SAMEA2783094,SAMEA2710911,SAMEA2710711,SAMEA2783097,SAMEA2782847,SAMEA2783413,SAMEA2783165,SAMEA2711063,SAMEA2710860,SAMEA2783040,SAMEA2783236,SAMEA2783511,SAMEA2783044,SAMEA2783229,SAMEA2710699,SAMEA2783283,SAMEA2783131,SAMEA2783625,SAMEA2783418,SAMEA2783278,SAMEA2783016,SAMEA2783547,SAMEA2783173,SAMEA2783337,SAMEA2782976,SAMEA2782923,SAMEA2783230,SAMEA2783102,SAMEA2710738,SAMEA2782900
Cluster_99	SAMEA2783190,SAMEA2783138
