Cluster	Samples
Cluster_1	SAMEA2710954,SAMEA2783239,SAMEA2783240
Cluster_2	SAMEA2783484,SAMEA2783160
Cluster_3	SAMEA2783560,SAMEA2782908
Cluster_4	SAMEA2783325,SAMEA2783134
Cluster_5	SAMEA2783123,SAMEA2783329
Cluster_6	SAMEA2783049,SAMEA2710859,SAMEA2783497
Cluster_7	SAMEA2710875,SAMEA2783475,SAMEA2783066
Cluster_8	SAMEA2783133,SAMEA2710948,SAMEA2782831,SAMEA2710786,SAMEA2783572
Cluster_9	SAMEA2783559,SAMEA2710960,SAMEA2710840,SAMEA2783112,SAMEA2783292,SAMEA2783523
Cluster_10	SAMEA2783609,SAMEA2782986
Cluster_11	SAMEA2710710,SAMEA2783494,SAMEA2782960
Cluster_12	SAMEA2783339,SAMEA2783223
Cluster_13	SAMEA2783017,SAMEA2710785,SAMEA2710805
Cluster_14	SAMEA2710935,SAMEA2783183,SAMEA2783185
Cluster_15	SAMEA2710705,SAMEA2783282,SAMEA2710798
Cluster_16	SAMEA2782959,SAMEA2782874,SAMEA2710908,SAMEA2710752,SAMEA2782850,SAMEA2783333,SAMEA2783057
Cluster_17	SAMEA2783440,SAMEA2710767
Cluster_18	SAMEA2711062,SAMEA2783540
Cluster_19	SAMEA2783039,SAMEA2782971
Cluster_20	SAMEA2782998,SAMEA2783385,SAMEA2782863
Cluster_21	SAMEA2783466,SAMEA2783410
Cluster_22	SAMEA2783191,SAMEA2783095
Cluster_23	SAMEA2783573,SAMEA2783546,SAMEA2783154
Cluster_24	SAMEA2783029,SAMEA2710846,SAMEA2782914,SAMEA2782913,SAMEA2783399,SAMEA2783208,SAMEA2710747,SAMEA2710700,SAMEA2710725,SAMEA2782827,SAMEA2711018,SAMEA2710745,SAMEA2783579
Cluster_25	SAMEA2783614,SAMEA2783280,SAMEA2782918
Cluster_26	SAMEA2710828,SAMEA2710903
Cluster_27	SAMEA2783391,SAMEA2710992,SAMEA2782943
Cluster_28	SAMEA2710697,SAMEA2783465
Cluster_29	SAMEA2783206,SAMEA2783159,SAMEA2783507
Cluster_30	SAMEA2783548,SAMEA2710944
Cluster_31	SAMEA2783442,SAMEA2711035,SAMEA2710852,SAMEA2783184,SAMEA2782974
Cluster_32	SAMEA2783519,SAMEA2782931
Cluster_33	SAMEA2783377,SAMEA2783443,SAMEA2783098,SAMEA2782932
Cluster_34	SAMEA2783581,SAMEA2783607
Cluster_35	SAMEA2710704,SAMEA2710771
Cluster_36	SAMEA2783427,SAMEA2710920,SAMEA2783203,SAMEA2782907
Cluster_37	SAMEA2783347,SAMEA2783065
Cluster_38	SAMEA2783522,SAMEA2710845
Cluster_39	SAMEA2710778,SAMEA2783298,SAMEA2782818,SAMEA2782860
Cluster_40	SAMEA2711001,SAMEA2711029,SAMEA2782948,SAMEA2783472,SAMEA2783331
Cluster_41	SAMEA2783259,SAMEA2711039
Cluster_42	SAMEA2711014,SAMEA2783474,SAMEA2710883
Cluster_43	SAMEA2783234,SAMEA2710839,SAMEA2783517
Cluster_44	SAMEA2783588,SAMEA2783092
Cluster_45	SAMEA2783195,SAMEA2783330,SAMEA2783499
Cluster_46	SAMEA2783026,SAMEA2783521,SAMEA2783328
Cluster_47	SAMEA2783087,SAMEA2783024,SAMEA2783471,SAMEA2782979
Cluster_48	SAMEA2782889,SAMEA2710957,SAMEA2783319
Cluster_49	SAMEA2782819,SAMEA2782841
Cluster_50	SAMEA2710734,SAMEA2710774
Cluster_51	SAMEA2782973,SAMEA2783031,SAMEA2783168,SAMEA2710761,SAMEA2782879,SAMEA2783076,SAMEA2783532,SAMEA2783584,SAMEA2783121,SAMEA2783437,SAMEA2783085,SAMEA2783344,SAMEA2710854,SAMEA2783306,SAMEA2783436,SAMEA2783155,SAMEA2782984,SAMEA2783289,SAMEA2710803,SAMEA2783340
Cluster_52	SAMEA2711026,SAMEA2783101,SAMEA2782975,SAMEA2783343
Cluster_53	SAMEA2782980,SAMEA2710811,SAMEA2710760,SAMEA2783179
Cluster_54	SAMEA2782845,SAMEA2710722,SAMEA2783267,SAMEA2710762
Cluster_55	SAMEA2782880,SAMEA2783345
Cluster_56	SAMEA2782833,SAMEA2782846,SAMEA2782929,SAMEA2710826
Cluster_57	SAMEA2782875,SAMEA2783335,SAMEA2783231,SAMEA2711032
Cluster_58	SAMEA2783107,SAMEA2711028
Cluster_59	SAMEA2783281,SAMEA2783038,SAMEA2710765,SAMEA2783398,SAMEA2710800,SAMEA2783326,SAMEA2783591,SAMEA2710947
Cluster_60	SAMEA2783470,SAMEA2710986,SAMEA2711010
Cluster_61	SAMEA2710942,SAMEA2710797,SAMEA2782957
Cluster_62	SAMEA2783534,SAMEA2783118,SAMEA2782899,SAMEA2783193
Cluster_63	SAMEA2783438,SAMEA2783047
Cluster_64	SAMEA2710897,SAMEA2710941
Cluster_65	SAMEA2783096,SAMEA2783417,SAMEA2783041,SAMEA2783401,SAMEA2782945
Cluster_66	SAMEA2782983,SAMEA2710868,SAMEA2710914
Cluster_67	SAMEA2782941,SAMEA2783205
Cluster_68	SAMEA2782910,SAMEA2783140,SAMEA2783263,SAMEA2710951
Cluster_69	SAMEA2710790,SAMEA2783543
Cluster_70	SAMEA2783146,SAMEA2783048
Cluster_71	SAMEA2783167,SAMEA2710695
Cluster_72	SAMEA2782878,SAMEA2783006
Cluster_73	SAMEA2783018,SAMEA2783463
Cluster_74	SAMEA2710993,SAMEA2783221,SAMEA2783127,SAMEA2710962,SAMEA2710808
Cluster_75	SAMEA2783419,SAMEA2782844
Cluster_76	SAMEA2783036,SAMEA2711013
Cluster_77	SAMEA2783233,SAMEA2783071
Cluster_78	SAMEA2783544,SAMEA2783392,SAMEA2783288
Cluster_79	SAMEA2783395,SAMEA2783091,SAMEA2783022
Cluster_80	SAMEA2783541,SAMEA2783509
Cluster_81	SAMEA2710816,SAMEA2783180,SAMEA2710924,SAMEA2711061,SAMEA2783327
Cluster_82	SAMEA2710861,SAMEA2783196
Cluster_83	SAMEA2782992,SAMEA2710829
Cluster_84	SAMEA2783011,SAMEA2711030
Cluster_85	SAMEA2710686,SAMEA2710820
Cluster_86	SAMEA2710717,SAMEA2783034
Cluster_87	SAMEA2710712,SAMEA2783425,SAMEA2710977,SAMEA2782851,SAMEA2782864,SAMEA2710964,SAMEA2782857,SAMEA2783356,SAMEA2783271
Cluster_88	SAMEA2710880,SAMEA2783537,SAMEA2782822,SAMEA2782995,SAMEA2783008,SAMEA2783323,SAMEA2783316,SAMEA2783252,SAMEA2783266,SAMEA2782967,SAMEA2783578,SAMEA2783492
Cluster_89	SAMEA2783083,SAMEA2783201
Cluster_90	SAMEA2783372,SAMEA2710783
Cluster_91	SAMEA2783284,SAMEA2711016
Cluster_92	SAMEA2782886,SAMEA2782852,SAMEA2783526,SAMEA2783152,SAMEA2710719
Cluster_93	SAMEA2783161,SAMEA2710984
Cluster_94	SAMEA2783305,SAMEA2783396
Cluster_95	SAMEA2782962,SAMEA2782893
Cluster_96	SAMEA2782820,SAMEA2711050
Cluster_97	SAMEA2783138,SAMEA2783190
Cluster_98	SAMEA2782902,SAMEA2710981,SAMEA2783286
Cluster_99	SAMEA2783010,SAMEA2710970
Cluster_100	SAMEA2783016,SAMEA2783278,SAMEA2783097,SAMEA2783044,SAMEA2783337,SAMEA2782976,SAMEA2783236,SAMEA2783229,SAMEA2783413,SAMEA2783547,SAMEA2783625,SAMEA2710860,SAMEA2783283,SAMEA2783040,SAMEA2783165,SAMEA2782900,SAMEA2783418,SAMEA2783131,SAMEA2710711,SAMEA2782847,SAMEA2710911,SAMEA2783102,SAMEA2783230,SAMEA2783511,SAMEA2782923,SAMEA2711063,SAMEA2783173,SAMEA2710738,SAMEA2710699
Cluster_101	SAMEA2710917,SAMEA2710707
Cluster_102	SAMEA2783378,SAMEA2783014
Cluster_103	SAMEA2783164,SAMEA2711003
Cluster_104	SAMEA2783528,SAMEA2710926,SAMEA2710821
Cluster_105	SAMEA2783539,SAMEA2782961
Cluster_106	SAMEA2783054,SAMEA2783606
Cluster_107	SAMEA2783027,SAMEA2710776,SAMEA2710748,SAMEA2783432
Cluster_108	SAMEA2710806,SAMEA2783453
Cluster_109	SAMEA2783177,SAMEA2783151,SAMEA2783518,SAMEA2783512,SAMEA2782888,SAMEA2711041,SAMEA2783460,SAMEA2783141,SAMEA2783235,SAMEA2783001,SAMEA2782916,SAMEA2783163,SAMEA2783567,SAMEA2783332,SAMEA2782904,SAMEA2711004,SAMEA2711005,SAMEA2710876,SAMEA2783291
Cluster_110	SAMEA2782997,SAMEA2710965
Cluster_111	SAMEA2783144,SAMEA2782884
Cluster_112	SAMEA2783600,SAMEA2783445
Cluster_113	SAMEA2710739,SAMEA2710723,SAMEA2782890,SAMEA2783583,SAMEA2783043,SAMEA2783111,SAMEA2783035,SAMEA2711008,SAMEA2710692,SAMEA2710945,SAMEA2783415,SAMEA2783315,SAMEA2710923,SAMEA2783293,SAMEA2782896,SAMEA2710882,SAMEA2783373,SAMEA2783023,SAMEA2783318,SAMEA2783515,SAMEA2710769,SAMEA2783069
Cluster_114	SAMEA2783313,SAMEA2710864
Cluster_115	SAMEA2710788,SAMEA2783403
Cluster_116	SAMEA2783145,SAMEA2783186
Cluster_117	SAMEA2782919,SAMEA2783104
Cluster_118	SAMEA2710721,SAMEA2710706,SAMEA2783290
Cluster_119	SAMEA2783274,SAMEA2710869
