Cluster	Samples
Cluster_1	SAMEA2783523,SAMEA2710960,SAMEA2783112,SAMEA2710840,SAMEA2783292,SAMEA2783559
Cluster_2	SAMEA2783475,SAMEA2783066
Cluster_3	SAMEA2783240,SAMEA2710954,SAMEA2783239
Cluster_4	SAMEA2783329,SAMEA2783123
Cluster_5	SAMEA2782908,SAMEA2783560
Cluster_6	SAMEA2710710,SAMEA2783494,SAMEA2782960
Cluster_7	SAMEA2782831,SAMEA2710786,SAMEA2783572,SAMEA2783133,SAMEA2710948
Cluster_8	SAMEA2783440,SAMEA2710767
Cluster_9	SAMEA2783049,SAMEA2710859,SAMEA2783497
Cluster_10	SAMEA2710785,SAMEA2710805,SAMEA2783017
Cluster_11	SAMEA2783134,SAMEA2783325
Cluster_12	SAMEA2711062,SAMEA2783540
Cluster_13	SAMEA2783095,SAMEA2783191
Cluster_14	SAMEA2782850,SAMEA2710752,SAMEA2783057,SAMEA2782959,SAMEA2782874,SAMEA2710908,SAMEA2783333
Cluster_15	SAMEA2782863,SAMEA2783385,SAMEA2782998
Cluster_16	SAMEA2783183,SAMEA2710935,SAMEA2783185
Cluster_17	SAMEA2783410,SAMEA2783466
Cluster_18	SAMEA2710903,SAMEA2710828
Cluster_19	SAMEA2783223,SAMEA2783339
Cluster_20	SAMEA2783581,SAMEA2783607
Cluster_21	SAMEA2783184,SAMEA2782974,SAMEA2711035,SAMEA2710852,SAMEA2783442
Cluster_22	SAMEA2710846,SAMEA2783399,SAMEA2782914,SAMEA2710700,SAMEA2782913,SAMEA2783579,SAMEA2783208,SAMEA2710745,SAMEA2711018,SAMEA2782827,SAMEA2783029,SAMEA2710747,SAMEA2710725
Cluster_23	SAMEA2783443,SAMEA2783377,SAMEA2782932,SAMEA2783098
Cluster_24	SAMEA2783519,SAMEA2782931
Cluster_25	SAMEA2783347,SAMEA2783065
Cluster_26	SAMEA2783298,SAMEA2782860,SAMEA2710778,SAMEA2782818
Cluster_27	SAMEA2710771,SAMEA2710704
Cluster_28	SAMEA2783159,SAMEA2783206,SAMEA2783507
Cluster_29	SAMEA2782943,SAMEA2783391,SAMEA2710992
Cluster_30	SAMEA2710944,SAMEA2783548
Cluster_31	SAMEA2783154,SAMEA2783573,SAMEA2783546
Cluster_32	SAMEA2783465,SAMEA2710697
Cluster_33	SAMEA2783160,SAMEA2783484
Cluster_34	SAMEA2710705,SAMEA2783282,SAMEA2710798
Cluster_35	SAMEA2710765,SAMEA2783326,SAMEA2783398,SAMEA2783038,SAMEA2710947,SAMEA2783281,SAMEA2710800,SAMEA2783591
Cluster_36	SAMEA2783522,SAMEA2710845
Cluster_37	SAMEA2783614,SAMEA2783280,SAMEA2782918
Cluster_38	SAMEA2710920,SAMEA2783427,SAMEA2783203,SAMEA2782907
Cluster_39	SAMEA2783319,SAMEA2782889,SAMEA2710957
Cluster_40	SAMEA2710734,SAMEA2710774
Cluster_41	SAMEA2782841,SAMEA2782819
Cluster_42	SAMEA2782979,SAMEA2783087,SAMEA2783024,SAMEA2783471
Cluster_43	SAMEA2783092,SAMEA2783588
Cluster_44	SAMEA2711001,SAMEA2783472,SAMEA2711029,SAMEA2783331
Cluster_45	SAMEA2711039,SAMEA2783259
Cluster_46	SAMEA2783026,SAMEA2783521,SAMEA2783328
Cluster_47	SAMEA2710883,SAMEA2783474,SAMEA2711014
Cluster_48	SAMEA2710839,SAMEA2783234,SAMEA2783517
Cluster_49	SAMEA2782846,SAMEA2782929,SAMEA2710826,SAMEA2782833
Cluster_50	SAMEA2783609,SAMEA2782986
Cluster_51	SAMEA2782880,SAMEA2783345
Cluster_52	SAMEA2782845,SAMEA2710762,SAMEA2710722,SAMEA2783267
Cluster_53	SAMEA2710941,SAMEA2710897
Cluster_54	SAMEA2710797,SAMEA2710942,SAMEA2782957
Cluster_55	SAMEA2783534,SAMEA2782899,SAMEA2783118,SAMEA2783193
Cluster_56	SAMEA2783195,SAMEA2783330,SAMEA2783499
Cluster_57	SAMEA2710811,SAMEA2783179,SAMEA2782980,SAMEA2710760
Cluster_58	SAMEA2783343,SAMEA2783101,SAMEA2711026,SAMEA2782975
Cluster_59	SAMEA2782879,SAMEA2783289,SAMEA2710854,SAMEA2783344,SAMEA2783085,SAMEA2782984,SAMEA2783532,SAMEA2783437,SAMEA2710761,SAMEA2783340,SAMEA2783121,SAMEA2783076,SAMEA2783155,SAMEA2783306,SAMEA2783584,SAMEA2783031,SAMEA2783436,SAMEA2783168,SAMEA2710803,SAMEA2782973
Cluster_60	SAMEA2710986,SAMEA2783470,SAMEA2711010
Cluster_61	SAMEA2782875,SAMEA2783335,SAMEA2711032,SAMEA2783231
Cluster_62	SAMEA2783047,SAMEA2783438
Cluster_63	SAMEA2783107,SAMEA2711028
Cluster_64	SAMEA2783027,SAMEA2710748,SAMEA2783432,SAMEA2710776
Cluster_65	SAMEA2783146,SAMEA2783048
Cluster_66	SAMEA2783018,SAMEA2783463
Cluster_67	SAMEA2782941,SAMEA2783205
Cluster_68	SAMEA2782983,SAMEA2710868,SAMEA2710914
Cluster_69	SAMEA2782910,SAMEA2783140,SAMEA2710951,SAMEA2783263
Cluster_70	SAMEA2783006,SAMEA2782878
Cluster_71	SAMEA2710695,SAMEA2783167
Cluster_72	SAMEA2710790,SAMEA2783543
Cluster_73	SAMEA2783417,SAMEA2782945,SAMEA2783096,SAMEA2783401,SAMEA2783041
Cluster_74	SAMEA2783022,SAMEA2783091,SAMEA2783395
Cluster_75	SAMEA2783419,SAMEA2782844
Cluster_76	SAMEA2783071,SAMEA2783233
Cluster_77	SAMEA2783036,SAMEA2711013
Cluster_78	SAMEA2783288,SAMEA2783392,SAMEA2783544
Cluster_79	SAMEA2783221,SAMEA2710808,SAMEA2783127,SAMEA2710962,SAMEA2710993
Cluster_80	SAMEA2783201,SAMEA2783083
Cluster_81	SAMEA2783509,SAMEA2783541
Cluster_82	SAMEA2782967,SAMEA2782995,SAMEA2783008,SAMEA2783537,SAMEA2783578,SAMEA2783316,SAMEA2783252,SAMEA2783492,SAMEA2782822,SAMEA2783266,SAMEA2710880,SAMEA2783323
Cluster_83	SAMEA2710861,SAMEA2783196
Cluster_84	SAMEA2711016,SAMEA2783284
Cluster_85	SAMEA2782857,SAMEA2710712,SAMEA2710964,SAMEA2782864,SAMEA2783271,SAMEA2783356,SAMEA2782851,SAMEA2783425,SAMEA2710977
Cluster_86	SAMEA2711030,SAMEA2783011
Cluster_87	SAMEA2782992,SAMEA2710829
Cluster_88	SAMEA2710686,SAMEA2710820
Cluster_89	SAMEA2783327,SAMEA2710816,SAMEA2711061,SAMEA2710924,SAMEA2783180
Cluster_90	SAMEA2710783,SAMEA2783372
Cluster_91	SAMEA2782820,SAMEA2711050
Cluster_92	SAMEA2783286,SAMEA2782902,SAMEA2710981
Cluster_93	SAMEA2783396,SAMEA2783305
Cluster_94	SAMEA2783190,SAMEA2783138
Cluster_95	SAMEA2782852,SAMEA2710719,SAMEA2783526,SAMEA2782886,SAMEA2783152
Cluster_96	SAMEA2710707,SAMEA2710917
Cluster_97	SAMEA2783547,SAMEA2783131,SAMEA2782923,SAMEA2783413,SAMEA2783229,SAMEA2783097,SAMEA2783230,SAMEA2783283,SAMEA2782847,SAMEA2782900,SAMEA2710699,SAMEA2783236,SAMEA2783337,SAMEA2782976,SAMEA2783165,SAMEA2783016,SAMEA2783418,SAMEA2710738,SAMEA2783173,SAMEA2783511,SAMEA2710860,SAMEA2710911,SAMEA2783040,SAMEA2783102,SAMEA2710711,SAMEA2783044,SAMEA2711063,SAMEA2783278,SAMEA2783625
Cluster_98	SAMEA2783010,SAMEA2710970
Cluster_99	SAMEA2783161,SAMEA2710984
Cluster_100	SAMEA2782962,SAMEA2782893
Cluster_101	SAMEA2783378,SAMEA2783014
Cluster_102	SAMEA2783528,SAMEA2710926,SAMEA2710821
Cluster_103	SAMEA2710806,SAMEA2783453
Cluster_104	SAMEA2782971,SAMEA2783039
Cluster_105	SAMEA2783164,SAMEA2711003
Cluster_106	SAMEA2710876,SAMEA2783235,SAMEA2783163,SAMEA2711041,SAMEA2783512,SAMEA2783141,SAMEA2782916,SAMEA2783518,SAMEA2711004,SAMEA2783567,SAMEA2783460,SAMEA2783291,SAMEA2782904,SAMEA2783151,SAMEA2783001,SAMEA2783177,SAMEA2711005,SAMEA2782888,SAMEA2783332
Cluster_107	SAMEA2783539,SAMEA2782961
Cluster_108	SAMEA2782890,SAMEA2783583,SAMEA2783373,SAMEA2783515,SAMEA2710923,SAMEA2783023,SAMEA2710692,SAMEA2783293,SAMEA2710769,SAMEA2783415,SAMEA2783069,SAMEA2710739,SAMEA2710723,SAMEA2782896,SAMEA2710882,SAMEA2783043,SAMEA2783111,SAMEA2710945,SAMEA2783318,SAMEA2783315,SAMEA2711008,SAMEA2783035
Cluster_109	SAMEA2783313,SAMEA2710864
Cluster_110	SAMEA2783144,SAMEA2782884
Cluster_111	SAMEA2783034,SAMEA2710717
Cluster_112	SAMEA2782997,SAMEA2710965
Cluster_113	SAMEA2783403,SAMEA2710788
Cluster_114	SAMEA2783600,SAMEA2783445
Cluster_115	SAMEA2783186,SAMEA2783145
Cluster_116	SAMEA2710721,SAMEA2710706,SAMEA2783290
Cluster_117	SAMEA2710869,SAMEA2783274
