Cluster	Samples
Cluster_10139	SAMEA2711019,SAMEA2710832
Cluster_10221	SAMEA2783087,SAMEA2782979,SAMEA2783024,SAMEA2783471,SAMN31673899
Cluster_10222	SAMEA2782889,SAMEA2783319,SAMEA2710957
Cluster_10233	SAMEA2710734,SAMEA2710774
Cluster_10428	SAMEA2783417,SAMEA2782945,SAMEA2783401,SAMEA2783041,SAMEA2783096
Cluster_10429	SAMEA2710897,SAMEA2710941
Cluster_10443	SAMEA2783438,SAMEA2783047
Cluster_10540	SAMEA2783179,SAMEA2710811,SAMEA2710760,SAMEA2782980
Cluster_10585	SAMN41154802,SAMN39286551,SAMN39286611,SAMN39286555,SAMN39286559,SAMN31030431,SAMN39286563,SAMN39287124,SAMN39286553,SAMN31030443,SAMN39286565,SAMN39286601,SAMN39286568,SAMN39286564,SAMN39286570,SAMN31030074,SAMN31030468,SAMN39286554,SAMN39286550,SAMN41154578,SAMN31031537,SAMN41154554,SAMN39286572,SAMN31031235,SAMEA112804368,SAMN39287026,SAMN39286566,SAMEA2534823,SAMN39286561,SAMN39286649,SAMN41154761,SAMN39286549,SAMN31031348,SAMN39286548,SAMN39286552,SAMN39286567,SAMN39286557,SAMN39286569,SAMEA2783569,SAMN31031369,SAMN39286547,SAMN39286560,SAMN39286556,SAMN39286571,SAMN41154521,SAMN31673602,SAMN31030395,SAMN39286562,SAMN31031444,SAMN39286558
Cluster_10601	SAMEA114757848,SAMEA2783233,SAMEA2783071
Cluster_10704	SAMEA2783107,SAMEA2711028
Cluster_10789	SAMEA2711026,SAMEA2783343,SAMEA2782975,SAMEA2783101
Cluster_10859	SAMEA2710762,SAMEA2782845,SAMEA2710722,SAMEA2783267
Cluster_10860	SAMEA2782880,SAMEA2783345
Cluster_10861	SAMEA2782929,SAMEA2710826,SAMEA2782846,SAMEA2782833,SAMEA2783099
Cluster_10927	SAMEA2783231,SAMEA2782875,SAMN31031255,SAMEA2711032,SAMEA2783335
Cluster_10960	SAMEA114757839,SAMEA2783617
Cluster_11058	SAMEA2783534,SAMEA2782899,SAMEA2783118,SAMEA2783193
Cluster_11060	SAMEA2710797,SAMEA2710942,SAMEA2782957
Cluster_11074	SAMEA2783470,SAMEA2710986,SAMEA2711010
Cluster_11075	SAMEA2783076,SAMEA2783085,SAMEA2782984,SAMEA2710854,SAMEA2783121,SAMEA2783584,SAMEA2783168,SAMEA2783306,SAMEA2783155,SAMEA2783031,SAMEA2783437,SAMN06279772,SAMEA2782973,SAMEA2710833,SAMEA2783289,SAMEA2710761,SAMEA2783340,SAMEA2782879,SAMN06279771,SAMEA2783436,SAMN06279770,SAMEA2783532,SAMEA2783344,SAMEA2710803
Cluster_11129	SAMN06279767,SAMEA2783320
Cluster_11192	SAMEA2710790,SAMEA2783543
Cluster_11381	SAMEA2783048,SAMEA2783146
Cluster_11488	SAMEA2710914,SAMEA2710868,SAMEA2782983
Cluster_11600	SAMEA2782878,SAMEA2783006
Cluster_11601	SAMEA2783167,SAMEA2710695
Cluster_11613	SAMEA2783263,SAMEA2783140,SAMEA2710951
Cluster_11616	SAMEA2783326,SAMEA2783591,SAMEA2710800,SAMN30950576,SAMN41154461,SAMEA2710765,SAMEA2783038,SAMEA2710947,SAMN41154532,SAMEA2783398,SAMEA2783281
Cluster_11660	SAMEA2783170,SAMN39286745,SAMN14416881
Cluster_11662	SAMEA2783463,SAMEA2783018
Cluster_11991	SAMEA2783514,SAMEA114757845
Cluster_11993	SAMEA2783288,SAMEA2783544,SAMEA2783392
Cluster_12011	SAMEA2783091,SAMEA2783395,SAMEA2783022
Cluster_12175	SAMEA2783072,SAMN08851384
Cluster_12197	SAMEA2710909,SAMN06279786
Cluster_12218	SAMEA2711013,SAMEA2783036
Cluster_12291	SAMEA2782844,SAMEA2783419
Cluster_12403	SAMN31030497,SAMEA2783355,SAMN14417245
Cluster_12482	SAMEA2710820,SAMN14417059,SAMEA2710686
Cluster_12493	SAMN07236504,SAMEA2710930
Cluster_12494	SAMN39286824,SAMEA2783376,SAMN07236436
Cluster_12533	SAMEA2783576,SAMN04276841,SAMEA5282369,SAMN04276839
Cluster_12632	SAMEA2710717,SAMEA2783034
Cluster_12655	SAMEA2783372,SAMEA2710783
Cluster_12661	SAMEA2710829,SAMEA2782992
Cluster_12662	SAMEA2783196,SAMEA2710861
Cluster_12914	SAMEA2783509,SAMEA2783541
Cluster_12925	SAMEA114757884,SAMN14417214,SAMEA2783220
Cluster_12926	SAMEA2783201,SAMEA2783083
Cluster_12927	SAMEA2783180,SAMEA2711061,SAMEA2710816,SAMEA2710924,SAMEA2783327
Cluster_12928	SAMEA2783284,SAMEA2711016
Cluster_12946	SAMEA2783011,SAMEA2711030
Cluster_12971	SAMEA3448210,SAMEA2710719,SAMEA2782852,SAMEA2783152,SAMEA2782886,SAMEA2783526
Cluster_13047	SAMEA2710707,SAMEA2710917
Cluster_13062	SAMEA2783380,SAMN07236343
Cluster_13067	SAMEA2783138,SAMEA2783190,SAMEA2783135
Cluster_13070	SAMEA2782893,SAMEA2782962
Cluster_13216	SAMN07236423,SAMN04276737
Cluster_13298	SAMEA2710984,SAMN07766145,SAMEA2783161
Cluster_13344	SAMEA2783305,SAMEA2783396
Cluster_13345	SAMEA2782820,SAMEA2711050
Cluster_13347	SAMEA2710981,SAMEA2782902,SAMEA2783286
Cluster_13359	SAMEA2783014,SAMEA2783378
Cluster_13614	SAMEA2297074,SAMEA2783473
Cluster_13623	SAMEA2710926,SAMEA2783528,SAMEA2710821,SAMEA2710872
Cluster_13780	SAMEA2710748,SAMEA2710776,SAMEA2783027,SAMEA2783432,SAMN14417050
Cluster_13849	SAMEA13119942,SAMEA2783620
Cluster_13916	SAMEA2710806,SAMEA2783453
Cluster_14009	SAMEA2783054,SAMEA2783606
Cluster_1401	SAMEA2783049,SAMEA2783497,SAMEA2710859
Cluster_14014	SAMEA2783164,SAMEA2711003,SAMEA2782856
Cluster_14015	SAMEA3451232,SAMEA2710733,SAMEA2534872
Cluster_14020	SAMEA2783539,SAMEA2782961
Cluster_14150	SAMN07236391,SAMEA3404189,SAMN14416770,SAMN03647315,SAMEA2710712,SAMN33018144,SAMN07236500,SAMEA2783425,SAMEA1018955,SAMEA2783356,SAMN31030311,SAMEA2710964,SAMEA1019097,SAMEA2710977,SAMEA2782857,SAMEA1018917,SAMEA2534716,SAMEA7548615,SAMEA2783271,SAMEA2782851,SAMEA2782864,SAMEA7548641
Cluster_14238	SAMEA2783445,SAMEA2783600
Cluster_14423	SAMEA2783403,SAMEA2710788
Cluster_14432	SAMEA2783094,SAMEA2783236,SAMEA2783165,SAMEA2783511,SAMEA2782900,SAMEA2783418,SAMEA2782847,SAMEA2710738,SAMN13735709,SAMEA2711063,SAMEA2782923,SAMEA2783016,SAMEA2783097,SAMEA2783283,SAMEA2710699,SAMEA2783278,SAMEA2783040,SAMN14416727,SAMEA2783044,SAMEA2783173,SAMN14416941,SAMEA2783625,SAMEA2783337,SAMEA2783230,SAMEA2710711,SAMEA2783229,SAMEA2710860,SAMN14416956,SAMEA2783547,SAMEA2782976,SAMEA2783102,SAMEA114757864,SAMN14417281,SAMEA2710911,SAMEA2783131,SAMEA2783413
Cluster_14434	SAMEA2782941,SAMEA2783205,SAMN14416918,SAMN14417034,SAMN31672683,SAMN14417293,SAMEA2710869,SAMEA2783274,SAMN13735721,SAMN14417144
Cluster_14459	SAMEA2782884,SAMEA2783144
Cluster_14464	SAMEA2783293,SAMEA2710945,SAMEA2783318,SAMEA2783315,SAMEA2783111,SAMEA2783069,SAMEA2710923,SAMEA2710739,SAMEA2710692,SAMEA2783515,SAMEA2710769,SAMEA2710882,SAMEA114757852,SAMEA2783023,SAMEA2783035,SAMEA2783373,SAMEA2783583,SAMEA2533789,SAMN10462558,SAMN06279782,SAMEA2782890,SAMEA2711008,SAMEA2783415,SAMN14416870,SAMEA2783254,SAMEA2710723,SAMEA2782896,SAMEA2783043,SAMEA2783113
Cluster_14542	SAMN07236497,SAMN07236426,SAMEA2783134,SAMEA2783325
Cluster_14566	SAMN14417299,SAMEA2783090
Cluster_14575	SAMEA2710933,SAMEA2534335
Cluster_14621	SAMEA2710864,SAMEA2783313
Cluster_14637	SAMN33018134,SAMEA2783407
Cluster_14639	SAMEA2710965,SAMEA2782997,SAMEA2782981
Cluster_14684	SAMEA7129278,SAMN07236407,SAMEA2783001,SAMN31030369,SAMN07236507,SAMEA2783518,SAMN07236477
Cluster_14685	SAMN31674192,SAMN31674178,SAMN14416970,SAMEA2710876,SAMEA2783460,SAMEA2783141,SAMEA2783567
Cluster_14640	SAMEA2783177,SAMEA2783163,SAMEA2782904,SAMEA2783512,SAMEA2783291,SAMEA2782888,SAMN07236325,SAMEA2711041,SAMEA2711004,SAMEA2782916,SAMEA2783332
Cluster_14686	SAMN06279757,SAMEA2783151,SAMN06279784
Cluster_14872	SAMN14416979,SAMN14416993,SAMN14416809,SAMN09425877,SAMN14417022,SAMEA2783388,SAMN15347472,SAMN14416769,SAMN14416802,SAMN41403654,SAMN33018120,SAMN14416798,SAMN07236400,SAMN31031122,SAMN14416782,SAMN07236366,SAMEA2782882,SAMEA2710721,SAMN07236364,SAMN14416801,SAMEA114757894,SAMN14417181,SAMN14417043,SAMN14417021,SAMN14416988,SAMN14416896,SAMN33018126,SAMEA2710706,SAMN14416916,SAMN14416940,SAMN33018155,SAMN14416781,SAMN06279753,SAMN14416877,SAMEA2783290
Cluster_14882	SAMN14417275,SAMN13735704,SAMEA7554589,SAMEA111556237,SAMEA2535154,SAMEA2533646,SAMN14417235,SAMEA2710808,SAMN13735009,SAMN07236514,SAMN14416826,SAMN14417129,SAMN14416718,SAMN14417165,SAMEA2710962
Cluster_14898	SAMEA7549953,SAMN39286790,SAMEA2783316,SAMN07236464,SAMN27763052,SAMEA7554470,SAMN14416895,SAMN07236442,SAMEA2782995,SAMEA7555965,SAMEA2783578,SAMN34257501,SAMN07236481,SAMN07236448,SAMEA2783537,SAMN31673362,SAMN31673737,SAMN31672877,SAMN31673155,SAMN31672839,SAMN31672838,SAMEA112803723,SAMEA7562038,SAMEA2710737,SAMN07236470,SAMEA2783008,SAMN30962881,SAMN30962577,SAMN14417068,SAMN31672983,SAMN14417051,SAMN31673721,SAMEA104394481,SAMEA2710880,SAMEA2783266,SAMEA2783448,SAMEA2782822,SAMEA2783252,SAMEA2783492,SAMN31031288,SAMEA2783323,SAMEA2782967,SAMN07236463
Cluster_1494	SAMEA968125,SAMEA968146,SAMEA968128
Cluster_15083	SAMN33018143,SAMN33018171,SAMEA2783383,SAMN33018166
Cluster_15088	SAMEA2783186,SAMEA2783145
Cluster_15090	SAMEA2782919,SAMEA2783104
Cluster_3473	SAMEA2710935,SAMEA2783183,SAMEA2783185
Cluster_3527	SAMEA2710948,SAMEA2783572,SAMEA2783133,SAMEA2782831,SAMEA2710786
Cluster_3657	SAMEA2783160,SAMEA2783484
Cluster_3660	SAMEA2783560,SAMEA2782908
Cluster_3674	SAMEA2710710,SAMEA2782960,SAMEA2783494
Cluster_3689	SAMEA1405928,SAMN03647429,SAMEA2783508
Cluster_3995	SAMEA2783095,SAMEA2783191
Cluster_4010	SAMEA2711062,SAMEA2783540
Cluster_4422	SAMEA2783466,SAMEA2783410
Cluster_4662	SAMEA2782874,SAMEA2783333,SAMEA2783057,SAMEA2782959,SAMEA2710752,SAMEA2782850,SAMEA2710908
Cluster_4936	SAMEA2782986,SAMEA2783609
Cluster_50	SAMEA2782863,SAMEA2782998,SAMEA2783385
Cluster_5956	SAMEA2783282,SAMEA2710705,SAMEA2710798
Cluster_6015	SAMEA2710773,SAMEA115164421,SAMEA14269013
Cluster_6113	SAMEA2783329,SAMEA2783123
Cluster_6547	SAMEA2783339,SAMEA2783223
Cluster_6756	SAMEA2782971,SAMEA2783039
Cluster_7081	SAMN06279769,SAMEA2783017,SAMEA2710785,SAMEA2710805,SAMEA2710746
Cluster_7170	SAMEA2710767,SAMEA2783440
Cluster_7335	SAMEA2783559,SAMN06279766,SAMEA2710840,SAMEA2710960,SAMEA2783292,SAMEA2783523,SAMEA2783112
Cluster_7587	SAMEA2783066,SAMEA2783475
Cluster_7600	SAMEA2710954,SAMEA2783239,SAMEA2783240
Cluster_7747	SAMEA2710992,SAMEA2782943,SAMEA2783391
Cluster_7846	SAMEA2783280,SAMEA2782918,SAMEA2783614
Cluster_7870	SAMEA2782827,SAMEA2711018,SAMEA2783399,SAMEA2710745,SAMEA2782913,SAMEA2710700,SAMEA2710725,SAMEA2783579,SAMEA2783208,SAMEA2710846,SAMEA2782914,SAMEA2710747,SAMEA2783029
Cluster_7999	SAMEA2710778,SAMEA2782860,SAMEA2782818,SAMEA2783298
Cluster_8250	SAMEA2783465,SAMEA2710697
Cluster_8442	SAMEA2783159,SAMEA2783206,SAMEA2783507
Cluster_8508	SAMEA2783377,SAMEA2783098,SAMEA2783443,SAMEA2782932
Cluster_8640	SAMEA2783427,SAMEA2783203,SAMEA2710920,SAMEA2782907
Cluster_8644	SAMEA2783548,SAMEA2710944
Cluster_8679	SAMEA2710903,SAMEA2710828
Cluster_8851	SAMN14417164,SAMN14416828,SAMN14417122,SAMEA2782897,SAMN07236413,SAMN14417123,SAMN14416919,SAMN14416949
Cluster_8865	SAMEA2710771,SAMEA2710704
Cluster_9056	SAMEA2783573,SAMEA2783546,SAMEA2783154
Cluster_9057	SAMEA2710845,SAMEA2783522
Cluster_9073	SAMEA2711035,SAMEA2710852,SAMEA2783442,SAMEA2782974,SAMEA2783184
Cluster_9212	SAMEA2782931,SAMEA2783519,SAMEA114757843
Cluster_9399	SAMEA2783347,SAMEA2783065
Cluster_9432	SAMEA2783607,SAMEA2783581
Cluster_9445	SAMEA2783328,SAMEA2783026,SAMEA2783521
Cluster_9450	SAMEA2783588,SAMEA2783092
Cluster_9618	SAMEA2783330,SAMEA2783195,SAMEA2783499
Cluster_9741	SAMEA2711039,SAMEA2783259
Cluster_9752	SAMEA2783472,SAMEA2711029,SAMEA2783331,SAMEA2711001
Cluster_9753	SAMEA2711014,SAMEA2783474,SAMEA2710883,SAMEA114757866
Cluster_9759	SAMEA2710839,SAMEA2783517,SAMEA2783234
Cluster_9886	SAMEA2782841,SAMEA2782819
Cluster_9950	SAMEA114757889,SAMEA2710970,SAMEA2783010
