"Samples","Filogenia1","Filogenia2"
"SAMEA2710935","Renamed_cluster_99","Renamed_cluster_99"
"SAMEA2783183","Renamed_cluster_99","Renamed_cluster_99"
"SAMEA2783185","Renamed_cluster_99","Renamed_cluster_99"
"SAMEA104394481","Renamed_cluster_98","Renamed_cluster_98"
"SAMEA112803723","Renamed_cluster_98","Renamed_cluster_98"
"SAMEA2710737","Renamed_cluster_98","Renamed_cluster_98"
"SAMEA2710880","Renamed_cluster_98","Renamed_cluster_98"
"SAMEA2782822","Renamed_cluster_98","Renamed_cluster_98"
"SAMEA2782967","Renamed_cluster_98","Renamed_cluster_98"
"SAMEA2782995","Renamed_cluster_98","Renamed_cluster_98"
"SAMEA2783008","Renamed_cluster_98","Renamed_cluster_98"
"SAMEA2783252","Renamed_cluster_98","Renamed_cluster_98"
"SAMEA2783266","Renamed_cluster_98","Renamed_cluster_98"
"SAMEA2783316","Renamed_cluster_98","Renamed_cluster_98"
"SAMEA2783323","Renamed_cluster_98","Renamed_cluster_98"
"SAMEA2783448","Renamed_cluster_98","Renamed_cluster_98"
"SAMEA2783492","Renamed_cluster_98","Renamed_cluster_98"
"SAMEA2783537","Renamed_cluster_98","Renamed_cluster_98"
"SAMEA2783578","Renamed_cluster_98","Renamed_cluster_98"
"SAMEA7549953","Renamed_cluster_98","Renamed_cluster_98"
"SAMEA7554470","Renamed_cluster_98","Renamed_cluster_98"
"SAMEA7555965","Renamed_cluster_98","Renamed_cluster_98"
"SAMEA7562038","Renamed_cluster_98","Renamed_cluster_98"
"SAMN07236442","Renamed_cluster_98","Renamed_cluster_98"
"SAMN07236448","Renamed_cluster_98","Renamed_cluster_98"
"SAMN07236463","Renamed_cluster_98","Renamed_cluster_98"
"SAMN07236464","Renamed_cluster_98","Renamed_cluster_98"
"SAMN07236470","Renamed_cluster_98","Renamed_cluster_98"
"SAMN07236481","Renamed_cluster_98","Renamed_cluster_98"
"SAMN14416895","Renamed_cluster_98","Renamed_cluster_98"
"SAMN14417051","Renamed_cluster_98","Renamed_cluster_98"
"SAMN14417068","Renamed_cluster_98","Renamed_cluster_98"
"SAMN27763052","Renamed_cluster_98","Renamed_cluster_98"
"SAMN30962577","Renamed_cluster_98","Renamed_cluster_98"
"SAMN30962881","Renamed_cluster_98","Renamed_cluster_98"
"SAMN31031288","Renamed_cluster_98","Renamed_cluster_98"
"SAMN31672838","Renamed_cluster_98","Renamed_cluster_98"
"SAMN31672839","Renamed_cluster_98","Renamed_cluster_98"
"SAMN31672877","Renamed_cluster_98","Renamed_cluster_98"
"SAMN31672983","Renamed_cluster_98","Renamed_cluster_98"
"SAMN31673155","Renamed_cluster_98","Renamed_cluster_98"
"SAMN31673362","Renamed_cluster_98","Renamed_cluster_98"
"SAMN31673721","Renamed_cluster_98","Renamed_cluster_98"
"SAMN31673737","Renamed_cluster_98","Renamed_cluster_98"
"SAMN34257501","Renamed_cluster_98","Renamed_cluster_98"
"SAMN39286790","Renamed_cluster_98","Renamed_cluster_98"
"SAMEA2710788","Renamed_cluster_97","Renamed_cluster_97"
"SAMEA2783403","Renamed_cluster_97","Renamed_cluster_97"
"SAMEA1018917","Renamed_cluster_96","Renamed_cluster_96"
"SAMEA1018955","Renamed_cluster_96","Renamed_cluster_96"
"SAMEA1019097","Renamed_cluster_96","Renamed_cluster_96"
"SAMEA2534716","Renamed_cluster_96","Renamed_cluster_96"
"SAMEA2710712","Renamed_cluster_96","Renamed_cluster_96"
"SAMEA2710964","Renamed_cluster_96","Renamed_cluster_96"
"SAMEA2710977","Renamed_cluster_96","Renamed_cluster_96"
"SAMEA2782851","Renamed_cluster_96","Renamed_cluster_96"
"SAMEA2782857","Renamed_cluster_96","Renamed_cluster_96"
"SAMEA2782864","Renamed_cluster_96","Renamed_cluster_96"
"SAMEA2783271","Renamed_cluster_96","Renamed_cluster_96"
"SAMEA2783356","Renamed_cluster_96","Renamed_cluster_96"
"SAMEA2783425","Renamed_cluster_96","Renamed_cluster_96"
"SAMEA3404189","Renamed_cluster_96","Renamed_cluster_96"
"SAMEA7548615","Renamed_cluster_96","Renamed_cluster_96"
"SAMEA7548641","Renamed_cluster_96","Renamed_cluster_96"
"SAMN03647315","Renamed_cluster_96","Renamed_cluster_96"
"SAMN07236391","Renamed_cluster_96","Renamed_cluster_96"
"SAMN07236500","Renamed_cluster_96","Renamed_cluster_96"
"SAMN14416770","Renamed_cluster_96","Renamed_cluster_96"
"SAMN31030311","Renamed_cluster_96","Renamed_cluster_96"
"SAMN33018144","Renamed_cluster_96","Renamed_cluster_96"
"SAMEA2710864","Renamed_cluster_95","Renamed_cluster_95"
"SAMEA2783313","Renamed_cluster_95","Renamed_cluster_95"
"SAMEA2783134","Renamed_cluster_94","Renamed_cluster_94"
"SAMEA2783325","Renamed_cluster_94","Renamed_cluster_94"
"SAMN07236426","Renamed_cluster_94","Renamed_cluster_94"
"SAMN07236497","Renamed_cluster_94","Renamed_cluster_94"
"SAMEA2782884","Renamed_cluster_93","Renamed_cluster_93"
"SAMEA2783144","Renamed_cluster_93","Renamed_cluster_93"
"SAMEA2783445","Renamed_cluster_92","Renamed_cluster_92"
"SAMEA2783600","Renamed_cluster_92","Renamed_cluster_92"
"SAMEA2783090","Renamed_cluster_91","Renamed_cluster_91"
"SAMN14417299","Renamed_cluster_91","Renamed_cluster_91"
"SAMEA2710965","Renamed_cluster_90","Renamed_cluster_90"
"SAMEA2782981","Renamed_cluster_90","Renamed_cluster_90"
"SAMEA2782997","Renamed_cluster_90","Renamed_cluster_90"
"SAMEA2711001","Renamed_cluster_9","Renamed_cluster_9"
"SAMEA2711029","Renamed_cluster_9","Renamed_cluster_9"
"SAMEA2783331","Renamed_cluster_9","Renamed_cluster_9"
"SAMEA2783472","Renamed_cluster_9","Renamed_cluster_9"
"SAMEA2783407","Renamed_cluster_89","Renamed_cluster_89"
"SAMN33018134","Renamed_cluster_89","Renamed_cluster_89"
"SAMEA114757852","Renamed_cluster_88","Renamed_cluster_88"
"SAMEA2533789","Renamed_cluster_88","Renamed_cluster_88"
"SAMEA2710692","Renamed_cluster_88","Renamed_cluster_88"
"SAMEA2710723","Renamed_cluster_88","Renamed_cluster_88"
"SAMEA2710739","Renamed_cluster_88","Renamed_cluster_88"
"SAMEA2710769","Renamed_cluster_88","Renamed_cluster_88"
"SAMEA2710882","Renamed_cluster_88","Renamed_cluster_88"
"SAMEA2710923","Renamed_cluster_88","Renamed_cluster_88"
"SAMEA2710945","Renamed_cluster_88","Renamed_cluster_88"
"SAMEA2711008","Renamed_cluster_88","Renamed_cluster_88"
"SAMEA2782890","Renamed_cluster_88","Renamed_cluster_88"
"SAMEA2782896","Renamed_cluster_88","Renamed_cluster_88"
"SAMEA2783023","Renamed_cluster_88","Renamed_cluster_88"
"SAMEA2783035","Renamed_cluster_88","Renamed_cluster_88"
"SAMEA2783043","Renamed_cluster_88","Renamed_cluster_88"
"SAMEA2783069","Renamed_cluster_88","Renamed_cluster_88"
"SAMEA2783111","Renamed_cluster_88","Renamed_cluster_88"
"SAMEA2783113","Renamed_cluster_88","Renamed_cluster_88"
"SAMEA2783254","Renamed_cluster_88","Renamed_cluster_88"
"SAMEA2783293","Renamed_cluster_88","Renamed_cluster_88"
"SAMEA2783315","Renamed_cluster_88","Renamed_cluster_88"
"SAMEA2783318","Renamed_cluster_88","Renamed_cluster_88"
"SAMEA2783373","Renamed_cluster_88","Renamed_cluster_88"
"SAMEA2783415","Renamed_cluster_88","Renamed_cluster_88"
"SAMEA2783515","Renamed_cluster_88","Renamed_cluster_88"
"SAMEA2783583","Renamed_cluster_88","Renamed_cluster_88"
"SAMN06279782","Renamed_cluster_88","Renamed_cluster_88"
"SAMN10462558","Renamed_cluster_88","Renamed_cluster_88"
"SAMN14416870","Renamed_cluster_88","Renamed_cluster_88"
"SAMEA2710869","Renamed_cluster_87","Renamed_cluster_87"
"SAMEA2782941","Renamed_cluster_87","Renamed_cluster_87"
"SAMEA2783205","Renamed_cluster_87","Renamed_cluster_87"
"SAMEA2783274","Renamed_cluster_87","Renamed_cluster_87"
"SAMN13735721","Renamed_cluster_87","Renamed_cluster_87"
"SAMN14416918","Renamed_cluster_87","Renamed_cluster_87"
"SAMN14417034","Renamed_cluster_87","Renamed_cluster_87"
"SAMN14417144","Renamed_cluster_87","Renamed_cluster_87"
"SAMN14417293","Renamed_cluster_87","Renamed_cluster_87"
"SAMN31672683","Renamed_cluster_87","Renamed_cluster_87"
"SAMEA114757864","Renamed_cluster_86","Renamed_cluster_86"
"SAMEA2710699","Renamed_cluster_86","Renamed_cluster_86"
"SAMEA2710711","Renamed_cluster_86","Renamed_cluster_86"
"SAMEA2710738","Renamed_cluster_86","Renamed_cluster_86"
"SAMEA2710860","Renamed_cluster_86","Renamed_cluster_86"
"SAMEA2710911","Renamed_cluster_86","Renamed_cluster_86"
"SAMEA2711063","Renamed_cluster_86","Renamed_cluster_86"
"SAMEA2782847","Renamed_cluster_86","Renamed_cluster_86"
"SAMEA2782900","Renamed_cluster_86","Renamed_cluster_86"
"SAMEA2782923","Renamed_cluster_86","Renamed_cluster_86"
"SAMEA2782976","Renamed_cluster_86","Renamed_cluster_86"
"SAMEA2783016","Renamed_cluster_86","Renamed_cluster_86"
"SAMEA2783040","Renamed_cluster_86","Renamed_cluster_86"
"SAMEA2783044","Renamed_cluster_86","Renamed_cluster_86"
"SAMEA2783094","Renamed_cluster_86","Renamed_cluster_86"
"SAMEA2783097","Renamed_cluster_86","Renamed_cluster_86"
"SAMEA2783102","Renamed_cluster_86","Renamed_cluster_86"
"SAMEA2783131","Renamed_cluster_86","Renamed_cluster_86"
"SAMEA2783165","Renamed_cluster_86","Renamed_cluster_86"
"SAMEA2783173","Renamed_cluster_86","Renamed_cluster_86"
"SAMEA2783229","Renamed_cluster_86","Renamed_cluster_86"
"SAMEA2783230","Renamed_cluster_86","Renamed_cluster_86"
"SAMEA2783236","Renamed_cluster_86","Renamed_cluster_86"
"SAMEA2783278","Renamed_cluster_86","Renamed_cluster_86"
"SAMEA2783283","Renamed_cluster_86","Renamed_cluster_86"
"SAMEA2783337","Renamed_cluster_86","Renamed_cluster_86"
"SAMEA2783413","Renamed_cluster_86","Renamed_cluster_86"
"SAMEA2783418","Renamed_cluster_86","Renamed_cluster_86"
"SAMEA2783511","Renamed_cluster_86","Renamed_cluster_86"
"SAMEA2783547","Renamed_cluster_86","Renamed_cluster_86"
"SAMEA2783625","Renamed_cluster_86","Renamed_cluster_86"
"SAMN13735709","Renamed_cluster_86","Renamed_cluster_86"
"SAMN14416727","Renamed_cluster_86","Renamed_cluster_86"
"SAMN14416941","Renamed_cluster_86","Renamed_cluster_86"
"SAMN14416956","Renamed_cluster_86","Renamed_cluster_86"
"SAMN14417281","Renamed_cluster_86","Renamed_cluster_86"
"SAMEA2783054","Renamed_cluster_85","Renamed_cluster_85"
"SAMEA2783606","Renamed_cluster_85","Renamed_cluster_85"
"SAMEA2711003","Renamed_cluster_84","Renamed_cluster_84"
"SAMEA2782856","Renamed_cluster_84","Renamed_cluster_84"
"SAMEA2783164","Renamed_cluster_84","Renamed_cluster_84"
"SAMEA2297074","Renamed_cluster_83","Renamed_cluster_83"
"SAMEA2783473","Renamed_cluster_83","Renamed_cluster_83"
"SAMEA2710748","Renamed_cluster_82","Renamed_cluster_82"
"SAMEA2710776","Renamed_cluster_82","Renamed_cluster_82"
"SAMEA2783027","Renamed_cluster_82","Renamed_cluster_82"
"SAMEA2783432","Renamed_cluster_82","Renamed_cluster_82"
"SAMN14417050","Renamed_cluster_82","Renamed_cluster_82"
"SAMEA2710821","Renamed_cluster_81","Renamed_cluster_81"
"SAMEA2710872","Renamed_cluster_81","Renamed_cluster_81"
"SAMEA2710926","Renamed_cluster_81","Renamed_cluster_81"
"SAMEA2783528","Renamed_cluster_81","Renamed_cluster_81"
"SAMEA2534872","Renamed_cluster_80","Renamed_cluster_80"
"SAMEA2710733","Renamed_cluster_80","Renamed_cluster_80"
"SAMEA3451232","Renamed_cluster_80","Renamed_cluster_80"
"SAMEA2710839","Renamed_cluster_8","Renamed_cluster_8"
"SAMEA2783234","Renamed_cluster_8","Renamed_cluster_8"
"SAMEA2783517","Renamed_cluster_8","Renamed_cluster_8"
"SAMEA2782961","Renamed_cluster_79","Renamed_cluster_79"
"SAMEA2783539","Renamed_cluster_79","Renamed_cluster_79"
"SAMEA2534335","Renamed_cluster_78","Renamed_cluster_78"
"SAMEA2710933","Renamed_cluster_78","Renamed_cluster_78"
"SAMEA2710806","Renamed_cluster_77","Renamed_cluster_77"
"SAMEA2783453","Renamed_cluster_77","Renamed_cluster_77"
"SAMEA2710707","Renamed_cluster_76","Renamed_cluster_76"
"SAMEA2710917","Renamed_cluster_76","Renamed_cluster_76"
"SAMEA2783380","Renamed_cluster_75","Renamed_cluster_75"
"SAMN07236343","Renamed_cluster_75","Renamed_cluster_75"
"SAMEA2782893","Renamed_cluster_74","Renamed_cluster_74"
"SAMEA2782962","Renamed_cluster_74","Renamed_cluster_74"
"SAMEA13119942","Renamed_cluster_73","Renamed_cluster_73"
"SAMEA2783620","Renamed_cluster_73","Renamed_cluster_73"
"SAMEA2710719","Renamed_cluster_72","Renamed_cluster_72"
"SAMEA2782852","Renamed_cluster_72","Renamed_cluster_72"
"SAMEA2782886","Renamed_cluster_72","Renamed_cluster_72"
"SAMEA2783152","Renamed_cluster_72","Renamed_cluster_72"
"SAMEA2783526","Renamed_cluster_72","Renamed_cluster_72"
"SAMEA3448210","Renamed_cluster_72","Renamed_cluster_72"
"SAMN04276737","Renamed_cluster_71","Renamed_cluster_71"
"SAMN07236423","Renamed_cluster_71","Renamed_cluster_71"
"SAMEA2711050","Renamed_cluster_70","Renamed_cluster_70"
"SAMEA2782820","Renamed_cluster_70","Renamed_cluster_70"
"SAMEA2782908","Renamed_cluster_7","Renamed_cluster_7"
"SAMEA2783560","Renamed_cluster_7","Renamed_cluster_7"
"SAMEA2783305","Renamed_cluster_69","Renamed_cluster_69"
"SAMEA2783396","Renamed_cluster_69","Renamed_cluster_69"
"SAMEA2710981","Renamed_cluster_68","Renamed_cluster_68"
"SAMEA2782902","Renamed_cluster_68","Renamed_cluster_68"
"SAMEA2783286","Renamed_cluster_68","Renamed_cluster_68"
"SAMEA2783014","Renamed_cluster_67","Renamed_cluster_67"
"SAMEA2783378","Renamed_cluster_67","Renamed_cluster_67"
"SAMEA2783135","Renamed_cluster_66","Renamed_cluster_66"
"SAMEA2783138","Renamed_cluster_66","Renamed_cluster_66"
"SAMEA2783190","Renamed_cluster_66","Renamed_cluster_66"
"SAMEA2710984","Renamed_cluster_65","Renamed_cluster_65"
"SAMEA2783161","Renamed_cluster_65","Renamed_cluster_65"
"SAMN07766145","Renamed_cluster_65","Renamed_cluster_65"
"SAMEA2783355","Renamed_cluster_64","Renamed_cluster_64"
"SAMN14417245","Renamed_cluster_64","Renamed_cluster_64"
"SAMN31030497","Renamed_cluster_64","Renamed_cluster_64"
"SAMEA2783376","Renamed_cluster_63","Renamed_cluster_63"
"SAMN07236436","Renamed_cluster_63","Renamed_cluster_63"
"SAMN39286824","Renamed_cluster_63","Renamed_cluster_63"
"SAMEA2710930","Renamed_cluster_62","Renamed_cluster_62"
"SAMN07236504","Renamed_cluster_62","Renamed_cluster_62"
"SAMEA2710686","Renamed_cluster_61","Renamed_cluster_61"
"SAMEA2710820","Renamed_cluster_61","Renamed_cluster_61"
"SAMN14417059","Renamed_cluster_61","Renamed_cluster_61"
"SAMEA2711062","Renamed_cluster_60","Renamed_cluster_60"
"SAMEA2783540","Renamed_cluster_60","Renamed_cluster_60"
"SAMEA2783320","Renamed_cluster_6","Renamed_cluster_6"
"SAMN06279767","Renamed_cluster_6","Renamed_cluster_6"
"SAMEA2710829","Renamed_cluster_59","Renamed_cluster_59"
"SAMEA2782992","Renamed_cluster_59","Renamed_cluster_59"
"SAMEA2710861","Renamed_cluster_58","Renamed_cluster_58"
"SAMEA2783196","Renamed_cluster_58","Renamed_cluster_58"
"SAMEA2710783","Renamed_cluster_57","Renamed_cluster_57"
"SAMEA2783372","Renamed_cluster_57","Renamed_cluster_57"
"SAMEA2783095","Renamed_cluster_56","Renamed_cluster_56"
"SAMEA2783191","Renamed_cluster_56","Renamed_cluster_56"
"SAMEA2711016","Renamed_cluster_55","Renamed_cluster_55"
"SAMEA2783284","Renamed_cluster_55","Renamed_cluster_55"
"SAMEA2711030","Renamed_cluster_54","Renamed_cluster_54"
"SAMEA2783011","Renamed_cluster_54","Renamed_cluster_54"
"SAMEA2783576","Renamed_cluster_53","Renamed_cluster_53"
"SAMEA5282369","Renamed_cluster_53","Renamed_cluster_53"
"SAMN04276839","Renamed_cluster_53","Renamed_cluster_53"
"SAMN04276841","Renamed_cluster_53","Renamed_cluster_53"
"SAMEA2710717","Renamed_cluster_52","Renamed_cluster_52"
"SAMEA2783034","Renamed_cluster_52","Renamed_cluster_52"
"SAMEA2783509","Renamed_cluster_51","Renamed_cluster_51"
"SAMEA2783541","Renamed_cluster_51","Renamed_cluster_51"
"SAMEA2783083","Renamed_cluster_50","Renamed_cluster_50"
"SAMEA2783201","Renamed_cluster_50","Renamed_cluster_50"
"SAMEA2782979","Renamed_cluster_5","Renamed_cluster_5"
"SAMEA2783024","Renamed_cluster_5","Renamed_cluster_5"
"SAMEA2783087","Renamed_cluster_5","Renamed_cluster_5"
"SAMEA2783471","Renamed_cluster_5","Renamed_cluster_5"
"SAMN31673899","Renamed_cluster_5","Renamed_cluster_5"
"SAMEA114757884","Renamed_cluster_49","Renamed_cluster_49"
"SAMEA2783220","Renamed_cluster_49","Renamed_cluster_49"
"SAMN14417214","Renamed_cluster_49","Renamed_cluster_49"
"SAMEA2710816","Renamed_cluster_48","Renamed_cluster_48"
"SAMEA2710924","Renamed_cluster_48","Renamed_cluster_48"
"SAMEA2711061","Renamed_cluster_48","Renamed_cluster_48"
"SAMEA2783180","Renamed_cluster_48","Renamed_cluster_48"
"SAMEA2783327","Renamed_cluster_48","Renamed_cluster_48"
"SAMEA2783288","Renamed_cluster_47","Renamed_cluster_47"
"SAMEA2783392","Renamed_cluster_47","Renamed_cluster_47"
"SAMEA2783544","Renamed_cluster_47","Renamed_cluster_47"
"SAMEA2783022","Renamed_cluster_46","Renamed_cluster_46"
"SAMEA2783091","Renamed_cluster_46","Renamed_cluster_46"
"SAMEA2783395","Renamed_cluster_46","Renamed_cluster_46"
"SAMEA2782844","Renamed_cluster_45","Renamed_cluster_45"
"SAMEA2783419","Renamed_cluster_45","Renamed_cluster_45"
"SAMEA2710909","Renamed_cluster_44","Renamed_cluster_44"
"SAMN06279786","Renamed_cluster_44","Renamed_cluster_44"
"SAMEA2711013","Renamed_cluster_43","Renamed_cluster_43"
"SAMEA2783036","Renamed_cluster_43","Renamed_cluster_43"
"SAMEA2783072","Renamed_cluster_42","Renamed_cluster_42"
"SAMN08851384","Renamed_cluster_42","Renamed_cluster_42"
"SAMEA2783048","Renamed_cluster_41","Renamed_cluster_41"
"SAMEA2783146","Renamed_cluster_41","Renamed_cluster_41"
"SAMEA2783018","Renamed_cluster_40","Renamed_cluster_40"
"SAMEA2783463","Renamed_cluster_40","Renamed_cluster_40"
"SAMEA2710957","Renamed_cluster_4","Renamed_cluster_4"
"SAMEA2782889","Renamed_cluster_4","Renamed_cluster_4"
"SAMEA2783319","Renamed_cluster_4","Renamed_cluster_4"
"SAMEA2783170","Renamed_cluster_39","Renamed_cluster_39"
"SAMN14416881","Renamed_cluster_39","Renamed_cluster_39"
"SAMN39286745","Renamed_cluster_39","Renamed_cluster_39"
"SAMEA2710868","Renamed_cluster_38","Renamed_cluster_38"
"SAMEA2710914","Renamed_cluster_38","Renamed_cluster_38"
"SAMEA2782983","Renamed_cluster_38","Renamed_cluster_38"
"SAMEA2782878","Renamed_cluster_37","Renamed_cluster_37"
"SAMEA2783006","Renamed_cluster_37","Renamed_cluster_37"
"SAMEA114757845","Renamed_cluster_36","Renamed_cluster_36"
"SAMEA2783514","Renamed_cluster_36","Renamed_cluster_36"
"SAMEA2710695","Renamed_cluster_35","Renamed_cluster_35"
"SAMEA2783167","Renamed_cluster_35","Renamed_cluster_35"
"SAMEA2710790","Renamed_cluster_34","Renamed_cluster_34"
"SAMEA2783543","Renamed_cluster_34","Renamed_cluster_34"
"SAMEA2710797","Renamed_cluster_33","Renamed_cluster_33"
"SAMEA2710942","Renamed_cluster_33","Renamed_cluster_33"
"SAMEA2782957","Renamed_cluster_33","Renamed_cluster_33"
"SAMEA2782899","Renamed_cluster_32","Renamed_cluster_32"
"SAMEA2783118","Renamed_cluster_32","Renamed_cluster_32"
"SAMEA2783193","Renamed_cluster_32","Renamed_cluster_32"
"SAMEA2783534","Renamed_cluster_32","Renamed_cluster_32"
"SAMEA2710986","Renamed_cluster_31","Renamed_cluster_31"
"SAMEA2711010","Renamed_cluster_31","Renamed_cluster_31"
"SAMEA2783470","Renamed_cluster_31","Renamed_cluster_31"
"SAMEA2710761","Renamed_cluster_30","Renamed_cluster_30"
"SAMEA2710803","Renamed_cluster_30","Renamed_cluster_30"
"SAMEA2710833","Renamed_cluster_30","Renamed_cluster_30"
"SAMEA2710854","Renamed_cluster_30","Renamed_cluster_30"
"SAMEA2782879","Renamed_cluster_30","Renamed_cluster_30"
"SAMEA2782973","Renamed_cluster_30","Renamed_cluster_30"
"SAMEA2782984","Renamed_cluster_30","Renamed_cluster_30"
"SAMEA2783031","Renamed_cluster_30","Renamed_cluster_30"
"SAMEA2783076","Renamed_cluster_30","Renamed_cluster_30"
"SAMEA2783085","Renamed_cluster_30","Renamed_cluster_30"
"SAMEA2783121","Renamed_cluster_30","Renamed_cluster_30"
"SAMEA2783155","Renamed_cluster_30","Renamed_cluster_30"
"SAMEA2783168","Renamed_cluster_30","Renamed_cluster_30"
"SAMEA2783289","Renamed_cluster_30","Renamed_cluster_30"
"SAMEA2783306","Renamed_cluster_30","Renamed_cluster_30"
"SAMEA2783340","Renamed_cluster_30","Renamed_cluster_30"
"SAMEA2783344","Renamed_cluster_30","Renamed_cluster_30"
"SAMEA2783436","Renamed_cluster_30","Renamed_cluster_30"
"SAMEA2783437","Renamed_cluster_30","Renamed_cluster_30"
"SAMEA2783532","Renamed_cluster_30","Renamed_cluster_30"
"SAMEA2783584","Renamed_cluster_30","Renamed_cluster_30"
"SAMN06279770","Renamed_cluster_30","Renamed_cluster_30"
"SAMN06279771","Renamed_cluster_30","Renamed_cluster_30"
"SAMN06279772","Renamed_cluster_30","Renamed_cluster_30"
"SAMEA2782819","Renamed_cluster_3","Renamed_cluster_3"
"SAMEA2782841","Renamed_cluster_3","Renamed_cluster_3"
"SAMEA2711026","Renamed_cluster_29","Renamed_cluster_29"
"SAMEA2782975","Renamed_cluster_29","Renamed_cluster_29"
"SAMEA2783101","Renamed_cluster_29","Renamed_cluster_29"
"SAMEA2783343","Renamed_cluster_29","Renamed_cluster_29"
"SAMEA2710760","Renamed_cluster_28","Renamed_cluster_28"
"SAMEA2710811","Renamed_cluster_28","Renamed_cluster_28"
"SAMEA2782980","Renamed_cluster_28","Renamed_cluster_28"
"SAMEA2783179","Renamed_cluster_28","Renamed_cluster_28"
"SAMEA2711028","Renamed_cluster_27","Renamed_cluster_27"
"SAMEA2783107","Renamed_cluster_27","Renamed_cluster_27"
"SAMEA2710826","Renamed_cluster_26","Renamed_cluster_26"
"SAMEA2782833","Renamed_cluster_26","Renamed_cluster_26"
"SAMEA2782846","Renamed_cluster_26","Renamed_cluster_26"
"SAMEA2782929","Renamed_cluster_26","Renamed_cluster_26"
"SAMEA2783099","Renamed_cluster_26","Renamed_cluster_26"
"SAMEA2782880","Renamed_cluster_25","Renamed_cluster_25"
"SAMEA2783345","Renamed_cluster_25","Renamed_cluster_25"
"SAMEA2710722","Renamed_cluster_24","Renamed_cluster_24"
"SAMEA2710762","Renamed_cluster_24","Renamed_cluster_24"
"SAMEA2782845","Renamed_cluster_24","Renamed_cluster_24"
"SAMEA2783267","Renamed_cluster_24","Renamed_cluster_24"
"SAMEA112804368","Renamed_cluster_23","Renamed_cluster_23"
"SAMEA2534823","Renamed_cluster_23","Renamed_cluster_23"
"SAMEA2783569","Renamed_cluster_23","Renamed_cluster_23"
"SAMN31030074","Renamed_cluster_23","Renamed_cluster_23"
"SAMN31030395","Renamed_cluster_23","Renamed_cluster_23"
"SAMN31030431","Renamed_cluster_23","Renamed_cluster_23"
"SAMN31030443","Renamed_cluster_23","Renamed_cluster_23"
"SAMN31030468","Renamed_cluster_23","Renamed_cluster_23"
"SAMN31031235","Renamed_cluster_23","Renamed_cluster_23"
"SAMN31031348","Renamed_cluster_23","Renamed_cluster_23"
"SAMN31031369","Renamed_cluster_23","Renamed_cluster_23"
"SAMN31031444","Renamed_cluster_23","Renamed_cluster_23"
"SAMN31031537","Renamed_cluster_23","Renamed_cluster_23"
"SAMN31673602","Renamed_cluster_23","Renamed_cluster_23"
"SAMN39286547","Renamed_cluster_23","Renamed_cluster_23"
"SAMN39286548","Renamed_cluster_23","Renamed_cluster_23"
"SAMN39286549","Renamed_cluster_23","Renamed_cluster_23"
"SAMN39286550","Renamed_cluster_23","Renamed_cluster_23"
"SAMN39286551","Renamed_cluster_23","Renamed_cluster_23"
"SAMN39286552","Renamed_cluster_23","Renamed_cluster_23"
"SAMN39286553","Renamed_cluster_23","Renamed_cluster_23"
"SAMN39286554","Renamed_cluster_23","Renamed_cluster_23"
"SAMN39286555","Renamed_cluster_23","Renamed_cluster_23"
"SAMN39286556","Renamed_cluster_23","Renamed_cluster_23"
"SAMN39286557","Renamed_cluster_23","Renamed_cluster_23"
"SAMN39286558","Renamed_cluster_23","Renamed_cluster_23"
"SAMN39286559","Renamed_cluster_23","Renamed_cluster_23"
"SAMN39286560","Renamed_cluster_23","Renamed_cluster_23"
"SAMN39286561","Renamed_cluster_23","Renamed_cluster_23"
"SAMN39286562","Renamed_cluster_23","Renamed_cluster_23"
"SAMN39286563","Renamed_cluster_23","Renamed_cluster_23"
"SAMN39286564","Renamed_cluster_23","Renamed_cluster_23"
"SAMN39286565","Renamed_cluster_23","Renamed_cluster_23"
"SAMN39286566","Renamed_cluster_23","Renamed_cluster_23"
"SAMN39286567","Renamed_cluster_23","Renamed_cluster_23"
"SAMN39286568","Renamed_cluster_23","Renamed_cluster_23"
"SAMN39286569","Renamed_cluster_23","Renamed_cluster_23"
"SAMN39286570","Renamed_cluster_23","Renamed_cluster_23"
"SAMN39286571","Renamed_cluster_23","Renamed_cluster_23"
"SAMN39286572","Renamed_cluster_23","Renamed_cluster_23"
"SAMN39286601","Renamed_cluster_23","Renamed_cluster_23"
"SAMN39286611","Renamed_cluster_23","Renamed_cluster_23"
"SAMN39286649","Renamed_cluster_23","Renamed_cluster_23"
"SAMN39287026","Renamed_cluster_23","Renamed_cluster_23"
"SAMN39287124","Renamed_cluster_23","Renamed_cluster_23"
"SAMN41154521","Renamed_cluster_23","Renamed_cluster_23"
"SAMN41154554","Renamed_cluster_23","Renamed_cluster_23"
"SAMN41154578","Renamed_cluster_23","Renamed_cluster_23"
"SAMN41154761","Renamed_cluster_23","Renamed_cluster_23"
"SAMN41154802","Renamed_cluster_23","Renamed_cluster_23"
"SAMEA114757848","Renamed_cluster_22","Renamed_cluster_22"
"SAMEA2783071","Renamed_cluster_22","Renamed_cluster_22"
"SAMEA2783233","Renamed_cluster_22","Renamed_cluster_22"
"SAMEA2711032","Renamed_cluster_21","Renamed_cluster_21"
"SAMEA2782875","Renamed_cluster_21","Renamed_cluster_21"
"SAMEA2783231","Renamed_cluster_21","Renamed_cluster_21"
"SAMEA2783335","Renamed_cluster_21","Renamed_cluster_21"
"SAMN31031255","Renamed_cluster_21","Renamed_cluster_21"
"SAMEA1405928","Renamed_cluster_20","Renamed_cluster_20"
"SAMEA2783508","Renamed_cluster_20","Renamed_cluster_20"
"SAMN03647429","Renamed_cluster_20","Renamed_cluster_20"
"SAMEA2710734","Renamed_cluster_2","Renamed_cluster_2"
"SAMEA2710774","Renamed_cluster_2","Renamed_cluster_2"
"SAMEA2783047","Renamed_cluster_19","Renamed_cluster_19"
"SAMEA2783438","Renamed_cluster_19","Renamed_cluster_19"
"SAMEA2710897","Renamed_cluster_18","Renamed_cluster_18"
"SAMEA2710941","Renamed_cluster_18","Renamed_cluster_18"
"SAMEA2782945","Renamed_cluster_17","Renamed_cluster_17"
"SAMEA2783041","Renamed_cluster_17","Renamed_cluster_17"
"SAMEA2783096","Renamed_cluster_17","Renamed_cluster_17"
"SAMEA2783401","Renamed_cluster_17","Renamed_cluster_17"
"SAMEA2783417","Renamed_cluster_17","Renamed_cluster_17"
"SAMEA114757889","Renamed_cluster_16","Renamed_cluster_16"
"SAMEA2710970","Renamed_cluster_16","Renamed_cluster_16"
"SAMEA2783010","Renamed_cluster_16","Renamed_cluster_16"
"SAMEA2783026","Renamed_cluster_15","Renamed_cluster_15"
"SAMEA2783328","Renamed_cluster_15","Renamed_cluster_15"
"SAMEA2783521","Renamed_cluster_15","Renamed_cluster_15"
"SAMEA2710832","Renamed_cluster_144","Renamed_cluster_144"
"SAMEA2711019","Renamed_cluster_144","Renamed_cluster_144"
"SAMEA2783195","Renamed_cluster_143","Renamed_cluster_143"
"SAMEA2783330","Renamed_cluster_143","Renamed_cluster_143"
"SAMEA2783499","Renamed_cluster_143","Renamed_cluster_143"
"SAMEA2710778","Renamed_cluster_142","Renamed_cluster_142"
"SAMEA2782818","Renamed_cluster_142","Renamed_cluster_142"
"SAMEA2782860","Renamed_cluster_142","Renamed_cluster_142"
"SAMEA2783298","Renamed_cluster_142","Renamed_cluster_142"
"SAMEA114757843","Renamed_cluster_141","Renamed_cluster_141"
"SAMEA2782931","Renamed_cluster_141","Renamed_cluster_141"
"SAMEA2783519","Renamed_cluster_141","Renamed_cluster_141"
"SAMEA2782897","Renamed_cluster_140","Renamed_cluster_140"
"SAMN07236413","Renamed_cluster_140","Renamed_cluster_140"
"SAMN14416828","Renamed_cluster_140","Renamed_cluster_140"
"SAMN14416919","Renamed_cluster_140","Renamed_cluster_140"
"SAMN14416949","Renamed_cluster_140","Renamed_cluster_140"
"SAMN14417122","Renamed_cluster_140","Renamed_cluster_140"
"SAMN14417123","Renamed_cluster_140","Renamed_cluster_140"
"SAMN14417164","Renamed_cluster_140","Renamed_cluster_140"
"SAMEA2783092","Renamed_cluster_14","Renamed_cluster_14"
"SAMEA2783588","Renamed_cluster_14","Renamed_cluster_14"
"SAMEA2710704","Renamed_cluster_139","Renamed_cluster_139"
"SAMEA2710771","Renamed_cluster_139","Renamed_cluster_139"
"SAMEA2783159","Renamed_cluster_138","Renamed_cluster_138"
"SAMEA2783206","Renamed_cluster_138","Renamed_cluster_138"
"SAMEA2783507","Renamed_cluster_138","Renamed_cluster_138"
"SAMEA2710852","Renamed_cluster_137","Renamed_cluster_137"
"SAMEA2711035","Renamed_cluster_137","Renamed_cluster_137"
"SAMEA2782974","Renamed_cluster_137","Renamed_cluster_137"
"SAMEA2783184","Renamed_cluster_137","Renamed_cluster_137"
"SAMEA2783442","Renamed_cluster_137","Renamed_cluster_137"
"SAMEA2782932","Renamed_cluster_136","Renamed_cluster_136"
"SAMEA2783098","Renamed_cluster_136","Renamed_cluster_136"
"SAMEA2783377","Renamed_cluster_136","Renamed_cluster_136"
"SAMEA2783443","Renamed_cluster_136","Renamed_cluster_136"
"SAMEA968125","Renamed_cluster_135","Renamed_cluster_135"
"SAMEA968128","Renamed_cluster_135","Renamed_cluster_135"
"SAMEA968146","Renamed_cluster_135","Renamed_cluster_135"
"SAMEA2783154","Renamed_cluster_134","Renamed_cluster_134"
"SAMEA2783546","Renamed_cluster_134","Renamed_cluster_134"
"SAMEA2783573","Renamed_cluster_134","Renamed_cluster_134"
"SAMEA2710845","Renamed_cluster_133","Renamed_cluster_133"
"SAMEA2783522","Renamed_cluster_133","Renamed_cluster_133"
"SAMEA2782918","Renamed_cluster_132","Renamed_cluster_132"
"SAMEA2783280","Renamed_cluster_132","Renamed_cluster_132"
"SAMEA2783614","Renamed_cluster_132","Renamed_cluster_132"
"SAMEA2710700","Renamed_cluster_131","Renamed_cluster_131"
"SAMEA2710725","Renamed_cluster_131","Renamed_cluster_131"
"SAMEA2710745","Renamed_cluster_131","Renamed_cluster_131"
"SAMEA2710747","Renamed_cluster_131","Renamed_cluster_131"
"SAMEA2710846","Renamed_cluster_131","Renamed_cluster_131"
"SAMEA2711018","Renamed_cluster_131","Renamed_cluster_131"
"SAMEA2782827","Renamed_cluster_131","Renamed_cluster_131"
"SAMEA2782913","Renamed_cluster_131","Renamed_cluster_131"
"SAMEA2782914","Renamed_cluster_131","Renamed_cluster_131"
"SAMEA2783029","Renamed_cluster_131","Renamed_cluster_131"
"SAMEA2783208","Renamed_cluster_131","Renamed_cluster_131"
"SAMEA2783399","Renamed_cluster_131","Renamed_cluster_131"
"SAMEA2783579","Renamed_cluster_131","Renamed_cluster_131"
"SAMEA2710786","Renamed_cluster_130","Renamed_cluster_130"
"SAMEA2710948","Renamed_cluster_130","Renamed_cluster_130"
"SAMEA2782831","Renamed_cluster_130","Renamed_cluster_130"
"SAMEA2783133","Renamed_cluster_130","Renamed_cluster_130"
"SAMEA2783572","Renamed_cluster_130","Renamed_cluster_130"
"SAMEA114757839","Renamed_cluster_13","Renamed_cluster_13"
"SAMEA2783617","Renamed_cluster_13","Renamed_cluster_13"
"SAMEA2710992","Renamed_cluster_129","Renamed_cluster_129"
"SAMEA2782943","Renamed_cluster_129","Renamed_cluster_129"
"SAMEA2783391","Renamed_cluster_129","Renamed_cluster_129"
"SAMEA2710765","Renamed_cluster_128","Renamed_cluster_128"
"SAMEA2710800","Renamed_cluster_128","Renamed_cluster_128"
"SAMEA2710947","Renamed_cluster_128","Renamed_cluster_128"
"SAMEA2783038","Renamed_cluster_128","Renamed_cluster_128"
"SAMEA2783281","Renamed_cluster_128","Renamed_cluster_128"
"SAMEA2783326","Renamed_cluster_128","Renamed_cluster_128"
"SAMEA2783398","Renamed_cluster_128","Renamed_cluster_128"
"SAMEA2783591","Renamed_cluster_128","Renamed_cluster_128"
"SAMN30950576","Renamed_cluster_128","Renamed_cluster_128"
"SAMN41154461","Renamed_cluster_128","Renamed_cluster_128"
"SAMN41154532","Renamed_cluster_128","Renamed_cluster_128"
"SAMEA2710828","Renamed_cluster_127","Renamed_cluster_127"
"SAMEA2710903","Renamed_cluster_127","Renamed_cluster_127"
"SAMEA2710920","Renamed_cluster_126","Renamed_cluster_126"
"SAMEA2782907","Renamed_cluster_126","Renamed_cluster_126"
"SAMEA2783203","Renamed_cluster_126","Renamed_cluster_126"
"SAMEA2783427","Renamed_cluster_126","Renamed_cluster_126"
"SAMEA2710944","Renamed_cluster_125","Renamed_cluster_125"
"SAMEA2783548","Renamed_cluster_125","Renamed_cluster_125"
"SAMEA2783065","Renamed_cluster_124","Renamed_cluster_124"
"SAMEA2783347","Renamed_cluster_124","Renamed_cluster_124"
"SAMEA2710697","Renamed_cluster_123","Renamed_cluster_123"
"SAMEA2783465","Renamed_cluster_123","Renamed_cluster_123"
"SAMEA2783581","Renamed_cluster_122","Renamed_cluster_122"
"SAMEA2783607","Renamed_cluster_122","Renamed_cluster_122"
"SAMEA2782863","Renamed_cluster_121","Renamed_cluster_121"
"SAMEA2782998","Renamed_cluster_121","Renamed_cluster_121"
"SAMEA2783385","Renamed_cluster_121","Renamed_cluster_121"
"SAMEA2782986","Renamed_cluster_120","Renamed_cluster_120"
"SAMEA2783609","Renamed_cluster_120","Renamed_cluster_120"
"SAMEA2710710","Renamed_cluster_12","Renamed_cluster_12"
"SAMEA2782960","Renamed_cluster_12","Renamed_cluster_12"
"SAMEA2783494","Renamed_cluster_12","Renamed_cluster_12"
"SAMEA2783410","Renamed_cluster_119","Renamed_cluster_119"
"SAMEA2783466","Renamed_cluster_119","Renamed_cluster_119"
"SAMEA2783123","Renamed_cluster_118","Renamed_cluster_118"
"SAMEA2783329","Renamed_cluster_118","Renamed_cluster_118"
"SAMEA2710954","Renamed_cluster_117","Renamed_cluster_117"
"SAMEA2783239","Renamed_cluster_117","Renamed_cluster_117"
"SAMEA2783240","Renamed_cluster_117","Renamed_cluster_117"
"SAMEA2783066","Renamed_cluster_116","Renamed_cluster_116"
"SAMEA2783475","Renamed_cluster_116","Renamed_cluster_116"
"SAMEA2710840","Renamed_cluster_115","Renamed_cluster_115"
"SAMEA2710960","Renamed_cluster_115","Renamed_cluster_115"
"SAMEA2783112","Renamed_cluster_115","Renamed_cluster_115"
"SAMEA2783292","Renamed_cluster_115","Renamed_cluster_115"
"SAMEA2783523","Renamed_cluster_115","Renamed_cluster_115"
"SAMEA2783559","Renamed_cluster_115","Renamed_cluster_115"
"SAMN06279766","Renamed_cluster_115","Renamed_cluster_115"
"SAMEA2710767","Renamed_cluster_114","Renamed_cluster_114"
"SAMEA2783440","Renamed_cluster_114","Renamed_cluster_114"
"SAMEA115164421","Renamed_cluster_113","Renamed_cluster_113"
"SAMEA14269013","Renamed_cluster_113","Renamed_cluster_113"
"SAMEA2710773","Renamed_cluster_113","Renamed_cluster_113"
"SAMEA2710705","Renamed_cluster_112","Renamed_cluster_112"
"SAMEA2710798","Renamed_cluster_112","Renamed_cluster_112"
"SAMEA2783282","Renamed_cluster_112","Renamed_cluster_112"
"SAMEA2782971","Renamed_cluster_111","Renamed_cluster_111"
"SAMEA2783039","Renamed_cluster_111","Renamed_cluster_111"
"SAMEA2710746","Renamed_cluster_110","Renamed_cluster_110"
"SAMEA2710785","Renamed_cluster_110","Renamed_cluster_110"
"SAMEA2710805","Renamed_cluster_110","Renamed_cluster_110"
"SAMEA2783017","Renamed_cluster_110","Renamed_cluster_110"
"SAMN06279769","Renamed_cluster_110","Renamed_cluster_110"
"SAMEA2711039","Renamed_cluster_11","Renamed_cluster_11"
"SAMEA2783259","Renamed_cluster_11","Renamed_cluster_11"
"SAMEA2710752","Renamed_cluster_109","Renamed_cluster_109"
"SAMEA2710908","Renamed_cluster_109","Renamed_cluster_109"
"SAMEA2782850","Renamed_cluster_109","Renamed_cluster_109"
"SAMEA2782874","Renamed_cluster_109","Renamed_cluster_109"
"SAMEA2782959","Renamed_cluster_109","Renamed_cluster_109"
"SAMEA2783057","Renamed_cluster_109","Renamed_cluster_109"
"SAMEA2783333","Renamed_cluster_109","Renamed_cluster_109"
"SAMEA2783223","Renamed_cluster_108","Renamed_cluster_108"
"SAMEA2783339","Renamed_cluster_108","Renamed_cluster_108"
"SAMEA2710859","Renamed_cluster_107","Renamed_cluster_107"
"SAMEA2783049","Renamed_cluster_107","Renamed_cluster_107"
"SAMEA2783497","Renamed_cluster_107","Renamed_cluster_107"
"SAMEA111556237","Renamed_cluster_106","Renamed_cluster_106"
"SAMEA2533646","Renamed_cluster_106","Renamed_cluster_106"
"SAMEA2535154","Renamed_cluster_106","Renamed_cluster_106"
"SAMEA2710808","Renamed_cluster_106","Renamed_cluster_106"
"SAMEA2710962","Renamed_cluster_106","Renamed_cluster_106"
"SAMEA7554589","Renamed_cluster_106","Renamed_cluster_106"
"SAMN07236514","Renamed_cluster_106","Renamed_cluster_106"
"SAMN13735009","Renamed_cluster_106","Renamed_cluster_106"
"SAMN13735704","Renamed_cluster_106","Renamed_cluster_106"
"SAMN14416718","Renamed_cluster_106","Renamed_cluster_106"
"SAMN14416826","Renamed_cluster_106","Renamed_cluster_106"
"SAMN14417129","Renamed_cluster_106","Renamed_cluster_106"
"SAMN14417165","Renamed_cluster_106","Renamed_cluster_106"
"SAMN14417235","Renamed_cluster_106","Renamed_cluster_106"
"SAMN14417275","Renamed_cluster_106","Renamed_cluster_106"
"SAMEA114757894","Renamed_cluster_105","Renamed_cluster_105"
"SAMEA2710706","Renamed_cluster_105","Renamed_cluster_105"
"SAMEA2710721","Renamed_cluster_105","Renamed_cluster_105"
"SAMEA2782882","Renamed_cluster_105","Renamed_cluster_105"
"SAMEA2783290","Renamed_cluster_105","Renamed_cluster_105"
"SAMEA2783388","Renamed_cluster_105","Renamed_cluster_105"
"SAMN06279753","Renamed_cluster_105","Renamed_cluster_105"
"SAMN07236364","Renamed_cluster_105","Renamed_cluster_105"
"SAMN07236366","Renamed_cluster_105","Renamed_cluster_105"
"SAMN07236400","Renamed_cluster_105","Renamed_cluster_105"
"SAMN09425877","Renamed_cluster_105","Renamed_cluster_105"
"SAMN14416769","Renamed_cluster_105","Renamed_cluster_105"
"SAMN14416781","Renamed_cluster_105","Renamed_cluster_105"
"SAMN14416782","Renamed_cluster_105","Renamed_cluster_105"
"SAMN14416798","Renamed_cluster_105","Renamed_cluster_105"
"SAMN14416801","Renamed_cluster_105","Renamed_cluster_105"
"SAMN14416802","Renamed_cluster_105","Renamed_cluster_105"
"SAMN14416809","Renamed_cluster_105","Renamed_cluster_105"
"SAMN14416877","Renamed_cluster_105","Renamed_cluster_105"
"SAMN14416896","Renamed_cluster_105","Renamed_cluster_105"
"SAMN14416916","Renamed_cluster_105","Renamed_cluster_105"
"SAMN14416940","Renamed_cluster_105","Renamed_cluster_105"
"SAMN14416979","Renamed_cluster_105","Renamed_cluster_105"
"SAMN14416988","Renamed_cluster_105","Renamed_cluster_105"
"SAMN14416993","Renamed_cluster_105","Renamed_cluster_105"
"SAMN14417021","Renamed_cluster_105","Renamed_cluster_105"
"SAMN14417022","Renamed_cluster_105","Renamed_cluster_105"
"SAMN14417043","Renamed_cluster_105","Renamed_cluster_105"
"SAMN14417181","Renamed_cluster_105","Renamed_cluster_105"
"SAMN15347472","Renamed_cluster_105","Renamed_cluster_105"
"SAMN31031122","Renamed_cluster_105","Renamed_cluster_105"
"SAMN33018120","Renamed_cluster_105","Renamed_cluster_105"
"SAMN33018126","Renamed_cluster_105","Renamed_cluster_105"
"SAMN33018155","Renamed_cluster_105","Renamed_cluster_105"
"SAMN41403654","Renamed_cluster_105","Renamed_cluster_105"
"SAMEA2783151","Renamed_cluster_104","Renamed_cluster_104"
"SAMN06279757","Renamed_cluster_104","Renamed_cluster_104"
"SAMN06279784","Renamed_cluster_104","Renamed_cluster_104"
"SAMEA2710876","Renamed_cluster_103","Renamed_cluster_103"
"SAMEA2783141","Renamed_cluster_103","Renamed_cluster_103"
"SAMEA2783460","Renamed_cluster_103","Renamed_cluster_103"
"SAMEA2783567","Renamed_cluster_103","Renamed_cluster_103"
"SAMN14416970","Renamed_cluster_103","Renamed_cluster_103"
"SAMN31674178","Renamed_cluster_103","Renamed_cluster_103"
"SAMN31674192","Renamed_cluster_103","Renamed_cluster_103"
"SAMEA2783145","Renamed_cluster_102","Renamed_cluster_102"
"SAMEA2783186","Renamed_cluster_102","Renamed_cluster_102"
"SAMEA2782919","Renamed_cluster_101","Renamed_cluster_101"
"SAMEA2783104","Renamed_cluster_101","Renamed_cluster_101"
"SAMEA2783383","Renamed_cluster_100","Renamed_cluster_100"
"SAMN33018143","Renamed_cluster_100","Renamed_cluster_100"
"SAMN33018166","Renamed_cluster_100","Renamed_cluster_100"
"SAMN33018171","Renamed_cluster_100","Renamed_cluster_100"
"SAMEA114757866","Renamed_cluster_10","Renamed_cluster_10"
"SAMEA2710883","Renamed_cluster_10","Renamed_cluster_10"
"SAMEA2711014","Renamed_cluster_10","Renamed_cluster_10"
"SAMEA2783474","Renamed_cluster_10","Renamed_cluster_10"
"SAMEA2783160","Renamed_cluster_1","Renamed_cluster_1"
"SAMEA2783484","Renamed_cluster_1","Renamed_cluster_1"
"SAMN07236325","Not_in_cluster_in_regular_phylo","Cluster_14640"
"SAMN07236477","Not_in_cluster_in_regular_phylo","Cluster_14684"
"SAMN31030369","Not_in_cluster_in_regular_phylo","Cluster_14684"
"SAMEA2783518","Cluster_15150____","Cluster_14684"
"SAMN07236507","Cluster_15150____","Cluster_14684"
"SAMEA2783001","Cluster_15150___","Cluster_14684"
"SAMEA7129278","Cluster_15150___","Cluster_14684"
"SAMN07236407","Cluster_15150___","Cluster_14684"
"SAMEA2711004","Renamed_cluster_145","Renamed_cluster_145"
"SAMEA2711041","Renamed_cluster_145","Renamed_cluster_145"
"SAMEA2782888","Renamed_cluster_145","Renamed_cluster_145"
"SAMEA2782904","Renamed_cluster_145","Renamed_cluster_145"
"SAMEA2782916","Renamed_cluster_145","Renamed_cluster_145"
"SAMEA2783163","Renamed_cluster_145","Renamed_cluster_145"
"SAMEA2783177","Renamed_cluster_145","Renamed_cluster_145"
"SAMEA2783291","Renamed_cluster_145","Renamed_cluster_145"
"SAMEA2783332","Renamed_cluster_145","Renamed_cluster_145"
"SAMEA2783512","Renamed_cluster_145","Renamed_cluster_145"
"SAMEA114757835","Cluster_15047","Not_in_cluster_in_placed_phylo"
"SAMEA2783067","Cluster_15047","Not_in_cluster_in_placed_phylo"
"SAMEA2710812","Cluster_14977","Not_in_cluster_in_placed_phylo"
"SAMN04276653","Cluster_14977","Not_in_cluster_in_placed_phylo"
"SAMEA2710951","Renamed_cluster_146","Renamed_cluster_146"
"SAMEA2782910","Cluster_11490","Not_in_cluster_in_placed_phylo"
"SAMEA2783140","Renamed_cluster_146","Renamed_cluster_146"
"SAMEA2783263","Renamed_cluster_146","Renamed_cluster_146"
"SAMN31673027","Cluster_11490","Not_in_cluster_in_placed_phylo"
