Cluster	Samples
Cluster_1000	SAMEA2783160,SAMEA2783484
Cluster_10015	SAMEA2710774,SAMEA2710734
Cluster_10045	SAMEA2782841,SAMEA2782819
Cluster_10058	SAMEA2782889,SAMEA2710957,SAMEA2783319
Cluster_10059	SAMEA2783471,SAMN31673899,SAMEA2783087,SAMEA2782979,SAMEA2783024
Cluster_10083	SAMEA2783320,SAMN06279767
Cluster_1009	SAMEA2783560,SAMEA2782908
Cluster_10211	SAMEA2710839,SAMEA2783234,SAMEA2783517
Cluster_10212	SAMEA2711001,SAMEA2783472,SAMEA2711029,SAMEA2783331
Cluster_10213	SAMEA114757866,SAMEA2710883,SAMEA2783474,SAMEA2711014
Cluster_10239	SAMEA2783259,SAMEA2711039
Cluster_1026	SAMEA2783494,SAMEA2782960,SAMEA2710710
Cluster_10322	SAMEA2783617,SAMEA114757839
Cluster_10369	SAMEA2783588,SAMEA2783092
Cluster_10375	SAMEA2783026,SAMEA2783328,SAMEA2783521
Cluster_10392	SAMEA2710970,SAMEA114757889,SAMEA2783010
Cluster_10447	SAMEA2783417,SAMEA2783041,SAMEA2783096,SAMEA2782945,SAMEA2783401
Cluster_10449	SAMEA2710941,SAMEA2710897
Cluster_10453	SAMEA2783438,SAMEA2783047
Cluster_1047	SAMN03647429,SAMEA2783508,SAMEA1405928
Cluster_10584	SAMN31031255,SAMEA2783335,SAMEA2711032,SAMEA2782875,SAMEA2783231
Cluster_10589	SAMEA2783071,SAMEA114757848,SAMEA2783233
Cluster_10594	SAMN31030431,SAMN39286572,SAMN39287124,SAMN39286566,SAMN39287026,SAMN39286559,SAMN39286611,SAMN39286557,SAMN31030074,SAMN39286562,SAMN39286548,SAMN31031348,SAMN39286570,SAMN39286556,SAMN39286565,SAMN41154761,SAMN39286564,SAMN39286601,SAMN31031369,SAMN39286552,SAMN41154554,SAMN39286558,SAMN39286561,SAMN39286550,SAMN41154802,SAMN39286567,SAMN31030443,SAMN39286547,SAMEA2534823,SAMN41154578,SAMN39286571,SAMN39286568,SAMN31030468,SAMN39286554,SAMN39286555,SAMN39286551,SAMEA2783569,SAMN31030395,SAMN39286549,SAMN31031444,SAMN39286560,SAMEA112804368,SAMN31031537,SAMN39286553,SAMN39286649,SAMN41154521,SAMN31673602,SAMN31031235,SAMN39286563,SAMN39286569
Cluster_10613	SAMEA2710762,SAMEA2710722,SAMEA2783267,SAMEA2782845
Cluster_10615	SAMEA2783345,SAMEA2782880
Cluster_10616	SAMEA2782929,SAMEA2710826,SAMEA2782846,SAMEA2782833,SAMEA2783099
Cluster_10674	SAMEA2783107,SAMEA2711028
Cluster_10761	SAMEA2782980,SAMEA2710760,SAMEA2710811,SAMEA2783179
Cluster_10805	SAMEA2783101,SAMEA2783343,SAMEA2711026,SAMEA2782975
Cluster_10903	SAMEA2783340,SAMEA2783306,SAMEA2782879,SAMEA2783168,SAMEA2783437,SAMEA2783532,SAMEA2710761,SAMEA2710854,SAMEA2783121,SAMEA2710803,SAMEA2783584,SAMEA2782973,SAMEA2783031,SAMN06279771,SAMEA2710833,SAMEA2783085,SAMEA2783289,SAMN06279770,SAMEA2783076,SAMEA2783344,SAMEA2783155,SAMN06279772,SAMEA2782984,SAMEA2783436
Cluster_10904	SAMEA2783470,SAMEA2711010,SAMEA2710986
Cluster_11034	SAMEA2783118,SAMEA2783534,SAMEA2783193,SAMEA2782899
Cluster_11041	SAMEA2782957,SAMEA2710942,SAMEA2710797
Cluster_11211	SAMEA2783543,SAMEA2710790
Cluster_11456	SAMEA2710695,SAMEA2783167
Cluster_11457	SAMEA114757845,SAMEA2783514
Cluster_11458	SAMEA2782878,SAMEA2783006
Cluster_11490	SAMEA2782910,SAMEA2783140,SAMEA2710951,SAMEA2783263,SAMN31673027
Cluster_11645	SAMEA2710914,SAMEA2782983,SAMEA2710868
Cluster_11647	SAMN39286745,SAMN14416881,SAMEA2783170
Cluster_11648	SAMEA2783463,SAMEA2783018
Cluster_11772	SAMEA2783146,SAMEA2783048
Cluster_11791	SAMN08851384,SAMEA2783072
Cluster_11842	SAMEA2783036,SAMEA2711013
Cluster_11892	SAMEA2710909,SAMN06279786
Cluster_11929	SAMEA2783419,SAMEA2782844
Cluster_12084	SAMEA2783395,SAMEA2783022,SAMEA2783091
Cluster_12106	SAMEA2783288,SAMEA2783544,SAMEA2783392
Cluster_12429	SAMEA2783180,SAMEA2710816,SAMEA2711061,SAMEA2783327,SAMEA2710924
Cluster_12430	SAMEA2783220,SAMN14417214,SAMEA114757884
Cluster_12431	SAMEA2783083,SAMEA2783201
Cluster_12433	SAMEA2783541,SAMEA2783509
Cluster_12477	SAMEA2783034,SAMEA2710717
Cluster_12646	SAMEA2783576,SAMEA5282369,SAMN04276839,SAMN04276841
Cluster_12778	SAMEA2711030,SAMEA2783011
Cluster_12780	SAMEA2783284,SAMEA2711016
Cluster_1279	SAMEA2783191,SAMEA2783095
Cluster_12840	SAMEA2710783,SAMEA2783372
Cluster_12855	SAMEA2783196,SAMEA2710861
Cluster_12856	SAMEA2782992,SAMEA2710829
Cluster_1287	SAMEA2711062,SAMEA2783540
Cluster_12910	SAMN14417059,SAMEA2710686,SAMEA2710820
Cluster_12921	SAMEA2710930,SAMN07236504
Cluster_12923	SAMN39286824,SAMEA2783376,SAMN07236436
Cluster_12926	SAMEA2783355,SAMN31030497,SAMN14417245
Cluster_12960	SAMEA2710984,SAMN07766145,SAMEA2783161
Cluster_13004	SAMEA2783190,SAMEA2783138,SAMEA2783135
Cluster_13030	SAMEA2783014,SAMEA2783378
Cluster_13051	SAMEA2783286,SAMEA2782902,SAMEA2710981
Cluster_13057	SAMEA2783396,SAMEA2783305
Cluster_13058	SAMEA2782820,SAMEA2711050
Cluster_13096	SAMN04276737,SAMN07236423
Cluster_13123	SAMEA2782886,SAMEA2782852,SAMEA2710719,SAMEA2783526,SAMEA2783152,SAMEA3448210
Cluster_13342	SAMEA2783620,SAMEA13119942
Cluster_13447	SAMEA2782962,SAMEA2782893
Cluster_13448	SAMN07236343,SAMEA2783380
Cluster_13456	SAMEA2710917,SAMEA2710707
Cluster_13507	SAMEA2783453,SAMEA2710806
Cluster_13541	SAMEA2534335,SAMEA2710933
Cluster_13567	SAMEA2782961,SAMEA2783539
Cluster_13615	SAMEA3451232,SAMEA2534872,SAMEA2710733
Cluster_13642	SAMEA2710926,SAMEA2710821,SAMEA2783528,SAMEA2710872
Cluster_13673	SAMEA2710748,SAMEA2783027,SAMEA2783432,SAMEA2710776,SAMN14417050
Cluster_13694	SAMEA2297074,SAMEA2783473
Cluster_13727	SAMEA2711003,SAMEA2783164,SAMEA2782856
Cluster_13728	SAMEA2783054,SAMEA2783606
Cluster_13949	SAMEA2783094,SAMEA2783044,SAMEA2783418,SAMEA2782847,SAMEA2711063,SAMEA114757864,SAMEA2783511,SAMEA2710911,SAMEA2783413,SAMEA2783016,SAMEA2783165,SAMEA2783040,SAMEA2783337,SAMEA2782976,SAMEA2710699,SAMEA2782923,SAMEA2783625,SAMEA2782900,SAMEA2783283,SAMN14416956,SAMEA2710711,SAMEA2783097,SAMEA2783278,SAMEA2783131,SAMEA2710860,SAMEA2783547,SAMEA2783236,SAMN13735709,SAMEA2783173,SAMN14416941,SAMN14417281,SAMEA2783102,SAMEA2783230,SAMN14416727,SAMEA2783229,SAMEA2710738
Cluster_14060	SAMEA2782941,SAMEA2783205,SAMN14416918,SAMEA2783274,SAMN13735721,SAMEA2710869,SAMN14417293,SAMN31672683,SAMN14417144,SAMN14417034
Cluster_14098	SAMN14416870,SAMEA2783113,SAMEA2783254,SAMEA2783069,SAMEA2783293,SAMEA2783515,SAMN10462558,SAMEA2710882,SAMEA2533789,SAMEA2783111,SAMEA2710739,SAMEA2710945,SAMN06279782,SAMEA2710692,SAMEA2783318,SAMEA2782890,SAMEA2783583,SAMEA114757852,SAMEA2783415,SAMEA2783373,SAMEA2783023,SAMEA2783035,SAMEA2783315,SAMEA2783043,SAMEA2710723,SAMEA2782896,SAMEA2710923,SAMEA2711008,SAMEA2710769
Cluster_14212	SAMN33018134,SAMEA2783407
Cluster_14216	SAMEA2710965,SAMEA2782997,SAMEA2782981
Cluster_14285	SAMEA2783090,SAMN14417299
Cluster_14330	SAMEA2783600,SAMEA2783445
Cluster_14388	SAMEA2783144,SAMEA2782884
Cluster_14394	SAMN07236426,SAMEA2783134,SAMEA2783325,SAMN07236497
Cluster_14402	SAMEA2710864,SAMEA2783313
Cluster_14430	SAMN14416770,SAMN07236391,SAMEA3404189,SAMEA2782864,SAMEA2534716,SAMEA1018917,SAMN33018144,SAMEA1018955,SAMEA2783425,SAMN03647315,SAMEA2710977,SAMEA2783356,SAMEA2710712,SAMEA2783271,SAMN07236500,SAMN31030311,SAMEA1019097,SAMEA2782857,SAMEA2710964,SAMEA7548641,SAMEA2782851,SAMEA7548615
Cluster_14462	SAMEA2783403,SAMEA2710788
Cluster_14898	SAMEA7549953,SAMEA2783316,SAMN39286790,SAMN07236464,SAMN27763052,SAMEA7554470,SAMN14416895,SAMN07236442,SAMEA2782995,SAMEA7555965,SAMEA2783578,SAMN34257501,SAMN07236481,SAMN07236448,SAMEA2783537,SAMN31673362,SAMN31673737,SAMN31672877,SAMN31673155,SAMN31672839,SAMN31672838,SAMEA112803723,SAMEA7562038,SAMEA2710737,SAMN07236470,SAMEA2783008,SAMN30962881,SAMN30962577,SAMN14417068,SAMN31672983,SAMN14417051,SAMN31673721,SAMEA104394481,SAMEA2710880,SAMEA2783266,SAMEA2783448,SAMEA2782822,SAMEA2783252,SAMEA2783492,SAMN31031288,SAMEA2783323,SAMEA2782967,SAMN07236463
Cluster_14977	SAMEA2710812,SAMN04276653
Cluster_1500	SAMEA2783185,SAMEA2710935,SAMEA2783183
Cluster_15043	SAMEA2783383,SAMN33018171,SAMN33018166,SAMN33018143
Cluster_15047	SAMEA2783067,SAMEA114757835
Cluster_15065	SAMEA2783104,SAMEA2782919
Cluster_15066	SAMEA2783186,SAMEA2783145
Cluster_15150	SAMEA2783177,SAMEA2783163,SAMEA2782904,SAMEA2783512,SAMEA2783291,SAMEA2782888,SAMEA2711004,SAMEA2782916,SAMEA2783332,SAMEA2711041
Cluster_15150_	SAMN31674192,SAMN31674178,SAMN14416970,SAMEA2710876,SAMEA2783460,SAMEA2783141,SAMEA2783567
Cluster_15150__	SAMN06279757,SAMEA2783151,SAMN06279784
Cluster_15150___	SAMEA2783001,SAMN07236407,SAMEA7129278
Cluster_15150____	SAMEA2783518,SAMN07236507
Cluster_15332	SAMN14416896,SAMN14416940,SAMN07236400,SAMN15347472,SAMN14416782,SAMN14416802,SAMN14417043,SAMN14417021,SAMN14416916,SAMN14416798,SAMN14417181,SAMN14416769,SAMN14416979,SAMN14416993,SAMN14416988,SAMN14416781,SAMN14416801,SAMN14416809,SAMN33018155,SAMN33018120,SAMN14417022,SAMN09425877,SAMN33018126,SAMN31031122,SAMN07236366,SAMN07236364,SAMN06279753,SAMEA2782882,SAMEA2783388,SAMEA2710706,SAMEA114757894,SAMN41403654,SAMEA2710721,SAMN14416877,SAMEA2783290
Cluster_15335	SAMN14417275,SAMN13735704,SAMEA7554589,SAMEA111556237,SAMEA2535154,SAMEA2533646,SAMN14417235,SAMEA2710808,SAMN13735009,SAMN07236514,SAMN14416826,SAMN14417129,SAMN14416718,SAMN14417165,SAMEA2710962
Cluster_3077	SAMEA2783049,SAMEA2783497,SAMEA2710859
Cluster_4096	SAMEA2783223,SAMEA2783339
Cluster_5134	SAMEA2783333,SAMEA2782959,SAMEA2782850,SAMEA2782874,SAMEA2710752,SAMEA2783057,SAMEA2710908
Cluster_6204	SAMEA2783017,SAMEA2710805,SAMEA2710785,SAMN06279769,SAMEA2710746
Cluster_6510	SAMEA2783039,SAMEA2782971
Cluster_6531	SAMEA2710705,SAMEA2783282,SAMEA2710798
Cluster_6556	SAMEA14269013,SAMEA2710773,SAMEA115164421
Cluster_6591	SAMEA2783440,SAMEA2710767
Cluster_6684	SAMEA2783559,SAMEA2710960,SAMN06279766,SAMEA2783523,SAMEA2783292,SAMEA2783112,SAMEA2710840
Cluster_6726	SAMEA2783475,SAMEA2783066
Cluster_6737	SAMEA2710954,SAMEA2783239,SAMEA2783240
Cluster_6934	SAMEA2783123,SAMEA2783329
Cluster_733	SAMEA2783410,SAMEA2783466
Cluster_7392	SAMEA2782986,SAMEA2783609
Cluster_77	SAMEA2782863,SAMEA2783385,SAMEA2782998
Cluster_7772	SAMEA2783607,SAMEA2783581
Cluster_7777	SAMEA2710697,SAMEA2783465
Cluster_7992	SAMEA2783065,SAMEA2783347
Cluster_8087	SAMEA2783548,SAMEA2710944
Cluster_8090	SAMEA2783203,SAMEA2783427,SAMEA2710920,SAMEA2782907
Cluster_8177	SAMEA2710828,SAMEA2710903
Cluster_8180	SAMN41154461,SAMN41154532,SAMEA2783038,SAMEA2783591,SAMEA2710800,SAMEA2710947,SAMN30950576,SAMEA2783326,SAMEA2783281,SAMEA2710765,SAMEA2783398
Cluster_8331	SAMEA2783391,SAMEA2782943,SAMEA2710992
Cluster_854	SAMEA2783572,SAMEA2783133,SAMEA2710786,SAMEA2710948,SAMEA2782831
Cluster_8560	SAMEA2783029,SAMEA2710846,SAMEA2782913,SAMEA2783399,SAMEA2782914,SAMEA2710745,SAMEA2710747,SAMEA2710725,SAMEA2710700,SAMEA2711018,SAMEA2782827,SAMEA2783579,SAMEA2783208
Cluster_8584	SAMEA2783614,SAMEA2783280,SAMEA2782918
Cluster_8721	SAMEA2783522,SAMEA2710845
Cluster_8722	SAMEA2783573,SAMEA2783546,SAMEA2783154
Cluster_8767	SAMEA968146,SAMEA968128,SAMEA968125
Cluster_8821	SAMEA2783377,SAMEA2783098,SAMEA2783443,SAMEA2782932
Cluster_8934	SAMEA2782974,SAMEA2711035,SAMEA2783442,SAMEA2783184,SAMEA2710852
Cluster_9037	SAMEA2783206,SAMEA2783159,SAMEA2783507
Cluster_9190	SAMEA2710771,SAMEA2710704
Cluster_9270	SAMN14417122,SAMN14417164,SAMN14416919,SAMEA2782897,SAMN14417123,SAMN14416828,SAMN07236413,SAMN14416949
Cluster_9277	SAMEA114757843,SAMEA2782931,SAMEA2783519
Cluster_9322	SAMEA2782860,SAMEA2710778,SAMEA2783298,SAMEA2782818
Cluster_9873	SAMEA2783499,SAMEA2783330,SAMEA2783195
Cluster_9977	SAMEA2710832,SAMEA2711019
