Cluster	Samples
Cluster_10000	SAMEA2710832,SAMEA2711019
Cluster_10059	SAMEA2783443,SAMEA2783377,SAMEA2782932,SAMEA2783098
Cluster_10159	SAMEA2710957,SAMEA2783319,SAMEA2782889
Cluster_10162	SAMN31673899,SAMEA2783087,SAMEA2783024,SAMEA2783471,SAMEA2782979
Cluster_10193	SAMEA2782841,SAMEA2782819
Cluster_10278	SAMEA2710734,SAMEA2710774
Cluster_10574	SAMEA2783343,SAMEA2782975,SAMEA2783101,SAMEA2711026
Cluster_10624	SAMEA2783231,SAMEA2782875,SAMEA2711032,SAMN31031255,SAMEA2783335
Cluster_10630	SAMEA2710986,SAMEA2783470,SAMEA2711010
Cluster_10631	SAMN06279772,SAMEA2710761,SAMEA2783584,SAMEA2783168,SAMEA2710854,SAMEA2783155,SAMEA2783121,SAMEA2783344,SAMEA2783031,SAMEA2783085,SAMEA2783436,SAMN06279770,SAMEA2783306,SAMEA2710803,SAMEA2783076,SAMEA2782973,SAMEA2783289,SAMEA2783532,SAMEA2783437,SAMN06279771,SAMEA2783340,SAMEA2782984,SAMEA2710833,SAMEA2782879
Cluster_10657	SAMN06279767,SAMEA2783320
Cluster_10804	SAMN39286559,SAMN39286571,SAMN39286649,SAMN41154761,SAMEA2783569,SAMN39286564,SAMN31030468,SAMN39286561,SAMN39286569,SAMN31031537,SAMN39286572,SAMN39286558,SAMN41154521,SAMN39286562,SAMN39286557,SAMN31031369,SAMN31030431,SAMN39287026,SAMN41154802,SAMN39286555,SAMN39286551,SAMN39286548,SAMN39286556,SAMN39286568,SAMN39286552,SAMN31030074,SAMN39286553,SAMN39286550,SAMN39286560,SAMEA112804368,SAMN39286567,SAMN31030443,SAMN39286565,SAMN31030395,SAMN31031444,SAMN31031348,SAMN39286601,SAMN39286563,SAMN41154578,SAMN31673602,SAMN31031235,SAMN39286549,SAMN41154554,SAMEA2534823,SAMN39286570,SAMN39286547,SAMN39286611,SAMN39286566,SAMN39287124,SAMN39286554
Cluster_10873	SAMEA114757848,SAMEA2783071,SAMEA2783233
Cluster_10875	SAMEA2782899,SAMEA2783534,SAMEA2783193,SAMEA2783118
Cluster_10876	SAMEA2782957,SAMEA2710942,SAMEA2710797
Cluster_10892	SAMEA2783041,SAMEA2783417,SAMEA2782945,SAMEA2783401,SAMEA2783096
Cluster_10893	SAMEA2710897,SAMEA2710941
Cluster_10897	SAMEA2783047,SAMEA2783438
Cluster_11035	SAMEA2782845,SAMEA2710722,SAMEA2783267,SAMEA2710762
Cluster_11036	SAMEA2710826,SAMEA2782833,SAMEA2782929,SAMEA2782846,SAMEA2783099
Cluster_11037	SAMEA2782880,SAMEA2783345
Cluster_11052	SAMEA2783107,SAMEA2711028
Cluster_11164	SAMEA2783179,SAMEA2782980,SAMEA2710760,SAMEA2710811
Cluster_11411	SAMEA2782878,SAMEA2783006
Cluster_11430	SAMEA2710695,SAMEA2783167
Cluster_11431	SAMEA114757845,SAMEA2783514
Cluster_11458	SAMEA2782910,SAMEA2710951,SAMEA2783263,SAMEA2783140,SAMN31673027
Cluster_11504	SAMEA2782983,SAMEA2710914,SAMEA2710868
Cluster_11511	SAMEA2783463,SAMEA2783018
Cluster_11512	SAMEA2783170,SAMN14416881,SAMN39286745
Cluster_11582	SAMEA2783072,SAMN08851384
Cluster_11600	SAMEA2783146,SAMEA2783048
Cluster_11686	SAMEA2710790,SAMEA2783543
Cluster_12013	SAMEA2783419,SAMEA2782844
Cluster_12149	SAMEA2783288,SAMEA2783544,SAMEA2783392
Cluster_12170	SAMEA2783395,SAMEA2783022,SAMEA2783091
Cluster_12367	SAMN06279786,SAMEA2710909
Cluster_12648	SAMEA2783355,SAMN31030497,SAMN14417245
Cluster_12692	SAMEA2710829,SAMEA2782992
Cluster_12693	SAMEA2710861,SAMEA2783196
Cluster_12695	SAMEA2783372,SAMEA2710783
Cluster_12749	SAMN04276841,SAMEA2783576,SAMEA5282369,SAMN04276839
Cluster_12784	SAMEA2710686,SAMN14417059,SAMEA2710820
Cluster_12789	SAMEA2783376,SAMN07236436,SAMN39286824
Cluster_12790	SAMN07236504,SAMEA2710930
Cluster_12868	SAMEA2711030,SAMEA2783011
Cluster_12869	SAMEA2783327,SAMEA2710816,SAMEA2783180,SAMEA2710924,SAMEA2711061
Cluster_12870	SAMN14417214,SAMEA2783220,SAMEA114757884
Cluster_12871	SAMEA2783083,SAMEA2783201
Cluster_12877	SAMEA2783509,SAMEA2783541
Cluster_12880	SAMEA2711013,SAMEA2783036
Cluster_1295	SAMEA2782971,SAMEA2783039
Cluster_12954	SAMEA2711016,SAMEA2783284
Cluster_12959	SAMEA3448210,SAMEA2783152,SAMEA2710719,SAMEA2782886,SAMEA2782852,SAMEA2783526
Cluster_12961	SAMEA2710917,SAMEA2710707
Cluster_12964	SAMN07236343,SAMEA2783380
Cluster_12969	SAMEA2782962,SAMEA2782893
Cluster_13008	SAMEA2783014,SAMEA2783378
Cluster_13075	SAMN04276737,SAMN07236423
Cluster_13103	SAMEA2783305,SAMEA2783396
Cluster_13105	SAMEA2782820,SAMEA2711050
Cluster_13158	SAMN07766145,SAMEA2783161,SAMEA2710984
Cluster_13175	SAMEA2783138,SAMEA2783190,SAMEA2783135
Cluster_13503	SAMEA2783164,SAMEA2711003,SAMEA2782856
Cluster_13510	SAMEA2710806,SAMEA2783453
Cluster_13555	SAMEA2783473,SAMEA2297074
Cluster_13600	SAMEA2710748,SAMEA2783027,SAMEA2710776,SAMEA2783432,SAMN14417050
Cluster_13616	SAMEA13119942,SAMEA2783620
Cluster_13654	SAMEA2710717,SAMEA2783034
Cluster_13674	SAMEA2710926,SAMEA2783528,SAMEA2710821,SAMEA2710872
Cluster_13705	SAMEA2710933,SAMEA2534335
Cluster_13779	SAMEA2783539,SAMEA2782961
Cluster_13858	SAMEA2534872,SAMEA2710733,SAMEA3451232
Cluster_1388	SAMEA2710785,SAMN06279769,SAMEA2783017,SAMEA2710805,SAMEA2710746
Cluster_13920	SAMEA2783094,SAMEA2710860,SAMEA2783511,SAMEA2783016,SAMN13735709,SAMEA2710738,SAMEA2710911,SAMEA2782847,SAMEA2783229,SAMEA2783173,SAMEA2783337,SAMN14416941,SAMEA2783413,SAMEA2783283,SAMEA2783040,SAMEA114757864,SAMEA2783236,SAMN14416956,SAMEA2782976,SAMEA2710699,SAMEA2782923,SAMEA2711063,SAMEA2783102,SAMEA2783418,SAMEA2783131,SAMEA2710711,SAMEA2783230,SAMEA2783097,SAMEA2782900,SAMEA2783044,SAMEA2783278,SAMEA2783625,SAMN14417281,SAMEA2783547,SAMN14416727,SAMEA2783165
Cluster_14086	SAMEA2782884,SAMEA2783144
Cluster_14089	SAMEA2783113,SAMN14416870,SAMEA2783254,SAMEA2710723,SAMEA2710945,SAMEA2782896,SAMEA2783373,SAMEA2711008,SAMEA2783043,SAMEA2783293,SAMEA2783515,SAMEA114757852,SAMEA2783315,SAMEA2533789,SAMEA2710739,SAMEA2783023,SAMEA2783035,SAMEA2783318,SAMEA2710769,SAMEA2783415,SAMEA2783069,SAMEA2710692,SAMN06279782,SAMEA2710882,SAMEA2783111,SAMEA2783583,SAMEA2710923,SAMN10462558,SAMEA2782890
Cluster_14128	SAMEA2710864,SAMEA2783313
Cluster_14173	SAMEA2783090,SAMN14417299
Cluster_14323	SAMN07236497,SAMN07236426,SAMEA2783325,SAMEA2783134
Cluster_14371	SAMEA2783445,SAMEA2783600
Cluster_14376	SAMEA2783286,SAMEA2710981
Cluster_14449	SAMEA2783403,SAMEA2710788
Cluster_14548	SAMEA2783205,SAMEA2782941,SAMN13735721,SAMN14417144,SAMN31672683,SAMEA2783274,SAMN14417034,SAMEA2710869,SAMN14417293,SAMN14416918
Cluster_1457	SAMEA2710767,SAMEA2783440
Cluster_14633	SAMN33018134,SAMEA2783407
Cluster_14634	SAMEA2710965,SAMEA2782997,SAMEA2782981
Cluster_14640	SAMN07236391,SAMN14416770,SAMEA3404189,SAMEA2782864,SAMEA7548615,SAMEA2710964,SAMEA2783425,SAMEA2710977,SAMN03647315,SAMN31030311,SAMN07236500,SAMEA1019097,SAMEA2783356,SAMEA2534716,SAMEA7548641,SAMEA1018955,SAMEA2710712,SAMEA2782851,SAMEA2783271,SAMN33018144,SAMEA1018917,SAMEA2782857
Cluster_1467	SAMEA2783475,SAMEA2783066
Cluster_1476	SAMEA2783292,SAMEA2783559,SAMEA2783112,SAMEA2710960,SAMEA2710840,SAMN06279766,SAMEA2783523
Cluster_14786	SAMN14417275,SAMN13735704,SAMEA7554589,SAMEA111556237,SAMEA2535154,SAMEA2533646,SAMN14417235,SAMEA2710808
Cluster_14787	SAMEA2710962,SAMN14417165,SAMN14416718
Cluster_14859	SAMEA2783177,SAMEA2783163,SAMEA2783291,SAMEA2782888,SAMEA2782904,SAMEA2783512,SAMEA2711004,SAMEA2783332,SAMEA2782916,SAMEA2711041
Cluster_14860	SAMN31674192,SAMN31674178,SAMN14416970,SAMEA2710876,SAMEA2783460,SAMEA2783141,SAMEA2783567
Cluster_14861	SAMN06279757,SAMEA2783151,SAMN06279784
Cluster_14862	SAMEA2783001,SAMN07236407,SAMEA7129278
Cluster_14863	SAMN07236507,SAMEA2783518
Cluster_14912	SAMEA7549953,SAMEA2783316,SAMN39286790,SAMN07236464,SAMN27763052,SAMEA7554470,SAMN14416895,SAMN07236442,SAMEA2782995,SAMEA7555965,SAMEA2783578,SAMN34257501,SAMN07236481,SAMN07236448,SAMEA2783537,SAMN31673362,SAMN31673737,SAMN31672877,SAMN31673155,SAMN31672839,SAMN31672838,SAMEA112803723,SAMEA7562038,SAMEA2710737,SAMN07236470,SAMEA2783008,SAMN30962881,SAMN30962577,SAMN14417068,SAMN31672983,SAMN14417051,SAMN31673721,SAMEA104394481,SAMEA2710880,SAMEA2783266,SAMEA2783448,SAMEA2782822,SAMEA2783252,SAMEA2783492,SAMN31031288,SAMEA2783323,SAMEA2782967,SAMN07236463
Cluster_15040	SAMN33018143,SAMN33018171,SAMEA2783383,SAMN33018166
Cluster_15041	SAMEA114757835,SAMEA2783067
Cluster_15049	SAMEA2783186,SAMEA2783145
Cluster_1519	SAMEA2783240,SAMEA2783239,SAMEA2710954
Cluster_15298	SAMEA2710812,SAMN04276653
Cluster_15361	SAMN14416896,SAMN14416940,SAMN07236400,SAMN15347472,SAMN14416782,SAMN14416802,SAMN14417043,SAMN14417021,SAMN14416916,SAMN14416798,SAMN14417181,SAMN14416769,SAMN14416979,SAMN14416993,SAMN14416988,SAMN14416781,SAMN09425877,SAMN14416801,SAMN14416809,SAMN33018155,SAMN33018120,SAMN14417022,SAMN33018126,SAMN31031122,SAMN07236366,SAMN07236364,SAMN06279753,SAMEA2782882,SAMEA2783388,SAMEA2710706,SAMEA114757894,SAMN41403654,SAMEA2710721,SAMN14416877,SAMEA2783290
Cluster_2192	SAMEA2783057,SAMEA2783333,SAMEA2710908,SAMEA2782874,SAMEA2782959,SAMEA2782850,SAMEA2710752
Cluster_2510	SAMEA2783609,SAMEA2782986
Cluster_2677	SAMEA2783329,SAMEA2783123
Cluster_3479	SAMEA2783410,SAMEA2783466
Cluster_3729	SAMEA2783095,SAMEA2783191
Cluster_3730	SAMEA2711062,SAMEA2783540
Cluster_3788	SAMEA2782960,SAMEA2710710,SAMEA2783494
Cluster_3793	SAMEA1405928,SAMN03647429,SAMEA2783508
Cluster_3923	SAMEA2710948,SAMEA2782831,SAMEA2710786,SAMEA2783572,SAMEA2783133
Cluster_3948	SAMEA2783560,SAMEA2782908
Cluster_4260	SAMEA2710935,SAMEA2783185,SAMEA2783183
Cluster_4718	SAMEA2782998,SAMEA2782863,SAMEA2783385
Cluster_5061	SAMEA2710859,SAMEA2783049,SAMEA2783497
Cluster_7820	SAMEA2783347,SAMEA2783065
Cluster_7917	SAMEA2710704,SAMEA2710771
Cluster_7973	SAMN14417122,SAMN14416919,SAMN14416949,SAMEA2782897,SAMN14416828,SAMN14417123,SAMN07236413,SAMN14417164
Cluster_8041	SAMEA2710705,SAMEA2783282,SAMEA2710798
Cluster_8287	SAMEA114757843,SAMEA2783519,SAMEA2782931
Cluster_8311	SAMEA2710700,SAMEA2783579,SAMEA2710846,SAMEA2783208,SAMEA2783399,SAMEA2782914,SAMEA2710745,SAMEA2783029,SAMEA2710725,SAMEA2711018,SAMEA2782913,SAMEA2782827,SAMEA2710747
Cluster_8344	SAMEA2782918,SAMEA2783280,SAMEA2783614
Cluster_8350	SAMEA2782943,SAMEA2783391,SAMEA2710992
Cluster_8679	SAMEA2783206,SAMEA2783159,SAMEA2783507
Cluster_8742	SAMEA2783573,SAMEA2783546,SAMEA2783154
Cluster_8743	SAMEA2710845,SAMEA2783522
Cluster_8781	SAMEA2782974,SAMEA2783184,SAMEA2783442,SAMEA2710852,SAMEA2711035
Cluster_8857	SAMEA2783339,SAMEA2783223
Cluster_8864	SAMEA2710778,SAMEA2782818,SAMEA2783298,SAMEA2782860
Cluster_8881	SAMEA2783607,SAMEA2783581
Cluster_8928	SAMEA968146,SAMEA968125,SAMEA968128,SAMEA2783276,SAMN07236311,SAMN07236314
Cluster_9122	SAMEA2783465,SAMEA2710697
Cluster_923	SAMEA2710773,SAMEA14269013,SAMEA115164421
Cluster_9251	SAMEA2710903,SAMEA2710828
Cluster_9253	SAMEA2783591,SAMEA2710947,SAMEA2783038,SAMEA2783281,SAMN41154532,SAMEA2783326,SAMN30950576,SAMEA2783398,SAMEA2710765,SAMN41154461,SAMEA2710800
Cluster_9273	SAMEA2783427,SAMEA2782907,SAMEA2783203,SAMEA2710920
Cluster_9325	SAMEA2783484,SAMEA2783160
Cluster_9367	SAMEA2783548,SAMEA2710944
Cluster_9442	SAMEA2783234,SAMEA2783517,SAMEA2710839
Cluster_9443	SAMEA2711001,SAMEA2783472,SAMEA2783331,SAMEA2711029
Cluster_9444	SAMEA2711014,SAMEA2710883,SAMEA2783474,SAMEA114757866
Cluster_9468	SAMEA2783259,SAMEA2711039
Cluster_9587	SAMEA2783010,SAMEA2710970,SAMEA114757889
Cluster_9611	SAMEA2783617,SAMEA114757839
Cluster_9662	SAMEA2783092,SAMEA2783588
Cluster_9666	SAMEA2783521,SAMEA2783328,SAMEA2783026
Cluster_9814	SAMEA2783330,SAMEA2783195,SAMEA2783499
