"Samples","Filogenia1","Filogenia2"
"SAMEA2783195","Renamed_cluster_95","Renamed_cluster_95"
"SAMEA2783330","Renamed_cluster_95","Renamed_cluster_95"
"SAMEA2783499","Renamed_cluster_95","Renamed_cluster_95"
"SAMEA114757843","Renamed_cluster_94","Renamed_cluster_94"
"SAMEA2782931","Renamed_cluster_94","Renamed_cluster_94"
"SAMEA2783519","Renamed_cluster_94","Renamed_cluster_94"
"SAMEA2782897","Renamed_cluster_93","Renamed_cluster_93"
"SAMN07236413","Renamed_cluster_93","Renamed_cluster_93"
"SAMN14416828","Renamed_cluster_93","Renamed_cluster_93"
"SAMN14416919","Renamed_cluster_93","Renamed_cluster_93"
"SAMN14416949","Renamed_cluster_93","Renamed_cluster_93"
"SAMN14417122","Renamed_cluster_93","Renamed_cluster_93"
"SAMN14417123","Renamed_cluster_93","Renamed_cluster_93"
"SAMN14417164","Renamed_cluster_93","Renamed_cluster_93"
"SAMEA2783159","Renamed_cluster_92","Renamed_cluster_92"
"SAMEA2783206","Renamed_cluster_92","Renamed_cluster_92"
"SAMEA2783507","Renamed_cluster_92","Renamed_cluster_92"
"SAMEA2710852","Renamed_cluster_91","Renamed_cluster_91"
"SAMEA2711035","Renamed_cluster_91","Renamed_cluster_91"
"SAMEA2782974","Renamed_cluster_91","Renamed_cluster_91"
"SAMEA2783184","Renamed_cluster_91","Renamed_cluster_91"
"SAMEA2783442","Renamed_cluster_91","Renamed_cluster_91"
"SAMEA2782932","Renamed_cluster_90","Renamed_cluster_90"
"SAMEA2783098","Renamed_cluster_90","Renamed_cluster_90"
"SAMEA2783377","Renamed_cluster_90","Renamed_cluster_90"
"SAMEA2783443","Renamed_cluster_90","Renamed_cluster_90"
"SAMEA2710710","Renamed_cluster_9","Renamed_cluster_9"
"SAMEA2782960","Renamed_cluster_9","Renamed_cluster_9"
"SAMEA2783494","Renamed_cluster_9","Renamed_cluster_9"
"SAMEA2783154","Renamed_cluster_89","Renamed_cluster_89"
"SAMEA2783546","Renamed_cluster_89","Renamed_cluster_89"
"SAMEA2783573","Renamed_cluster_89","Renamed_cluster_89"
"SAMEA2710845","Renamed_cluster_88","Renamed_cluster_88"
"SAMEA2783522","Renamed_cluster_88","Renamed_cluster_88"
"SAMEA2782918","Renamed_cluster_87","Renamed_cluster_87"
"SAMEA2783280","Renamed_cluster_87","Renamed_cluster_87"
"SAMEA2783614","Renamed_cluster_87","Renamed_cluster_87"
"SAMEA2710700","Renamed_cluster_86","Renamed_cluster_86"
"SAMEA2710725","Renamed_cluster_86","Renamed_cluster_86"
"SAMEA2710745","Renamed_cluster_86","Renamed_cluster_86"
"SAMEA2710747","Renamed_cluster_86","Renamed_cluster_86"
"SAMEA2710846","Renamed_cluster_86","Renamed_cluster_86"
"SAMEA2711018","Renamed_cluster_86","Renamed_cluster_86"
"SAMEA2782827","Renamed_cluster_86","Renamed_cluster_86"
"SAMEA2782913","Renamed_cluster_86","Renamed_cluster_86"
"SAMEA2782914","Renamed_cluster_86","Renamed_cluster_86"
"SAMEA2783029","Renamed_cluster_86","Renamed_cluster_86"
"SAMEA2783208","Renamed_cluster_86","Renamed_cluster_86"
"SAMEA2783399","Renamed_cluster_86","Renamed_cluster_86"
"SAMEA2783579","Renamed_cluster_86","Renamed_cluster_86"
"SAMEA2710992","Renamed_cluster_85","Renamed_cluster_85"
"SAMEA2782943","Renamed_cluster_85","Renamed_cluster_85"
"SAMEA2783391","Renamed_cluster_85","Renamed_cluster_85"
"SAMEA2710765","Renamed_cluster_84","Renamed_cluster_84"
"SAMEA2710800","Renamed_cluster_84","Renamed_cluster_84"
"SAMEA2710947","Renamed_cluster_84","Renamed_cluster_84"
"SAMEA2783038","Renamed_cluster_84","Renamed_cluster_84"
"SAMEA2783281","Renamed_cluster_84","Renamed_cluster_84"
"SAMEA2783326","Renamed_cluster_84","Renamed_cluster_84"
"SAMEA2783398","Renamed_cluster_84","Renamed_cluster_84"
"SAMEA2783591","Renamed_cluster_84","Renamed_cluster_84"
"SAMN30950576","Renamed_cluster_84","Renamed_cluster_84"
"SAMN41154461","Renamed_cluster_84","Renamed_cluster_84"
"SAMN41154532","Renamed_cluster_84","Renamed_cluster_84"
"SAMEA2710920","Renamed_cluster_83","Renamed_cluster_83"
"SAMEA2782907","Renamed_cluster_83","Renamed_cluster_83"
"SAMEA2783203","Renamed_cluster_83","Renamed_cluster_83"
"SAMEA2783427","Renamed_cluster_83","Renamed_cluster_83"
"SAMEA2783065","Renamed_cluster_82","Renamed_cluster_82"
"SAMEA2783347","Renamed_cluster_82","Renamed_cluster_82"
"SAMEA2710697","Renamed_cluster_81","Renamed_cluster_81"
"SAMEA2783465","Renamed_cluster_81","Renamed_cluster_81"
"SAMEA2783581","Renamed_cluster_80","Renamed_cluster_80"
"SAMEA2783607","Renamed_cluster_80","Renamed_cluster_80"
"SAMEA2711001","Renamed_cluster_8","Renamed_cluster_8"
"SAMEA2711029","Renamed_cluster_8","Renamed_cluster_8"
"SAMEA2783331","Renamed_cluster_8","Renamed_cluster_8"
"SAMEA2783472","Renamed_cluster_8","Renamed_cluster_8"
"SAMEA2782863","Renamed_cluster_79","Renamed_cluster_79"
"SAMEA2782998","Renamed_cluster_79","Renamed_cluster_79"
"SAMEA2783385","Renamed_cluster_79","Renamed_cluster_79"
"SAMEA2782986","Renamed_cluster_78","Renamed_cluster_78"
"SAMEA2783609","Renamed_cluster_78","Renamed_cluster_78"
"SAMEA2783066","Renamed_cluster_77","Renamed_cluster_77"
"SAMEA2783475","Renamed_cluster_77","Renamed_cluster_77"
"SAMEA2710840","Renamed_cluster_76","Renamed_cluster_76"
"SAMEA2710960","Renamed_cluster_76","Renamed_cluster_76"
"SAMEA2783112","Renamed_cluster_76","Renamed_cluster_76"
"SAMEA2783292","Renamed_cluster_76","Renamed_cluster_76"
"SAMEA2783523","Renamed_cluster_76","Renamed_cluster_76"
"SAMEA2783559","Renamed_cluster_76","Renamed_cluster_76"
"SAMN06279766","Renamed_cluster_76","Renamed_cluster_76"
"SAMEA2710705","Renamed_cluster_75","Renamed_cluster_75"
"SAMEA2710798","Renamed_cluster_75","Renamed_cluster_75"
"SAMEA2783282","Renamed_cluster_75","Renamed_cluster_75"
"SAMEA2782971","Renamed_cluster_74","Renamed_cluster_74"
"SAMEA2783039","Renamed_cluster_74","Renamed_cluster_74"
"SAMEA2710752","Renamed_cluster_73","Renamed_cluster_73"
"SAMEA2710908","Renamed_cluster_73","Renamed_cluster_73"
"SAMEA2782850","Renamed_cluster_73","Renamed_cluster_73"
"SAMEA2782874","Renamed_cluster_73","Renamed_cluster_73"
"SAMEA2782959","Renamed_cluster_73","Renamed_cluster_73"
"SAMEA2783057","Renamed_cluster_73","Renamed_cluster_73"
"SAMEA2783333","Renamed_cluster_73","Renamed_cluster_73"
"SAMEA2783223","Renamed_cluster_72","Renamed_cluster_72"
"SAMEA2783339","Renamed_cluster_72","Renamed_cluster_72"
"SAMEA114757894","Renamed_cluster_71","Renamed_cluster_71"
"SAMEA2710706","Renamed_cluster_71","Renamed_cluster_71"
"SAMEA2710721","Renamed_cluster_71","Renamed_cluster_71"
"SAMEA2782882","Renamed_cluster_71","Renamed_cluster_71"
"SAMEA2783290","Renamed_cluster_71","Renamed_cluster_71"
"SAMEA2783388","Renamed_cluster_71","Renamed_cluster_71"
"SAMN06279753","Renamed_cluster_71","Renamed_cluster_71"
"SAMN07236364","Renamed_cluster_71","Renamed_cluster_71"
"SAMN07236366","Renamed_cluster_71","Renamed_cluster_71"
"SAMN07236400","Renamed_cluster_71","Renamed_cluster_71"
"SAMN09425877","Renamed_cluster_71","Renamed_cluster_71"
"SAMN14416769","Renamed_cluster_71","Renamed_cluster_71"
"SAMN14416781","Renamed_cluster_71","Renamed_cluster_71"
"SAMN14416782","Renamed_cluster_71","Renamed_cluster_71"
"SAMN14416798","Renamed_cluster_71","Renamed_cluster_71"
"SAMN14416801","Renamed_cluster_71","Renamed_cluster_71"
"SAMN14416802","Renamed_cluster_71","Renamed_cluster_71"
"SAMN14416809","Renamed_cluster_71","Renamed_cluster_71"
"SAMN14416877","Renamed_cluster_71","Renamed_cluster_71"
"SAMN14416896","Renamed_cluster_71","Renamed_cluster_71"
"SAMN14416916","Renamed_cluster_71","Renamed_cluster_71"
"SAMN14416940","Renamed_cluster_71","Renamed_cluster_71"
"SAMN14416979","Renamed_cluster_71","Renamed_cluster_71"
"SAMN14416988","Renamed_cluster_71","Renamed_cluster_71"
"SAMN14416993","Renamed_cluster_71","Renamed_cluster_71"
"SAMN14417021","Renamed_cluster_71","Renamed_cluster_71"
"SAMN14417022","Renamed_cluster_71","Renamed_cluster_71"
"SAMN14417043","Renamed_cluster_71","Renamed_cluster_71"
"SAMN14417181","Renamed_cluster_71","Renamed_cluster_71"
"SAMN15347472","Renamed_cluster_71","Renamed_cluster_71"
"SAMN31031122","Renamed_cluster_71","Renamed_cluster_71"
"SAMN33018120","Renamed_cluster_71","Renamed_cluster_71"
"SAMN33018126","Renamed_cluster_71","Renamed_cluster_71"
"SAMN33018155","Renamed_cluster_71","Renamed_cluster_71"
"SAMN41403654","Renamed_cluster_71","Renamed_cluster_71"
"SAMEA2783518","Renamed_cluster_70","Renamed_cluster_70"
"SAMN07236507","Renamed_cluster_70","Renamed_cluster_70"
"SAMEA2710839","Renamed_cluster_7","Renamed_cluster_7"
"SAMEA2783234","Renamed_cluster_7","Renamed_cluster_7"
"SAMEA2783517","Renamed_cluster_7","Renamed_cluster_7"
"SAMEA2783151","Renamed_cluster_69","Renamed_cluster_69"
"SAMN06279757","Renamed_cluster_69","Renamed_cluster_69"
"SAMN06279784","Renamed_cluster_69","Renamed_cluster_69"
"SAMEA2710876","Renamed_cluster_68","Renamed_cluster_68"
"SAMEA2783141","Renamed_cluster_68","Renamed_cluster_68"
"SAMEA2783460","Renamed_cluster_68","Renamed_cluster_68"
"SAMEA2783567","Renamed_cluster_68","Renamed_cluster_68"
"SAMN14416970","Renamed_cluster_68","Renamed_cluster_68"
"SAMN31674178","Renamed_cluster_68","Renamed_cluster_68"
"SAMN31674192","Renamed_cluster_68","Renamed_cluster_68"
"SAMEA2711004","Renamed_cluster_67","Renamed_cluster_67"
"SAMEA2711041","Renamed_cluster_67","Renamed_cluster_67"
"SAMEA2782888","Renamed_cluster_67","Renamed_cluster_67"
"SAMEA2782904","Renamed_cluster_67","Renamed_cluster_67"
"SAMEA2782916","Renamed_cluster_67","Renamed_cluster_67"
"SAMEA2783163","Renamed_cluster_67","Renamed_cluster_67"
"SAMEA2783177","Renamed_cluster_67","Renamed_cluster_67"
"SAMEA2783291","Renamed_cluster_67","Renamed_cluster_67"
"SAMEA2783332","Renamed_cluster_67","Renamed_cluster_67"
"SAMEA2783512","Renamed_cluster_67","Renamed_cluster_67"
"SAMEA2783145","Renamed_cluster_66","Renamed_cluster_66"
"SAMEA2783186","Renamed_cluster_66","Renamed_cluster_66"
"SAMEA114757835","Renamed_cluster_65","Renamed_cluster_65"
"SAMEA2783067","Renamed_cluster_65","Renamed_cluster_65"
"SAMEA2710935","Renamed_cluster_64","Renamed_cluster_64"
"SAMEA2783183","Renamed_cluster_64","Renamed_cluster_64"
"SAMEA2783185","Renamed_cluster_64","Renamed_cluster_64"
"SAMEA104394481","Renamed_cluster_63","Renamed_cluster_63"
"SAMEA112803723","Renamed_cluster_63","Renamed_cluster_63"
"SAMEA2710737","Renamed_cluster_63","Renamed_cluster_63"
"SAMEA2710880","Renamed_cluster_63","Renamed_cluster_63"
"SAMEA2782822","Renamed_cluster_63","Renamed_cluster_63"
"SAMEA2782967","Renamed_cluster_63","Renamed_cluster_63"
"SAMEA2782995","Renamed_cluster_63","Renamed_cluster_63"
"SAMEA2783008","Renamed_cluster_63","Renamed_cluster_63"
"SAMEA2783252","Renamed_cluster_63","Renamed_cluster_63"
"SAMEA2783266","Renamed_cluster_63","Renamed_cluster_63"
"SAMEA2783316","Renamed_cluster_63","Renamed_cluster_63"
"SAMEA2783323","Renamed_cluster_63","Renamed_cluster_63"
"SAMEA2783448","Renamed_cluster_63","Renamed_cluster_63"
"SAMEA2783492","Renamed_cluster_63","Renamed_cluster_63"
"SAMEA2783537","Renamed_cluster_63","Renamed_cluster_63"
"SAMEA2783578","Renamed_cluster_63","Renamed_cluster_63"
"SAMEA7549953","Renamed_cluster_63","Renamed_cluster_63"
"SAMEA7554470","Renamed_cluster_63","Renamed_cluster_63"
"SAMEA7555965","Renamed_cluster_63","Renamed_cluster_63"
"SAMEA7562038","Renamed_cluster_63","Renamed_cluster_63"
"SAMN07236442","Renamed_cluster_63","Renamed_cluster_63"
"SAMN07236448","Renamed_cluster_63","Renamed_cluster_63"
"SAMN07236463","Renamed_cluster_63","Renamed_cluster_63"
"SAMN07236464","Renamed_cluster_63","Renamed_cluster_63"
"SAMN07236470","Renamed_cluster_63","Renamed_cluster_63"
"SAMN07236481","Renamed_cluster_63","Renamed_cluster_63"
"SAMN14416895","Renamed_cluster_63","Renamed_cluster_63"
"SAMN14417051","Renamed_cluster_63","Renamed_cluster_63"
"SAMN14417068","Renamed_cluster_63","Renamed_cluster_63"
"SAMN27763052","Renamed_cluster_63","Renamed_cluster_63"
"SAMN30962577","Renamed_cluster_63","Renamed_cluster_63"
"SAMN30962881","Renamed_cluster_63","Renamed_cluster_63"
"SAMN31031288","Renamed_cluster_63","Renamed_cluster_63"
"SAMN31672838","Renamed_cluster_63","Renamed_cluster_63"
"SAMN31672839","Renamed_cluster_63","Renamed_cluster_63"
"SAMN31672877","Renamed_cluster_63","Renamed_cluster_63"
"SAMN31672983","Renamed_cluster_63","Renamed_cluster_63"
"SAMN31673155","Renamed_cluster_63","Renamed_cluster_63"
"SAMN31673362","Renamed_cluster_63","Renamed_cluster_63"
"SAMN31673721","Renamed_cluster_63","Renamed_cluster_63"
"SAMN31673737","Renamed_cluster_63","Renamed_cluster_63"
"SAMN34257501","Renamed_cluster_63","Renamed_cluster_63"
"SAMN39286790","Renamed_cluster_63","Renamed_cluster_63"
"SAMEA2710788","Renamed_cluster_62","Renamed_cluster_62"
"SAMEA2783403","Renamed_cluster_62","Renamed_cluster_62"
"SAMEA2710864","Renamed_cluster_61","Renamed_cluster_61"
"SAMEA2783313","Renamed_cluster_61","Renamed_cluster_61"
"SAMEA2783134","Renamed_cluster_60","Renamed_cluster_60"
"SAMEA2783325","Renamed_cluster_60","Renamed_cluster_60"
"SAMN07236426","Renamed_cluster_60","Renamed_cluster_60"
"SAMN07236497","Renamed_cluster_60","Renamed_cluster_60"
"SAMEA2782908","Renamed_cluster_6","Renamed_cluster_6"
"SAMEA2783560","Renamed_cluster_6","Renamed_cluster_6"
"SAMEA2782884","Renamed_cluster_59","Renamed_cluster_59"
"SAMEA2783144","Renamed_cluster_59","Renamed_cluster_59"
"SAMEA2783445","Renamed_cluster_58","Renamed_cluster_58"
"SAMEA2783600","Renamed_cluster_58","Renamed_cluster_58"
"SAMEA2783090","Renamed_cluster_57","Renamed_cluster_57"
"SAMN14417299","Renamed_cluster_57","Renamed_cluster_57"
"SAMEA2710965","Renamed_cluster_56","Renamed_cluster_56"
"SAMEA2782981","Renamed_cluster_56","Renamed_cluster_56"
"SAMEA2782997","Renamed_cluster_56","Renamed_cluster_56"
"SAMEA114757852","Renamed_cluster_55","Renamed_cluster_55"
"SAMEA2533789","Renamed_cluster_55","Renamed_cluster_55"
"SAMEA2710692","Renamed_cluster_55","Renamed_cluster_55"
"SAMEA2710723","Renamed_cluster_55","Renamed_cluster_55"
"SAMEA2710739","Renamed_cluster_55","Renamed_cluster_55"
"SAMEA2710769","Renamed_cluster_55","Renamed_cluster_55"
"SAMEA2710882","Renamed_cluster_55","Renamed_cluster_55"
"SAMEA2710923","Renamed_cluster_55","Renamed_cluster_55"
"SAMEA2710945","Renamed_cluster_55","Renamed_cluster_55"
"SAMEA2711008","Renamed_cluster_55","Renamed_cluster_55"
"SAMEA2782890","Renamed_cluster_55","Renamed_cluster_55"
"SAMEA2782896","Renamed_cluster_55","Renamed_cluster_55"
"SAMEA2783023","Renamed_cluster_55","Renamed_cluster_55"
"SAMEA2783035","Renamed_cluster_55","Renamed_cluster_55"
"SAMEA2783043","Renamed_cluster_55","Renamed_cluster_55"
"SAMEA2783069","Renamed_cluster_55","Renamed_cluster_55"
"SAMEA2783111","Renamed_cluster_55","Renamed_cluster_55"
"SAMEA2783113","Renamed_cluster_55","Renamed_cluster_55"
"SAMEA2783254","Renamed_cluster_55","Renamed_cluster_55"
"SAMEA2783293","Renamed_cluster_55","Renamed_cluster_55"
"SAMEA2783315","Renamed_cluster_55","Renamed_cluster_55"
"SAMEA2783318","Renamed_cluster_55","Renamed_cluster_55"
"SAMEA2783373","Renamed_cluster_55","Renamed_cluster_55"
"SAMEA2783415","Renamed_cluster_55","Renamed_cluster_55"
"SAMEA2783515","Renamed_cluster_55","Renamed_cluster_55"
"SAMEA2783583","Renamed_cluster_55","Renamed_cluster_55"
"SAMN06279782","Renamed_cluster_55","Renamed_cluster_55"
"SAMN10462558","Renamed_cluster_55","Renamed_cluster_55"
"SAMN14416870","Renamed_cluster_55","Renamed_cluster_55"
"SAMEA2710869","Renamed_cluster_54","Renamed_cluster_54"
"SAMEA2782941","Renamed_cluster_54","Renamed_cluster_54"
"SAMEA2783205","Renamed_cluster_54","Renamed_cluster_54"
"SAMEA2783274","Renamed_cluster_54","Renamed_cluster_54"
"SAMN13735721","Renamed_cluster_54","Renamed_cluster_54"
"SAMN14416918","Renamed_cluster_54","Renamed_cluster_54"
"SAMN14417034","Renamed_cluster_54","Renamed_cluster_54"
"SAMN14417144","Renamed_cluster_54","Renamed_cluster_54"
"SAMN14417293","Renamed_cluster_54","Renamed_cluster_54"
"SAMN31672683","Renamed_cluster_54","Renamed_cluster_54"
"SAMEA114757864","Renamed_cluster_53","Renamed_cluster_53"
"SAMEA2710699","Renamed_cluster_53","Renamed_cluster_53"
"SAMEA2710711","Renamed_cluster_53","Renamed_cluster_53"
"SAMEA2710738","Renamed_cluster_53","Renamed_cluster_53"
"SAMEA2710860","Renamed_cluster_53","Renamed_cluster_53"
"SAMEA2710911","Renamed_cluster_53","Renamed_cluster_53"
"SAMEA2711063","Renamed_cluster_53","Renamed_cluster_53"
"SAMEA2782847","Renamed_cluster_53","Renamed_cluster_53"
"SAMEA2782900","Renamed_cluster_53","Renamed_cluster_53"
"SAMEA2782923","Renamed_cluster_53","Renamed_cluster_53"
"SAMEA2782976","Renamed_cluster_53","Renamed_cluster_53"
"SAMEA2783016","Renamed_cluster_53","Renamed_cluster_53"
"SAMEA2783040","Renamed_cluster_53","Renamed_cluster_53"
"SAMEA2783044","Renamed_cluster_53","Renamed_cluster_53"
"SAMEA2783094","Renamed_cluster_53","Renamed_cluster_53"
"SAMEA2783097","Renamed_cluster_53","Renamed_cluster_53"
"SAMEA2783102","Renamed_cluster_53","Renamed_cluster_53"
"SAMEA2783131","Renamed_cluster_53","Renamed_cluster_53"
"SAMEA2783165","Renamed_cluster_53","Renamed_cluster_53"
"SAMEA2783173","Renamed_cluster_53","Renamed_cluster_53"
"SAMEA2783229","Renamed_cluster_53","Renamed_cluster_53"
"SAMEA2783230","Renamed_cluster_53","Renamed_cluster_53"
"SAMEA2783236","Renamed_cluster_53","Renamed_cluster_53"
"SAMEA2783278","Renamed_cluster_53","Renamed_cluster_53"
"SAMEA2783283","Renamed_cluster_53","Renamed_cluster_53"
"SAMEA2783337","Renamed_cluster_53","Renamed_cluster_53"
"SAMEA2783413","Renamed_cluster_53","Renamed_cluster_53"
"SAMEA2783418","Renamed_cluster_53","Renamed_cluster_53"
"SAMEA2783511","Renamed_cluster_53","Renamed_cluster_53"
"SAMEA2783547","Renamed_cluster_53","Renamed_cluster_53"
"SAMEA2783625","Renamed_cluster_53","Renamed_cluster_53"
"SAMN13735709","Renamed_cluster_53","Renamed_cluster_53"
"SAMN14416727","Renamed_cluster_53","Renamed_cluster_53"
"SAMN14416941","Renamed_cluster_53","Renamed_cluster_53"
"SAMN14416956","Renamed_cluster_53","Renamed_cluster_53"
"SAMN14417281","Renamed_cluster_53","Renamed_cluster_53"
"SAMEA2710748","Renamed_cluster_52","Renamed_cluster_52"
"SAMEA2710776","Renamed_cluster_52","Renamed_cluster_52"
"SAMEA2783027","Renamed_cluster_52","Renamed_cluster_52"
"SAMEA2783432","Renamed_cluster_52","Renamed_cluster_52"
"SAMN14417050","Renamed_cluster_52","Renamed_cluster_52"
"SAMEA2710821","Renamed_cluster_51","Renamed_cluster_51"
"SAMEA2710872","Renamed_cluster_51","Renamed_cluster_51"
"SAMEA2710926","Renamed_cluster_51","Renamed_cluster_51"
"SAMEA2783528","Renamed_cluster_51","Renamed_cluster_51"
"SAMEA2782961","Renamed_cluster_50","Renamed_cluster_50"
"SAMEA2783539","Renamed_cluster_50","Renamed_cluster_50"
"SAMEA2783320","Renamed_cluster_5","Renamed_cluster_5"
"SAMN06279767","Renamed_cluster_5","Renamed_cluster_5"
"SAMEA2783380","Renamed_cluster_49","Renamed_cluster_49"
"SAMN07236343","Renamed_cluster_49","Renamed_cluster_49"
"SAMEA2782893","Renamed_cluster_48","Renamed_cluster_48"
"SAMEA2782962","Renamed_cluster_48","Renamed_cluster_48"
"SAMEA13119942","Renamed_cluster_47","Renamed_cluster_47"
"SAMEA2783620","Renamed_cluster_47","Renamed_cluster_47"
"SAMEA2710719","Renamed_cluster_46","Renamed_cluster_46"
"SAMEA2782852","Renamed_cluster_46","Renamed_cluster_46"
"SAMEA2782886","Renamed_cluster_46","Renamed_cluster_46"
"SAMEA2783152","Renamed_cluster_46","Renamed_cluster_46"
"SAMEA2783526","Renamed_cluster_46","Renamed_cluster_46"
"SAMEA3448210","Renamed_cluster_46","Renamed_cluster_46"
"SAMEA2783305","Renamed_cluster_45","Renamed_cluster_45"
"SAMEA2783396","Renamed_cluster_45","Renamed_cluster_45"
"SAMEA2783135","Renamed_cluster_44","Renamed_cluster_44"
"SAMEA2783138","Renamed_cluster_44","Renamed_cluster_44"
"SAMEA2783190","Renamed_cluster_44","Renamed_cluster_44"
"SAMEA2710984","Renamed_cluster_43","Renamed_cluster_43"
"SAMEA2783161","Renamed_cluster_43","Renamed_cluster_43"
"SAMN07766145","Renamed_cluster_43","Renamed_cluster_43"
"SAMEA2783376","Renamed_cluster_42","Renamed_cluster_42"
"SAMN07236436","Renamed_cluster_42","Renamed_cluster_42"
"SAMN39286824","Renamed_cluster_42","Renamed_cluster_42"
"SAMEA2710829","Renamed_cluster_41","Renamed_cluster_41"
"SAMEA2782992","Renamed_cluster_41","Renamed_cluster_41"
"SAMEA2710861","Renamed_cluster_40","Renamed_cluster_40"
"SAMEA2783196","Renamed_cluster_40","Renamed_cluster_40"
"SAMEA2782979","Renamed_cluster_4","Renamed_cluster_4"
"SAMEA2783024","Renamed_cluster_4","Renamed_cluster_4"
"SAMEA2783087","Renamed_cluster_4","Renamed_cluster_4"
"SAMEA2783471","Renamed_cluster_4","Renamed_cluster_4"
"SAMN31673899","Renamed_cluster_4","Renamed_cluster_4"
"SAMEA2710783","Renamed_cluster_39","Renamed_cluster_39"
"SAMEA2783372","Renamed_cluster_39","Renamed_cluster_39"
"SAMEA2783095","Renamed_cluster_38","Renamed_cluster_38"
"SAMEA2783191","Renamed_cluster_38","Renamed_cluster_38"
"SAMEA2711016","Renamed_cluster_37","Renamed_cluster_37"
"SAMEA2783284","Renamed_cluster_37","Renamed_cluster_37"
"SAMEA2783576","Renamed_cluster_36","Renamed_cluster_36"
"SAMEA5282369","Renamed_cluster_36","Renamed_cluster_36"
"SAMN04276839","Renamed_cluster_36","Renamed_cluster_36"
"SAMN04276841","Renamed_cluster_36","Renamed_cluster_36"
"SAMEA2710717","Renamed_cluster_35","Renamed_cluster_35"
"SAMEA2783034","Renamed_cluster_35","Renamed_cluster_35"
"SAMEA2783509","Renamed_cluster_34","Renamed_cluster_34"
"SAMEA2783541","Renamed_cluster_34","Renamed_cluster_34"
"SAMEA2783083","Renamed_cluster_33","Renamed_cluster_33"
"SAMEA2783201","Renamed_cluster_33","Renamed_cluster_33"
"SAMEA114757884","Renamed_cluster_32","Renamed_cluster_32"
"SAMEA2783220","Renamed_cluster_32","Renamed_cluster_32"
"SAMN14417214","Renamed_cluster_32","Renamed_cluster_32"
"SAMEA2783288","Renamed_cluster_31","Renamed_cluster_31"
"SAMEA2783392","Renamed_cluster_31","Renamed_cluster_31"
"SAMEA2783544","Renamed_cluster_31","Renamed_cluster_31"
"SAMEA2783022","Renamed_cluster_30","Renamed_cluster_30"
"SAMEA2783091","Renamed_cluster_30","Renamed_cluster_30"
"SAMEA2783395","Renamed_cluster_30","Renamed_cluster_30"
"SAMEA2710957","Renamed_cluster_3","Renamed_cluster_3"
"SAMEA2782889","Renamed_cluster_3","Renamed_cluster_3"
"SAMEA2783319","Renamed_cluster_3","Renamed_cluster_3"
"SAMEA2710909","Renamed_cluster_29","Renamed_cluster_29"
"SAMN06279786","Renamed_cluster_29","Renamed_cluster_29"
"SAMEA2711013","Renamed_cluster_28","Renamed_cluster_28"
"SAMEA2783036","Renamed_cluster_28","Renamed_cluster_28"
"SAMEA2783048","Renamed_cluster_27","Renamed_cluster_27"
"SAMEA2783146","Renamed_cluster_27","Renamed_cluster_27"
"SAMEA2783018","Renamed_cluster_26","Renamed_cluster_26"
"SAMEA2783463","Renamed_cluster_26","Renamed_cluster_26"
"SAMEA2710951","Renamed_cluster_25","Renamed_cluster_25"
"SAMEA2782910","Renamed_cluster_25","Renamed_cluster_25"
"SAMEA2783140","Renamed_cluster_25","Renamed_cluster_25"
"SAMEA2783263","Renamed_cluster_25","Renamed_cluster_25"
"SAMN31673027","Renamed_cluster_25","Renamed_cluster_25"
"SAMEA2782878","Renamed_cluster_24","Renamed_cluster_24"
"SAMEA2783006","Renamed_cluster_24","Renamed_cluster_24"
"SAMEA2710797","Renamed_cluster_23","Renamed_cluster_23"
"SAMEA2710942","Renamed_cluster_23","Renamed_cluster_23"
"SAMEA2782957","Renamed_cluster_23","Renamed_cluster_23"
"SAMEA2782899","Renamed_cluster_22","Renamed_cluster_22"
"SAMEA2783118","Renamed_cluster_22","Renamed_cluster_22"
"SAMEA2783193","Renamed_cluster_22","Renamed_cluster_22"
"SAMEA2783534","Renamed_cluster_22","Renamed_cluster_22"
"SAMEA2710986","Renamed_cluster_21","Renamed_cluster_21"
"SAMEA2711010","Renamed_cluster_21","Renamed_cluster_21"
"SAMEA2783470","Renamed_cluster_21","Renamed_cluster_21"
"SAMEA2710761","Renamed_cluster_20","Renamed_cluster_20"
"SAMEA2710803","Renamed_cluster_20","Renamed_cluster_20"
"SAMEA2710833","Renamed_cluster_20","Renamed_cluster_20"
"SAMEA2710854","Renamed_cluster_20","Renamed_cluster_20"
"SAMEA2782879","Renamed_cluster_20","Renamed_cluster_20"
"SAMEA2782973","Renamed_cluster_20","Renamed_cluster_20"
"SAMEA2782984","Renamed_cluster_20","Renamed_cluster_20"
"SAMEA2783031","Renamed_cluster_20","Renamed_cluster_20"
"SAMEA2783076","Renamed_cluster_20","Renamed_cluster_20"
"SAMEA2783085","Renamed_cluster_20","Renamed_cluster_20"
"SAMEA2783121","Renamed_cluster_20","Renamed_cluster_20"
"SAMEA2783155","Renamed_cluster_20","Renamed_cluster_20"
"SAMEA2783168","Renamed_cluster_20","Renamed_cluster_20"
"SAMEA2783289","Renamed_cluster_20","Renamed_cluster_20"
"SAMEA2783306","Renamed_cluster_20","Renamed_cluster_20"
"SAMEA2783340","Renamed_cluster_20","Renamed_cluster_20"
"SAMEA2783344","Renamed_cluster_20","Renamed_cluster_20"
"SAMEA2783436","Renamed_cluster_20","Renamed_cluster_20"
"SAMEA2783437","Renamed_cluster_20","Renamed_cluster_20"
"SAMEA2783532","Renamed_cluster_20","Renamed_cluster_20"
"SAMEA2783584","Renamed_cluster_20","Renamed_cluster_20"
"SAMN06279770","Renamed_cluster_20","Renamed_cluster_20"
"SAMN06279771","Renamed_cluster_20","Renamed_cluster_20"
"SAMN06279772","Renamed_cluster_20","Renamed_cluster_20"
"SAMEA2710734","Renamed_cluster_2","Renamed_cluster_2"
"SAMEA2710774","Renamed_cluster_2","Renamed_cluster_2"
"SAMEA2711026","Renamed_cluster_19","Renamed_cluster_19"
"SAMEA2782975","Renamed_cluster_19","Renamed_cluster_19"
"SAMEA2783101","Renamed_cluster_19","Renamed_cluster_19"
"SAMEA2783343","Renamed_cluster_19","Renamed_cluster_19"
"SAMEA2710760","Renamed_cluster_18","Renamed_cluster_18"
"SAMEA2710811","Renamed_cluster_18","Renamed_cluster_18"
"SAMEA2782980","Renamed_cluster_18","Renamed_cluster_18"
"SAMEA2783179","Renamed_cluster_18","Renamed_cluster_18"
"SAMEA2711028","Renamed_cluster_17","Renamed_cluster_17"
"SAMEA2783107","Renamed_cluster_17","Renamed_cluster_17"
"SAMEA2782880","Renamed_cluster_16","Renamed_cluster_16"
"SAMEA2783345","Renamed_cluster_16","Renamed_cluster_16"
"SAMEA2710722","Renamed_cluster_15","Renamed_cluster_15"
"SAMEA2710762","Renamed_cluster_15","Renamed_cluster_15"
"SAMEA2782845","Renamed_cluster_15","Renamed_cluster_15"
"SAMEA2783267","Renamed_cluster_15","Renamed_cluster_15"
"SAMEA114757848","Renamed_cluster_14","Renamed_cluster_14"
"SAMEA2783071","Renamed_cluster_14","Renamed_cluster_14"
"SAMEA2783233","Renamed_cluster_14","Renamed_cluster_14"
"SAMEA2711032","Renamed_cluster_13","Renamed_cluster_13"
"SAMEA2782875","Renamed_cluster_13","Renamed_cluster_13"
"SAMEA2783231","Renamed_cluster_13","Renamed_cluster_13"
"SAMEA2783335","Renamed_cluster_13","Renamed_cluster_13"
"SAMN31031255","Renamed_cluster_13","Renamed_cluster_13"
"SAMEA2782945","Renamed_cluster_12","Renamed_cluster_12"
"SAMEA2783041","Renamed_cluster_12","Renamed_cluster_12"
"SAMEA2783096","Renamed_cluster_12","Renamed_cluster_12"
"SAMEA2783401","Renamed_cluster_12","Renamed_cluster_12"
"SAMEA2783417","Renamed_cluster_12","Renamed_cluster_12"
"SAMEA2783026","Renamed_cluster_11","Renamed_cluster_11"
"SAMEA2783328","Renamed_cluster_11","Renamed_cluster_11"
"SAMEA2783521","Renamed_cluster_11","Renamed_cluster_11"
"SAMEA2783092","Renamed_cluster_10","Renamed_cluster_10"
"SAMEA2783588","Renamed_cluster_10","Renamed_cluster_10"
"SAMEA2783160","Renamed_cluster_1","Renamed_cluster_1"
"SAMEA2783484","Renamed_cluster_1","Renamed_cluster_1"
"SAMEA2783276","Not_in_cluster_in_regular_phylo","Cluster_8928"
"SAMEA968125","Not_in_cluster_in_regular_phylo","Cluster_8928"
"SAMEA968128","Not_in_cluster_in_regular_phylo","Cluster_8928"
"SAMEA968146","Not_in_cluster_in_regular_phylo","Cluster_8928"
"SAMN07236311","Not_in_cluster_in_regular_phylo","Cluster_8928"
"SAMN07236314","Not_in_cluster_in_regular_phylo","Cluster_8928"
"SAMEA2782919","Cluster_15065","Not_in_cluster_in_placed_phylo"
"SAMEA2783104","Cluster_15065","Not_in_cluster_in_placed_phylo"
"SAMEA2783054","Cluster_13728","Not_in_cluster_in_placed_phylo"
"SAMEA2783606","Cluster_13728","Not_in_cluster_in_placed_phylo"
"SAMEA2710981","Renamed_cluster_96","Renamed_cluster_96"
"SAMEA2782902","Cluster_13051","Not_in_cluster_in_placed_phylo"
"SAMEA2783286","Renamed_cluster_96","Renamed_cluster_96"
