Cluster	Samples
Cluster_122	SAMN19688152,SAMN04633340
Cluster_123	SAMN40655303,SAMN19657198,SAMN19687933
Cluster_146	SAMEA8741401,SAMN40466052,SAMN19657338
Cluster_162	SAMN19688374,SAMN19688599
Cluster_173	SAMN19657848,SAMN09914646,SAMN40466106,SAMN19657501,SAMN09756325,SAMEA112298829
Cluster_174	SAMN19657563,SAMN40655290
Cluster_176	SAMN19688022,SAMN19687859
Cluster_177	SAMN19688156,SAMN40655448,SAMN19688155,SAMN40466087,SAMN19688248,SAMN19688403,SAMN19688247
Cluster_184	SAMN33756488,SAMEA12850668,SAMN19688053
Cluster_191	SAMN19694025,SAMEA112800410
Cluster_203	SAMN19658140,SAMN33010930,SAMN27519676,SAMN33010856
Cluster_214	SAMN19657233,SAMN19657265,SAMN19657402
Cluster_216	SAMEA3357589,SAMEA1118566,SAMN08709217,SAMEA2399480,SAMEA1118695,SAMN19688717
Cluster_222	SAMN19657704,SAMN19687773,SAMN19688233
Cluster_224	SAMN19688571,SAMN13169443,SAMN09914664,SAMN09914649
Cluster_225	SAMN19688519,SAMN19688479
Cluster_226	SAMN09651731,SAMN40273051,SAMEA7562461,SAMN08612850,SAMN40273454,SAMN08379839,SAMN19657442,SAMN08379779,SAMN08379945,SAMN33756314,SAMN08379804,SAMN33756326
Cluster_260	SAMN33010968,SAMN19688394
Cluster_266	SAMN40466194,SAMN33010724,SAMN19657718
Cluster_268	SAMN19658031,SAMEA114236207,SAMEA112806984,SAMEA112799114,SAMN19657831,SAMN13169590
Cluster_269	SAMN33010834,SAMN19657662,SAMEA7617421
Cluster_277	SAMN19687879,SAMN19688269
Cluster_283	SAMN19657571,SAMN19657422
Cluster_290	SAMN19657303,SAMN19688357,SAMN19657304
Cluster_291	SAMN19687996,SAMN19687993
Cluster_292	SAMN19688627,SAMN19688626,SAMN40655446,SAMN19694046,SAMN19687907,SAMN13169791,SAMN19688629,SAMN19688624,SAMN19688628,SAMN19688625
Cluster_293	SAMN19687906,SAMN19657634
Cluster_294	SAMN40655399,SAMN19688296
Cluster_297	SAMN19688118,SAMN19658026,SAMEA10030414,SAMN13169454,SAMN19688084,SAMN02584587
Cluster_299	SAMN40466015,SAMN19657191,SAMN19658146
Cluster_300	SAMN19657939,SAMN19658127,SAMN13169509,SAMN19658132
Cluster_301	SAMN40655413,SAMN19688185,SAMN19688187,SAMN40655363,SAMN19688186
Cluster_302	SAMN13169710,SAMN19657821
Cluster_303	SAMN40273513,SAMN19658089
Cluster_305	SAMN19657413,SAMN19657588
Cluster_309	SAMN19688091,SAMN19688092
Cluster_310	SAMN19657208,SAMN09756211,SAMN19657728,SAMN19657357
Cluster_312	SAMN19694169,SAMN19658040,SAMN40655464,SAMN40655377,SAMN40655463
Cluster_314	SAMN19688138,SAMN19687865
Cluster_315	SAMN09756088,SAMN19657943,SAMN09914641
Cluster_316	SAMN33860558,SAMN19688679,SAMEA2533743,SAMN40655441,SAMEA2533430
Cluster_317	SAMN19657650,SAMN19657437
Cluster_32	SAMN19657512,SAMN33010825
Cluster_324	SAMN40655398,SAMN19658000,SAMN19657954
Cluster_328	SAMN19657531,SAMN19657636,SAMN19694181,SAMN19657483,SAMN19657671,SAMN19688006
Cluster_334	SAMN19657916,SAMN19687835,SAMN19687832
Cluster_336	SAMN40466192,SAMN19687944,SAMN33010897
Cluster_337	SAMN08636974,SAMN19657421,SAMN19657643
Cluster_338	SAMN19694094,SAMEA7617445,SAMEA7617431
Cluster_339	SAMN19688267,SAMEA6153243,SAMEA2533889
Cluster_340	SAMN19657712,SAMN19657711
Cluster_341	SAMN33010780,SAMN19688719
Cluster_342	SAMN40655298,SAMN19657707,SAMN40466074
Cluster_343	SAMN40655207,SAMN19657779
Cluster_344	SAMN40466016,SAMN19688416,SAMN19688340
Cluster_345	SAMN40655368,SAMN19688179
Cluster_347	SAMN19657853,SAMN13169477,SAMN13169465
Cluster_348	SAMN09756299,SAMN19688229,SAMN19657625,SAMN09914731
Cluster_349	SAMN19694056,SAMN33010789
Cluster_355	SAMN19657663,SAMN19657201,SAMN19658103,SAMN02584610
Cluster_358	SAMN19688257,SAMN19658136,SAMN13169740,SAMN19688140,SAMN19657366,SAMN19657264,SAMN19688213
Cluster_362	SAMN19657881,SAMN19657647
Cluster_363	SAMN19694190,SAMN19694198,SAMN33010960
Cluster_365	SAMN19688739,SAMN33010947
Cluster_366	SAMN19657241,SAMN19657928,SAMN19658064,SAMN19657955,SAMN19657631,SAMN19688756
Cluster_370	SAMN19657156,SAMEA4695270,SAMN19688288
Cluster_371	SAMN19658112,SAMN19688326,SAMN04633345,SAMN19688148,SAMN19657807
Cluster_373	SAMN19657766,SAMN19657486,SAMN04633336
Cluster_375	SAMN19694170,SAMN19694080,SAMN19658054
Cluster_377	SAMN19687860,SAMN19657877
Cluster_378	SAMN40655346,SAMN19694221,SAMN19657994,SAMN19657560,SAMN19657996,SAMN19694245
Cluster_379	SAMN40466058,SAMN19694084,SAMN19657221,SAMN19657921,SAMN19657535
Cluster_380	SAMN19688076,SAMN19687816,SAMN08708943
Cluster_381	SAMN33010813,SAMN19657936,SAMN19688019,SAMN19657351,SAMN19657871
Cluster_386	SAMN13169687,SAMN19688710
Cluster_404	SAMN19694065,SAMN19658101,SAMN19688281
Cluster_408	SAMN19694203,SAMN19657767,SAMN19688517,SAMN13169434
Cluster_413	SAMN19688704,SAMN19688651,SAMN19687960,SAMN19687932,SAMN40655424,SAMN19687867,SAMN19688014
Cluster_428	SAMN19657785,SAMN33010916,SAMN13169648
Cluster_435	SAMN19694174,SAMN19694110
Cluster_445	SAMN09756263,SAMN19694030
Cluster_447	SAMN19688045,SAMN19688047,SAMN19688051
Cluster_448	SAMN40466123,SAMN19657934,SAMN19657913
Cluster_449	SAMN19688154,SAMN19658075,SAMN19688358
Cluster_450	SAMN19657337,SAMN19657326,SAMN19688062,SAMN19688159,SAMN40655449,SAMN19688198
Cluster_451	SAMN09756147,SAMN19657808,SAMN19657963
Cluster_454	SAMN40655456,SAMN19688070,SAMN19688126
Cluster_456	SAMEA114236178,SAMN19688107
Cluster_457	SAMN19657534,SAMN08708902,SAMN19657445
Cluster_459	SAMN19687895,SAMN33010915
Cluster_47	SAMN19688747,SAMN33010729,SAMN33010931
Cluster_481	SAMN16065306,SAMN16065482,SAMN12558132,SAMN31031182,SAMEA7527913,SAMN16065304,SAMN40566394,SAMN16065305,SAMEA7563094,SAMN12558137,SAMN19657654,SAMN12558133,SAMN19657655,SAMN12558135,SAMN27762753,SAMN16065292,SAMN16060190,SAMN12558136,SAMN16065483,SAMN12558138,SAMN19657653,SAMEA7541514,SAMEA7529273,SAMN19658106
Cluster_492	SAMN19657190,SAMN19688170
Cluster_494	SAMN19657394,SAMN19657770,SAMN33010844
Cluster_495	SAMN27519704,SAMN06209886,SAMN19687846,SAMN08379947,SAMN08379866,SAMN08612834,SAMEA1403964,SAMN08612926,SAMN08379840,SAMN08143561,SAMN40273356,SAMN08379689
Cluster_500	SAMN07956573,SAMN19657382
Cluster_502	SAMN19688073,SAMN09756082
Cluster_503	SAMN19658122,SAMN13169581,SAMN09756137,SAMN13169582
Cluster_510	SAMN04385675,SAMEA1016098,SAMN33010898,SAMN34294210,SAMEA1102583,SAMEA1102643,SAMN33010823,SAMN10060530,SAMEA1102562,SAMEA7617428,SAMN04385676,SAMN40983287,SAMEA1102582,SAMEA7525810,SAMEA1102610,SAMEA1102556,SAMN33010901,SAMN19688032,SAMEA7617469,SAMEA7617452,SAMEA1102609
Cluster_511	SAMN19657182,SAMN19657378,SAMN19657776,SAMN19657660,SAMN19657778,SAMN19657187,SAMN13169521,SAMN19657760,SAMN19657980,SAMN09756103,SAMN19688263,SAMN40655344
Cluster_516	SAMN13169428,SAMN19657840
Cluster_517	SAMN40655406,SAMN40655393,SAMN19658003
Cluster_518	SAMN19687869,SAMN19657245,SAMN19687954
Cluster_519	SAMN40983388,SAMN19694015
Cluster_520	SAMEA1707508,SAMEA1403660,SAMN19688016
Cluster_521	SAMN19687775,SAMN19658091,SAMEA112801207
Cluster_523	SAMN19657266,SAMN08637055,SAMN33010807,SAMN08637056
Cluster_524	SAMN19688405,SAMN19694192,SAMN40655404
Cluster_525	SAMN19658149,SAMN19657835,SAMN19657834,SAMN19657991
Cluster_528	SAMN33010935,SAMN19687885
Cluster_529	SAMN19688196,SAMN09756281,SAMN19657815
Cluster_530	SAMN19657363,SAMN19657434
Cluster_531	SAMN19694109,SAMN33010748
Cluster_532	SAMN19688125,SAMN19688002,SAMN19688275
Cluster_533	SAMEA112799303,SAMN19657232,SAMN19687902,SAMN40655275,SAMEA104685049,SAMEA104684943
Cluster_537	SAMN19657243,SAMN19657547
Cluster_538	SAMN19688557,SAMN08708264
Cluster_542	SAMN19657197,SAMN19657379,SAMEA10030337,SAMN08637010,SAMN19657757,SAMN19657314,SAMN13169498,SAMN13169480,SAMN19688050,SAMN19657771,SAMN19694019,SAMEA7561910,SAMN19658095,SAMN19688343,SAMN19687790,SAMN19658049,SAMN40655348
Cluster_543	SAMN19657374,SAMEA112298890,SAMN19688271
Cluster_544	SAMN19688116,SAMN19687893
Cluster_545	SAMN19657629,SAMN40655455,SAMN19688488
Cluster_546	SAMN40655277,SAMN09756067,SAMN40655327,SAMN19657203
Cluster_547	SAMN19657948,SAMN33010815
Cluster_548	SAMN19657159,SAMN19658056
Cluster_549	SAMN19657985,SAMN02584621
Cluster_550	SAMEA4695195,SAMN19657845,SAMEA4695193,SAMEA4695194
Cluster_563	SAMN19657189,SAMN19688643,SAMN19657564
Cluster_564	SAMN40466037,SAMEA10030420,SAMN40655226,SAMN08637044,SAMEA114236075,SAMN40466170,SAMN04633297,SAMN19657561,SAMN19657555,SAMN19657317
Cluster_581	SAMN33010987,SAMN19694214,SAMN19694154,SAMN19688621
Cluster_587	SAMN33010943,SAMN19694160,SAMN19688390,SAMN19688389
Cluster_588	SAMN19687985,SAMN19687864
Cluster_589	SAMN40655430,SAMN19694116
Cluster_590	SAMN19688639,SAMN19688212,SAMN19688055
Cluster_592	SAMN19688635,SAMN19688049
Cluster_593	SAMN19657585,SAMN19688591
Cluster_618	SAMN19688259,SAMN09399461,SAMN09399462,SAMN06209970,SAMN19658121
Cluster_619	SAMN19657788,SAMN40655149,SAMN19688298,SAMN19688174,SAMN40466185,SAMN02584650,SAMN19657533,SAMN40466079,SAMN02584661
Cluster_620	SAMN13169720,SAMN19688169
Cluster_621	SAMN19657816,SAMN40655469,SAMN19657736,SAMN04633361
Cluster_622	SAMN40655422,SAMN19688072
Cluster_623	SAMN27519764,SAMN40273681,SAMN40273413,SAMEA112803672,SAMN08708674,SAMN19688693,SAMN08709131,SAMEA7157105,SAMEA10030068,SAMEA7555757
Cluster_624	SAMN19688572,SAMN19694089,SAMN19688554,SAMN40466027,SAMN19688377,SAMN19688497,SAMEA114236190,SAMN40655294,SAMN33010950,SAMN19694148,SAMN19688376,SAMN19694225,SAMN19657249,SAMN19658094
Cluster_625	SAMN19687868,SAMN19657922
Cluster_626	SAMN19687921,SAMN19694091
Cluster_627	SAMN13169768,SAMN19657194
Cluster_628	SAMN19694096,SAMN19688611
Cluster_629	SAMN19688094,SAMN19688099
Cluster_630	SAMN19688211,SAMN19657549
Cluster_631	SAMN19694077,SAMN19657935
Cluster_632	SAMN19688082,SAMEA1403603,SAMEA1707258
Cluster_634	SAMEA7553200,SAMN19658061,SAMEA5076106,SAMEA112800175,SAMEA112800088
Cluster_659	SAMEA7555585,SAMEA7551664,SAMEA7554046,SAMEA7548880,SAMN19688645,SAMN19657263
Cluster_660	SAMN40655137,SAMN19687904,SAMN19657307
Cluster_661	SAMN19688316,SAMN19657181,SAMN40655370
Cluster_662	SAMN27519722,SAMEA1404008,SAMEA1403723,SAMEA1016151,SAMN33756621,SAMN40655412,SAMEA1404033,SAMEA1403943,SAMN19657886
Cluster_667	SAMEA112799502,SAMN19657504
Cluster_668	SAMN19694088,SAMN40655375
Cluster_669	SAMEA7157310,SAMEA10030306,SAMEA10030373,SAMN40466211,SAMN06210079,SAMEA112298952,SAMEA114236174,SAMN19658001,SAMN19688451
Cluster_670	SAMN19688011,SAMN28538161
Cluster_672	SAMN19687851,SAMN19657459,SAMN19687963,SAMN09756083,SAMN13169439,SAMN19658083,SAMN40655184,SAMN09756176,SAMN19657375,SAMN19688766,SAMN19657310,SAMN19688035,SAMN19687912,SAMN19687953,SAMN19688178,SAMN13169467,SAMN33010784,SAMN19657523
Cluster_676	SAMN33756176,SAMN19658019,SAMN19657192,SAMN19657673,SAMN40655466,SAMN19688733,SAMN19694069,SAMN19688337,SAMN33010756,SAMN19657595,SAMN19657163,SAMEA112801955,SAMN19694042
Cluster_677	SAMN19657661,SAMN19657344,SAMN40655479,SAMN19688652,SAMN19688253,SAMN19688311,SAMN19688653,SAMN19687900,SAMN19657931,SAMN19657574,SAMN19688255,SAMN19657325,SAMN19694029,SAMEA112803980,SAMN19688254,SAMN19694172,SAMN19658024,SAMN13169486,SAMN31135760,SAMN19688712,SAMN19688284,SAMEA7563861,SAMN19687795,SAMN19694230
Cluster_678	SAMN19687962,SAMEA1118895,SAMN06210025,SAMN19658153
Cluster_679	SAMN13169714,SAMN19688654
Cluster_680	SAMN13169532,SAMN19657926
Cluster_681	SAMN19688163,SAMN28538130,SAMN19657407
Cluster_682	SAMN28538233,SAMN19688123
Cluster_683	SAMN19657857,SAMN19657758
Cluster_684	SAMN40655383,SAMEA10030405,SAMN40655231,SAMEA114236081,SAMN40466023,SAMN40466202,SAMN40655358,SAMEA114236080,SAMN06210067,SAMN40655232,SAMN13169771,SAMN19658011,SAMN33010801,SAMN40466021
Cluster_686	SAMN19688677,SAMN19688711,SAMN19688646
Cluster_687	SAMN40655389,SAMN19658080
Cluster_688	SAMN08709088,SAMN19687862
Cluster_689	SAMN19657157,SAMN19657536
Cluster_691	SAMN19688069,SAMN09756337,SAMN19688068
Cluster_692	SAMN40655188,SAMN40466176,SAMN40466069,SAMN40466043,SAMN19657583,SAMN19657393,SAMEA7617396,SAMN33010903,SAMN33010810,SAMN19694050,SAMN19658118,SAMEA7617382,SAMEA112298776,SAMN13169570,SAMN40466121,SAMN19688080,SAMN13169728,SAMN19657882,SAMN13169438,SAMEA112298775,SAMN33010888,SAMEA112800123,SAMN40466172,SAMN33010838,SAMN19657715,SAMN19657273,SAMN09756152,SAMN04633341,SAMEA112298773,SAMN09756136,SAMN09756269,SAMEA114236170,SAMEA112298778,SAMEA7617429,SAMN13169515,SAMN13169447,SAMEA7617468,SAMEA112298774,SAMN19657469,SAMN06210029,SAMN06210008,SAMN04633325,SAMEA10030224,SAMEA112298771,SAMN13169679,SAMN06210091,SAMEA114236169,SAMN19657173,SAMN04633288,SAMEA112298957,SAMN19688203,SAMN33010886,SAMEA10030368,SAMN09756273,SAMEA112801395,SAMEA7563678,SAMEA6990876,SAMN19694140,SAMN40655208,SAMN19657945,SAMN40466011,SAMEA112298977,SAMN13169780,SAMEA3359999,SAMN40466188,SAMN19657696,SAMN40655376,SAMEA112299000,SAMN13169566,SAMEA114236168,SAMN40466120,SAMN40466113,SAMEA114236172,SAMEA10030228,SAMN33010860,SAMEA114236171,SAMEA7617456,SAMN02584623,SAMN40655322,SAMN40466036,SAMN06210093,SAMN33010790,SAMN33010741,SAMEA112298777,SAMEA10030403,SAMN09756296,SAMEA112806224,SAMEA112298772,SAMEA10030240
Cluster_716	SAMN19688665,SAMN19657353
Cluster_717	SAMN13169757,SAMN19658057
Cluster_719	SAMEA4695170,SAMN40273102,SAMN19657426,SAMN40655317,SAMEA12855175,SAMN19688336,SAMEA112799168,SAMEA12854729,SAMN40273631,SAMN33756564,SAMN19657710,SAMN19688344,SAMN19688353,SAMN19688731,SAMN40273139,SAMN19688335,SAMN40655203,SAMN40655306,SAMN21856306,SAMEA112806849,SAMN19658048,SAMN19657590
Cluster_720	SAMN19657824,SAMN19657995,SAMN06210041,SAMN13169490,SAMN13169755,SAMN19658036,SAMN19658059,SAMN13169453,SAMN19657286,SAMN40655295
Cluster_721	SAMN40655403,SAMN19694086,SAMN19688371,SAMN19687980,SAMN19658027,SAMN19687824,SAMN40655360,SAMN19687946,SAMN40273362,SAMN19688134,SAMN13169512
Cluster_723	SAMN19687911,SAMN19688261,SAMN19687819
Cluster_726	SAMN19657730,SAMN19657648,SAMN09756242,SAMN19687979
Cluster_734	SAMN08708908,SAMN21856516,SAMN21856426,SAMN21856403,SAMN21856526,SAMN21856553,SAMN34294153,SAMN08708617,SAMN19688745,SAMN19688106,SAMN08709251,SAMN08708872,SAMEA112825177,SAMN08708944,SAMN08708899,SAMN19688012,SAMN40273183,SAMN35220604,SAMEA13119959,SAMN21856390,SAMN33756573,SAMN40273771,SAMN08708868,SAMN08708482,SAMN08708531,SAMN34294099,SAMN19687961,SAMN08708179,SAMN27519872,SAMN08708968,SAMN21856540,SAMN21856377,SAMN40273596,SAMN40273479,SAMN08709156,SAMN08709007,SAMN08708605,SAMN34293860,SAMN08708433,SAMN27519796,SAMN34293808,SAMN31135772,SAMN08709229,SAMN08708376,SAMN08709266,SAMN21856375,SAMN21855879,SAMEA7555831,SAMN19657494,SAMN08708859,SAMN08708708,SAMN21856521,SAMN08708781,SAMN08708324,SAMN08708304,SAMN21856507,SAMN08379826,SAMN08379801,SAMN08709164,SAMN08709031
Cluster_735	SAMN40466169,SAMN19688302,SAMN19657246,SAMN33010889,SAMN40655292,SAMEA6990883,SAMEA114236159,SAMN08637024,SAMEA112298915,SAMEA10030349,SAMEA112298947,SAMEA10030266,SAMN40466173,SAMN40655323,SAMN08637031,SAMEA7561475,SAMN08637000,SAMN19658114,SAMN40655161,SAMN19688268,SAMEA114236160
Cluster_739	SAMN19657726,SAMN08708809,SAMN08708437,SAMN19688318,SAMEA4695154
Cluster_740	SAMN19687927,SAMN19687883,SAMN19688276
Cluster_741	SAMEA7562265,SAMEA1102403,SAMN40655305,SAMN19687871,SAMN40655163
Cluster_742	SAMN19694118,SAMN19694177,SAMN19688381,SAMN19688524
Cluster_743	SAMN19657540,SAMN06210072
Cluster_744	SAMN33010809,SAMEA114236183,SAMEA114236184,SAMN19657339
Cluster_745	SAMN19657183,SAMN19688143,SAMN19688313,SAMN19688314
Cluster_746	SAMN19657166,SAMN13169473
Cluster_746_	SAMN19688235,SAMN06210036,SAMN19657753
Cluster_747	SAMN40655382,SAMEA112799423,SAMN19657847,SAMN19657725,SAMN09756071
Cluster_748	SAMN19687949,SAMN19688573
Cluster_749	SAMN19657971,SAMN40655365,SAMN19657969
Cluster_756	SAMN13169753,SAMN09756109,SAMN19657200,SAMN09756116
Cluster_757	SAMN19687825,SAMN19657384,SAMN19657739,SAMEA4695180,SAMN19657866,SAMN19688480,SAMN06210092,SAMN19657293,SAMN19657562,SAMN40655410,SAMN19657675,SAMN31423407,SAMN19657322,SAMN13169725,SAMEA112800199,SAMN19688550,SAMN19657691,SAMN19688427
Cluster_765	SAMN21856105,SAMEA1117731,SAMN23765142,SAMEA7548354,SAMEA7550220,SAMEA7549110,SAMEA1397342,SAMEA7551809,SAMEA7555315,SAMN19688579,SAMEA7550119,SAMEA7554017,SAMEA7549791,SAMEA112799772,SAMEA1403635,SAMEA1707397,SAMEA112806901,SAMEA1119690,SAMEA112806902
Cluster_772	SAMN40466124,SAMEA114236132,SAMN19657899,SAMN40466210,SAMN40466099,SAMN40655144,SAMN09756246,SAMN19657646,SAMN33010832
Cluster_774	SAMEA10030353,SAMN19688750
Cluster_784	SAMEA112298882,SAMEA114236109,SAMN40655335,SAMN13169493,SAMN09756072,SAMN19657261,SAMN19658053,SAMN40655329,SAMEA114236110,SAMN08636976,SAMEA1102358,SAMN04633291
Cluster_788	SAMN19687784,SAMEA4695145
Cluster_792	SAMN19657350,SAMN19657290
Cluster_794	SAMN19687937,SAMN40655356
Cluster_796	SAMN19694102,SAMEA1403689,SAMEA1403707
Cluster_797	SAMN40465988,SAMN09756145,SAMN13169785,SAMN40655171,SAMN33010941,SAMN19657837,SAMN19694011,SAMN40466200,SAMN19688549,SAMN06210028,SAMN19694153,SAMN33010828,SAMN19688322,SAMN19657328,SAMN19657570,SAMN09756115,SAMN19687838,SAMN40655384,SAMN40655222,SAMEA114236179,SAMN40465987,SAMN09756193,SAMN40466101,SAMN34257576,SAMN19687844,SAMN19688200,SAMN19657553,SAMN06210027,SAMN40466203,SAMN02584627,SAMN02584665,SAMN19694164,SAMN33010938,SAMN13169433,SAMEA4695248,SAMN33010918,SAMN33010769,SAMEA112804318
Cluster_802	SAMN27519763,SAMN21856005,SAMN08709273,SAMN13169488,SAMEA112298978,SAMEA114236176,SAMEA10691790,SAMEA7550334,SAMN19688586,SAMEA3430674,SAMN06210043,SAMN08709019,SAMEA3436982,SAMN40466119,SAMEA3444105,SAMEA4695255,SAMN19657295,SAMEA10030272,SAMEA3432848,SAMEA4695260,SAMN36639311,SAMN34293862,SAMEA112806362,SAMN13169421,SAMEA3436979,SAMN27519762,SAMN08709172
Cluster_813	SAMEA7617385,SAMEA112803690,SAMEA112803661,SAMN33010782,SAMN19688754,SAMN19658015,SAMN19658028,SAMN19657412,SAMN04633314,SAMEA114236152,SAMEA114236151,SAMN40655209,SAMN13169749,SAMN33010837,SAMN19657732,SAMN40466070,SAMN19688005,SAMN19657937,SAMN19657752,SAMN09756099,SAMEA112298963,SAMN13169614,SAMN09914720,SAMN04633323,SAMN13169492,SAMN09756101,SAMN40655266,SAMN40466168,SAMN19688569,SAMN19694187,SAMEA112298995,SAMEA10030384,SAMEA10030282,SAMN40466071,SAMN19657529,SAMN40466125,SAMN19688644,SAMN40466207,SAMEA10030298,SAMN02584644,SAMN09756323,SAMEA112298916,SAMN19657296,SAMN19657652,SAMN09914737,SAMN09914673,SAMN19657984,SAMN19657617,SAMEA7617442,SAMEA3923310,SAMEA3923309,SAMN21856455,SAMN17062693,SAMN09756233,SAMN19657897,SAMEA114236149,SAMEA10030330,SAMN19688713,SAMEA10030329,SAMN40466107,SAMN19688640,SAMEA7562266,SAMEA114236147,SAMEA1102587,SAMN40655268,SAMN40466167,SAMN19657386,SAMN09914739,SAMN13169573,SAMN33010740,SAMN13169734,SAMEA112804099,SAMN13169741,SAMEA114236148,SAMN09914653,SAMN09914640,SAMN09756334,SAMN02584597,SAMEA112298929,SAMN19688641,SAMN13169511,SAMEA112298936,SAMN09756125,SAMN06210012,SAMEA114236154,SAMEA114236153,SAMEA7561255,SAMN19688505,SAMN19688392,SAMN33010966,SAMN19688439,SAMN33010754,SAMEA7617418,SAMN19688202,SAMN19687827,SAMN40655129,SAMN19687848,SAMN40465992,SAMN40655301,SAMEA114236156,SAMEA114236157,SAMN13169496,SAMN06210032,SAMEA114236155,SAMEA10030411,SAMN09914616,SAMN09914726,SAMN09914709,SAMN09914686,SAMN09756264,SAMN19657932,SAMN02584596,SAMN40655439,SAMN19688350,SAMN19688328,SAMN06210098,SAMEA112298913,SAMEA7617465,SAMEA7617376,SAMEA114236150,SAMN33010742,SAMN19657951,SAMN19688176,SAMN19657591,SAMN19657390,SAMN19657615,SAMN13169760,SAMN02584583,SAMEA7617406,SAMEA10030408,SAMN33010719,SAMN04633354,SAMEA112298795,SAMEA10030297,SAMN19688423,SAMN19688690,SAMEA112298796,SAMEA7563695,SAMEA6990837,SAMEA112803889,SAMN40655262,SAMN40655156,SAMN19657506,SAMN09914701,SAMN09756158,SAMN33010975,SAMN19688555,SAMN33010976,SAMN19688523,SAMEA7617448,SAMEA7617419,SAMN19657862,SAMEA7617438,SAMN33010826,SAMN09914643,SAMN09914621,SAMN09756316,SAMN08383188,SAMEA5056369,SAMN19687940,SAMN09756068,SAMEA114236146,SAMN40466201,SAMN19657669,SAMN33010855,SAMN33010873,SAMN40655253,SAMN40466005,SAMN19688330,SAMN40466132,SAMN19657635,SAMN33010734,SAMN06210095,SAMN19688618,SAMEA10030416,SAMN19658005,SAMEA112298926,SAMN19688384,SAMN19688589,SAMEA10030259,SAMEA10030274,SAMEA112298961,SAMN09756118,SAMN09756093,SAMN02584591,SAMN19688619,SAMN19688459,SAMEA112298789,SAMEA10030219,SAMN13169586,SAMN19688465,SAMN40466175,SAMN19688208,SAMN33010824,SAMN33010849,SAMEA112298794,SAMEA10030317,SAMEA10030372,SAMEA112298793,SAMN08637057,SAMN02584590,SAMN33010878,SAMN40466131,SAMN19688029,SAMN40466003,SAMN06210033,SAMEA112298808
Cluster_823	SAMN04633300,SAMN34294141,SAMN34294101,SAMEA112804825,SAMEA4695244,SAMN08709139,SAMEA7562181,SAMEA7561316,SAMN34294219,SAMEA7157583,SAMEA7562145,SAMN19658079,SAMN34293983,SAMN34294005,SAMEA112805918
Cluster_828	SAMEA4772806,SAMEA112803227,SAMEA6153158,SAMEA112805234,SAMN07956569,SAMN15053370,SAMN04330054,SAMN19657406,SAMN15053355,SAMEA104600383,SAMN15053369,SAMN15053372,SAMN15053379,SAMN15053368,SAMN15053377,SAMEA114236082,SAMN15053376,SAMN09651611,SAMEA104600391,SAMN33010816,SAMEA6153124,SAMN33010768,SAMN15053371,SAMN15053348,SAMN15053367,SAMN15053353
Cluster_835	SAMN19694104,SAMN19688307,SAMN19688063,SAMN19688289,SAMN19657381,SAMN19657558,SAMN19688412,SAMN09756309,SAMN19657751,SAMN40655489,SAMN19657527,SAMN19658023,SAMN19657306,SAMN19688578,SAMN13169497,SAMN19688765,SAMN19657333,SAMN06210051,SAMN19687971,SAMN19688308,SAMN19688681,SAMN19694098,SAMN19657167,SAMN19657331,SAMN09756308,SAMN09756185,SAMN19658084,SAMN19657433,SAMN19657258,SAMN40466029,SAMN02584651,SAMN19657316,SAMN40655486,SAMN19657244,SAMEA6875448,SAMN19688763,SAMN09756127,SAMN19688407,SAMN06210083,SAMN06210082,SAMN13169468,SAMN13169494,SAMN19657601,SAMN13169457,SAMN19688331,SAMN19657160,SAMN19657361,SAMN19658088,SAMN13169715,SAMN40655361,SAMN02584636,SAMN13169762,SAMN19688688,SAMN19657576,SAMN19688290
Cluster_838	SAMEA7550507,SAMN08709065,SAMN08709153,SAMN08708373,SAMN08708857,SAMN08708349,SAMN08708153,SAMN19657589,SAMN08708175,SAMEA112805839,SAMN08708655,SAMN08708368,SAMN19657545,SAMN31030276,SAMEA112802068,SAMN08709170,SAMEA112806297,SAMN21856381,SAMN27519971,SAMN08708583,SAMN27519703,SAMN31030049,SAMN40273525,SAMN08709037,SAMN08708740,SAMN40655263
Cluster_839	SAMN37367938,SAMN37367937,SAMN37367936,SAMN37367939,SAMN37367935,SAMN37367934,SAMN37367933,SAMN37367932,SAMN37367931,SAMN37367930,SAMN28053287,SAMEA7157131,SAMEA7157130,SAMEA6153223,SAMEA7157338,SAMEA112804216,SAMEA7561822,SAMEA7561407,SAMEA1102630,SAMEA1102639,SAMN08708948,SAMN08708450,SAMN08708445,SAMN34294186,SAMEA7156728,SAMEA7156727,SAMEA7156726,SAMEA7156725,SAMN34294255,SAMN17062699,SAMEA1102359,SAMN08709029,SAMEA6153224,SAMEA112806419,SAMN27519731,SAMN08708178,SAMN21856502,SAMEA7555838,SAMN04330042,SAMEA1707125,SAMEA1469497,SAMEA1403736,SAMN34294275,SAMN04330061,SAMN08708780,SAMEA104172413,SAMN21856559,SAMN34294244,SAMN33062035,SAMN08708565,SAMEA4695184,SAMEA112803711,SAMN33756442,SAMN21856334,SAMN27520090,SAMN21855909,SAMEA7156567,SAMEA10030089,SAMN10462561,SAMEA7156563,SAMN27519582,SAMEA7156568,SAMEA7156564,SAMEA7156566,SAMEA7156565,SAMEA7156562,SAMEA7562143,SAMN02414889,SAMN02414880,SAMN08379737,SAMEA112804746,SAMN09399480,SAMN06209876,SAMN06210003,SAMN04330047,SAMN06209980,SAMEA7157573,SAMEA7555799,SAMEA2534314,SAMEA112806715,SAMN41191430,SAMN04330052,SAMN07956623,SAMEA4772808,SAMEA112803289,SAMEA7559921,SAMN09985054,SAMN09399500,SAMEA112803944,SAMN06209951,SAMEA7157713,SAMN40273618,SAMEA7157307,SAMN07956619,SAMEA112804795,SAMEA112804407,SAMEA7157155,SAMEA7157154,SAMN09985053,SAMEA8741151,SAMEA7157810,SAMN37815279,SAMN37815278,SAMN37815277,SAMN37815276,SAMN37815258,SAMN37815257,SAMN37815256,SAMN37815255,SAMN37815254,SAMN13207970,SAMEA7157841,SAMN13208055,SAMEA114236067,SAMN02584649,SAMEA114236068,SAMEA7157687,SAMEA10030058,SAMEA1016008,SAMEA7559867,SAMN40991129,SAMEA7560302,SAMN07956547,SAMN19687997,SAMN04385751,SAMEA1707253,SAMEA2534567
Cluster_842	SAMN40273488,SAMEA112799282,SAMEA1403795,SAMEA112805897,SAMEA114625872,SAMN33756419,SAMN19687852,SAMN33756590,SAMEA1403592,SAMN40273533,SAMN35220628,SAMEA112805904
Cluster_845	SAMN06210048,SAMN19688565,SAMN13169758,SAMN19688522,SAMN19657250,SAMN19694122,SAMN19657500,SAMN19657614,SAMN19657204,SAMN19657981,SAMN06210046,SAMN33010977,SAMN06210049,SAMN19657949,SAMN06210047
Cluster_854	SAMN19657556,SAMN19657559
Cluster_856	SAMN19657271,SAMN09756144,SAMN19687983,SAMN19657690,SAMN13169449,SAMN09756143,SAMN13169445,SAMN19688277
Cluster_859	SAMEA6153170,SAMEA112805714,SAMN07956621,SAMN07956616,SAMN34294115,SAMN08709068,SAMN34293889,SAMN34293918,SAMN08708847,SAMN34293856,SAMEA13119939,SAMEA104600329,SAMEA112803775,SAMN34294171,SAMEA3377748,SAMEA112806493,SAMEA104600302,SAMN08708705,SAMEA7555716,SAMEA104600334,SAMEA4772825,SAMN34294307,SAMN08709206,SAMEA112624908,SAMN08708495,SAMEA7157506,SAMN19658144,SAMN27519923,SAMEA112624907
Cluster_860	SAMN40655488,SAMN19658082
Cluster_862	SAMN33010839,SAMN19688292,SAMN19658018
Cluster_863	SAMN08708452,SAMN19688673,SAMN08708554,SAMN34293899,SAMN08708280,SAMN08708940,SAMN19687957,SAMN08708513,SAMN13169751,SAMN08708348
Cluster_867	SAMEA7617426,SAMN19688701,SAMEA7617415,SAMEA7617395,SAMN19694059
Cluster_869	SAMN19688422,SAMN19688700,SAMN33010982,SAMN19694229
Cluster_870	SAMN07956548,SAMN19657567
Cluster_871	SAMN19687837,SAMN13169531,SAMN40466080,SAMN19657537,SAMN19657680,SAMN13169545,SAMN09756180,SAMN40655279,SAMN19657329,SAMN19657330,SAMN09756087,SAMN19657460,SAMN19657255,SAMN19657907,SAMN19657874,SAMN13169546
Cluster_872	SAMEA7562533,SAMN19657546
Cluster_873	SAMN19687801,SAMN04633342
Cluster_876	SAMEA112799499,SAMN21856290,SAMN35339853,SAMN08612793,SAMN09399420,SAMN08612832,SAMN08612880,SAMN21882823,SAMN08379891,SAMN19657587,SAMN13169738,SAMN08612889,SAMN08379929,SAMN08379836,SAMEA7555045,SAMN06209872,SAMN08379928,SAMN40655487,SAMN08379842,SAMN19658085,SAMN19657256,SAMN08612864,SAMN09399451,SAMN33756518,SAMN08612890,SAMN08379821,SAMN40273004
Cluster_877	SAMN02419575,SAMN19688722
Cluster_878	SAMN05209826,SAMN04633352,SAMEA112803673,SAMN19657789,SAMN19688135,SAMN19688530,SAMN19658104,SAMN19688648,SAMN40655395,SAMN40466083,SAMN40655166,SAMN04633344,SAMN13169708,SAMN19657508,SAMN19688683,SAMN40655278,SAMN40655484,SAMN13169727,SAMN19657759,SAMN19687796,SAMN19688346,SAMN19688761,SAMN13169798,SAMN19687810,SAMN19687972,SAMN40655355,SAMN19694054,SAMN19688531,SAMN19657580,SAMN19657639,SAMN40655179,SAMN19688279,SAMN19657708,SAMN19657301,SAMN19657619,SAMN19657292,SAMN09756320,SAMN19694234
Cluster_879	SAMN19657498,SAMN19657496
Cluster_88	SAMN19694200,SAMN33010961,SAMN19688420
Cluster_880	SAMN19658131,SAMN13169735,SAMEA112801701,SAMN19657786
Cluster_883	SAMEA4695213,SAMN19657777
Cluster_883_	SAMN19687973,SAMN19687920,SAMN19688038
Cluster_884	SAMN19657268,SAMN33010843,SAMN19657749,SAMN40655338,SAMN19688224,SAMN19657989,SAMN19657609,SAMN19657810,SAMN08709147,SAMN19688157,SAMN19658010,SAMN19688607,SAMN19688513,SAMN19657240,SAMN19694204,SAMN19688378,SAMN19694150,SAMN19688542,SAMN19688442,SAMN19658113,SAMN19688553,SAMN19688409,SAMN19688360,SAMN09756085,SAMN19657464,SAMN19657593,SAMN09756196,SAMN19657869,SAMN19657746,SAMN40655181,SAMN19694048,SAMN19657947,SAMN19688457,SAMN19688620,SAMN09914716,SAMN09756243,SAMN06210035,SAMN19657389,SAMN19688617,SAMN19657797,SAMN19688675,SAMN13169547,SAMN19658076,SAMN19657195,SAMN08709224,SAMN19657803,SAMN09756175,SAMN09756174,SAMEA112800650,SAMN33061958,SAMN33061955,SAMN31117496,SAMN04330056,SAMN19658115,SAMN19658111,SAMN02584617,SAMN09756270,SAMN19687952,SAMN19688122,SAMN19687882,SAMN13169744,SAMN19657352,SAMN19688507,SAMN19658069,SAMN19657961,SAMN19688013,SAMN04633346,SAMN40655451,SAMN40655353,SAMN19694197,SAMN19688256,SAMN19657973
Cluster_885	SAMN33010781,SAMN19657818,SAMN13169574,SAMN19688732,SAMN09756282,SAMN19658081,SAMN19658139,SAMN08612971,SAMN19657516,SAMN13169429,SAMN33010820,SAMN19657206,SAMN19657611,SAMN40655495,SAMN13169422,SAMN19688339,SAMN19657319,SAMN19688661,SAMN19657526,SAMEA7551798,SAMEA7551622,SAMEA7549024,SAMEA7547994,SAMN19657521,SAMN19657879,SAMN19657642,SAMN19657489,SAMN19657222,SAMN19657385,SAMN40655470,SAMN40655423,SAMN40655485,SAMN40655477,SAMN19688136,SAMN19657796,SAMN19687938,SAMN19657372,SAMN19657287,SAMN09756231,SAMN19688266
Cluster_887	SAMN08637038,SAMN08637014,SAMN04633306,SAMEA112298902,SAMEA10030233,SAMN19688730,SAMEA112298933,SAMN40466081,SAMN19657600,SAMN33010735,SAMEA114236194,SAMEA112298806,SAMN19657253,SAMN08636990,SAMEA112298805,SAMEA112298931,SAMEA10030425,SAMEA7562147,SAMN40655299,SAMN19657196,SAMEA114236193,SAMEA114236192,SAMEA112298807,SAMN40465989,SAMN02584631,SAMN02584622,SAMN40655155,SAMN33010928,SAMN19687778,SAMN09756062,SAMN06210069,SAMEA114236191,SAMN13169483,SAMN13169469
Cluster_890	SAMEA7562126,SAMEA112803871,SAMN19688743,SAMEA114236158
Cluster_891	SAMN19687965,SAMN19658107
Cluster_891_	SAMN19688184,SAMN19688264,SAMN09756133,SAMN09756189,SAMN40655496,SAMN40655349,SAMN19688209,SAMN19688000,SAMN40655380
Cluster_891__	SAMN40655417,SAMN19688637,SAMN40655378,SAMN06210064,SAMN19657920,SAMN40655340,SAMN40655312,SAMN19688707
Cluster_891___	SAMN19688706,SAMN33010757
Cluster_891____	SAMN19688041,SAMN19688081,SAMN09914706,SAMEA112799051,SAMN19688715,SAMN19657747,SAMN19694014,SAMN13169461,SAMN19688223,SAMN19657207,SAMN19694182,SAMN19657542,SAMN19688380,SAMN19688759,SAMN19688010,SAMN19688262,SAMN19657239
Cluster_893	SAMN33010932,SAMN33010906,SAMN19687812,SAMN33010788,SAMN19688723,SAMN19688194,SAMEA112298786,SAMN40655286,SAMN40466097,SAMEA114236131,SAMEA10030423,SAMEA10030421,SAMN13169527,SAMN40655245,SAMN40465986,SAMN19657410,SAMN40655321,SAMEA112298785,SAMEA10030238,SAMN19657174,SAMN19694044,SAMN19658086,SAMEA112298943,SAMN33010752,SAMEA112804342,SAMN40655196,SAMEA114236130,SAMEA10030413,SAMN19657901,SAMN19657904,SAMN19657902,SAMEA114236124,SAMN40655241,SAMN40466199,SAMN33010804,SAMEA7617457,SAMN19657530,SAMN40466090,SAMEA7617407,SAMEA7617378,SAMN13169583,SAMN09914670,SAMN19688506,SAMN19688504,SAMN19688503,SAMN40466096,SAMN19688078,SAMEA112802014,SAMEA114236125,SAMN19657608,SAMN40466129,SAMN09756050,SAMN27519776,SAMN34294053,SAMN21856482,SAMN40466126,SAMN19657272,SAMEA10691808,SAMN34294023,SAMEA112801814,SAMN34293932,SAMN27519824,SAMN19687884,SAMEA7617393,SAMEA114236129,SAMEA6451272,SAMEA6153208,SAMEA112298949,SAMEA10030265,SAMN40466195,SAMEA114236128,SAMEA7555717,SAMEA6990875,SAMN19687841,SAMN40655215,SAMN33010902,SAMN33010805,SAMEA7617440,SAMN19687781,SAMN06210078,SAMEA114236127,SAMEA112298965,SAMEA10030248,SAMN19687876,SAMEA112298980,SAMN17062695,SAMN08708426,SAMN21856435,SAMN34294129,SAMN21856440,SAMN36639374,SAMN08709089,SAMN41146573,SAMEA112801404,SAMN33062038,SAMN08709056,SAMN13169603,SAMN09756245,SAMEA114236126,SAMEA10691746,SAMEA10691794,SAMEA10691747,SAMN21856548,SAMN21856533,SAMN40655431,SAMN19687799,SAMEA6875548,SAMN27519711,SAMN34294315,SAMN40655387,SAMN33062060,SAMEA10030324,SAMN08708846,SAMEA114236121,SAMN40655200,SAMEA10030380,SAMN19657724
Cluster_894	SAMN19657444,SAMEA112298879,SAMN19657488,SAMN09756079,SAMN40655386,SAMN09756128,SAMEA114236136,SAMEA112298880,SAMN04633318,SAMN19694228,SAMN19688483,SAMN33010944,SAMN19694141,SAMN19694127,SAMN40465999,SAMN19688362,SAMN19688602,SAMN40466094,SAMN40466171,SAMN19657864,SAMN40466161,SAMN40466093,SAMN19658063,SAMN19658041,SAMN19657783,SAMEA114236138,SAMEA114236137,SAMN33010908,SAMN19688749,SAMEA114236139,SAMN09756178,SAMEA114236140,SAMEA112299017,SAMN34294019,SAMN34294020,SAMN27519707,SAMEA1102402,SAMN34294035,SAMEA3558409,SAMN34294038,SAMN08708966,SAMN08138599
Cluster_895	SAMN19657575,SAMN19688242,SAMN19658007,SAMN19657539,SAMN09756314,SAMN19688338,SAMN19657414,SAMN19657276,SAMEA4695267,SAMN31135811,SAMN31135788,SAMN19658052,SAMN40655291,SAMN40655473,SAMN40655345,SAMN19657260,SAMN13169743,SAMN19658017,SAMN19657320,SAMN09756208,SAMN19657878,SAMN19657429,SAMN09756142,SAMN19657820,SAMN40655369,SAMN19694016,SAMN19657966,SAMN02584667,SAMN19688703,SAMN19688658,SAMN19657741,SAMN19657677,SAMN06210087,SAMN19657910,SAMN19688172,SAMN19657761,SAMN19657465,SAMN19688083,SAMN40655302,SAMN19688598,SAMN19688593,SAMEA4695264,SAMN09756240,SAMN19688606,SAMN19694189,SAMN19688365,SAMN19688541,SAMN19657211,SAMN19657405,SAMN13169462,SAMN19657178,SAMN13169448,SAMN19688721,SAMN19657470,SAMN09756250,SAMN19657672,SAMN19658093,SAMN19657358,SAMN19657248,SAMN19657213,SAMN40655366,SAMN40655310,SAMN19658014,SAMN19694085,SAMN13169607,SAMN06210061,SAMN06210060,SAMN19688705,SAMN19658004,SAMN19657754,SAMN40655288,SAMN19687941,SAMN19657199,SAMN19687842,SAMN19687857,SAMN19657645,SAMN19657860,SAMN13169685,SAMN19658038,SAMN19657348,SAMN19688636,SAMN19657235,SAMN19657962,SAMN40655401,SAMN09756073,SAMN04633351,SAMN19657478,SAMN19657193,SAMN19657716,SAMN13169605,SAMEA112800364,SAMN19694064,SAMN19687898,SAMN19657700,SAMN19657170,SAMN19657490,SAMN19687785,SAMN19658105,SAMN19657915,SAMN19657787,SAMN19658143,SAMN19657416,SAMN09756205,SAMN19688674,SAMN19688463,SAMN13169693,SAMN19687776,SAMN19657451,SAMN19687899,SAMN19657624,SAMN19687808,SAMN19687951,SAMN02584659,SAMEA112801559,SAMEA112801198,SAMN40655480,SAMN19657621,SAMN40273135,SAMN19688190,SAMN19657572,SAMN19694027,SAMN19688596,SAMN09756138,SAMN19657565,SAMN19657225,SAMN40655332,SAMN19694038,SAMN19688180,SAMN19688086,SAMN19657990,SAMN13169446,SAMN09756230,SAMN19688359,SAMN19658142,SAMN09756289,SAMEA4695271
Cluster_897	SAMN19687881,SAMN19688767
Cluster_9	SAMN19694097,SAMEA7617458
Cluster_902	SAMN19688746,SAMN19688638
Cluster_904	SAMN33010863,SAMN09425772,SAMEA10030253,SAMEA10030332,SAMN19687916,SAMEA114236196,SAMN09756052,SAMN04633282,SAMEA114236197,SAMN13169598,SAMEA10030343,SAMN19688040,SAMN13169599,SAMN19687915,SAMN19657620
Cluster_905	SAMEA112802086,SAMEA112802080,SAMN33756435,SAMN33756391,SAMN19657345,SAMN19658067,SAMN33010758,SAMN19657798,SAMN19688312,SAMN21856294,SAMN19658110
Cluster_908	SAMEA10030310,SAMEA112298954,SAMN19688160
Cluster_908_	SAMN19687894,SAMN33010912
Cluster_908__	SAMEA114236097,SAMN19688052,SAMN40466191
Cluster_908___	SAMEA112298812,SAMN19687975,SAMEA4772795,SAMEA112298912,SAMEA10030396,SAMN09914644,SAMEA114236098,SAMEA10030315
Cluster_908____	SAMN19657275,SAMN19688252
Cluster_908_____	SAMN19657941,SAMN33010743,SAMN19657618
Cluster_908______	SAMN19657729,SAMN40466135
Cluster_908_______	SAMN19688685,SAMN19688687,SAMN19694123
Cluster_910	SAMN40465990,SAMN19657960,SAMN19657573,SAMN40655220
Cluster_910_	SAMEA4695100,SAMN19694087,SAMN34294006,SAMEA4695109,SAMN08709296,SAMN08708971,SAMN08708697,SAMEA7617439,SAMEA112298895,SAMEA112803834,SAMN31423481
Cluster_910__	SAMN13169463,SAMN06210052,SAMEA114236134,SAMN40466182,SAMN19688577,SAMN40466193,SAMN19657658,SAMEA3443784,SAMN09914657,SAMN19694073,SAMN09914625,SAMN02584620,SAMN40273363,SAMN40273355,SAMN34294116,SAMN08709184
Cluster_910_____	SAMN27519772,SAMN34294043,SAMN34293947,SAMN34294174,SAMN34294271,SAMN34294166,SAMN27519819,SAMN08709248,SAMN34294055,SAMN08708278,SAMN08708233,SAMN34293949,SAMN27520015,SAMN19688243,SAMN10060538,SAMN10060543,SAMEA1102550,SAMEA7562061,SAMEA7561806
Cluster_910___	SAMN05209827,SAMN05001060,SAMN05001059,SAMN05001058,SAMN05001057,SAMN05001039,SAMN40273115,SAMEA7156984,SAMN06209898,SAMEA7156986,SAMN05789043,SAMEA7156985,SAMN33756238,SAMEA7156983,SAMEA10030125,SAMN19688551,SAMN19688691,SAMEA115164432,SAMEA3442732,SAMEA1469518
Cluster_910____	SAMN19688490,SAMN19688562,SAMN33010978
Cluster_914	SAMN19657957,SAMN40655238
Cluster_914_	SAMEA7617381,SAMN19657473
Cluster_914__	SAMN19658071,SAMN34257565
Cluster_914___	SAMN19688249,SAMEA114236305
Cluster_914____	SAMN19688320,SAMN19688058
Cluster_914_____	SAMN19657165,SAMN40655216
Cluster_914______	SAMN19688206,SAMN09914647
Cluster_914_______	SAMN19688031,SAMN19687991
Cluster_914________	SAMN09756160,SAMN19657377
Cluster_914_________	SAMN19688108,SAMN08636971
Cluster_915	SAMN19657709,SAMEA10030377
Cluster_915_	SAMN19657930,SAMN19657893
Cluster_915__	SAMN19657773,SAMN40655154
Cluster_915___	SAMN19688214,SAMN40466022
Cluster_915____	SAMN19657448,SAMN33010772
Cluster_915_____	SAMN19657651,SAMN02584637
Cluster_915______	SAMN19657885,SAMN33010779
Cluster_915_______	SAMEA112298992,SAMN19657610
Cluster_9150	SAMN19687797,SAMEA10030226,SAMEA112298894
Cluster_91500	SAMN19657387,SAMN40466068,SAMN40655276
Cluster_9150_	SAMN40655190,SAMEA112299013,SAMN19657438
Cluster_9150__	SAMN09756275,SAMEA112298951,SAMN19688054
Cluster_91500_	SAMN09756130,SAMN19657205,SAMN33010909
Cluster_91500__	SAMN19657184,SAMN19657186,SAMN40466009
Cluster_917	SAMEA7617379,SAMEA7617455,SAMN19657289
Cluster_917_	SAMN19688270,SAMN40466156,SAMN40655237
Cluster_917__	SAMN19694171,SAMN33010954,SAMN19688567
Cluster_917___	SAMN19688162,SAMN33010896,SAMN19657282
Cluster_917____	SAMN19657958,SAMN33010866,SAMN40655205
Cluster_918	SAMN40655217,SAMN19688741,SAMN19687772,SAMN19657769
Cluster_918_	SAMN13169427,SAMN02584625,SAMN19658125
Cluster_919_	SAMN04633285,SAMN13169474,SAMN19657813,SAMN25078203
Cluster_919__	SAMN40655131,SAMN19657415,SAMN33010817
Cluster_919___	SAMN19687987,SAMN40466054,SAMN06210063
Cluster_920	SAMN40466190,SAMN40466098,SAMN40466095,SAMN19688216
Cluster_920_	SAMN19658072,SAMN19657632,SAMN33010921
Cluster_920__	SAMN19688171,SAMN11265348,SAMN19688354
Cluster_920___	SAMN19687850,SAMN19688297,SAMN09756106,SAMN19688285,SAMN02584671
Cluster_923	SAMN19657269,SAMN04633269,SAMEA7617420,SAMN19688299
Cluster_923_	SAMEA114236224,SAMEA112298997,SAMN13169719,SAMN19657356,SAMEA114236225
Cluster_923__	SAMN33010923,SAMN19687928,SAMEA114236293,SAMEA10030356
Cluster_923___	SAMN13169452,SAMEA10030271,SAMN40466077,SAMN19687989,SAMN13169491,SAMEA112298831
Cluster_923____	SAMN05789072,SAMEA12850754,SAMN40655362,SAMN19687992
Cluster_926	SAMN19687817,SAMN19688217
Cluster_926_	SAMN40466204,SAMN19657430,SAMN33010925,SAMN19688246,SAMN06210062,SAMEA10030334
Cluster_926__	SAMN33010829,SAMEA114236250,SAMN04633356,SAMN19688168,SAMEA111366885
Cluster_926___	SAMN19688129,SAMN19688131
Cluster_926____	SAMN06210007,SAMN19657457,SAMN19657370,SAMN19657369,SAMN40655242,SAMN40466053,SAMN19657373,SAMN19657371
Cluster_926______	SAMN33010859,SAMEA114236271,SAMN19694055,SAMN19657493,SAMN13169561,SAMN04633329,SAMN04633274,SAMEA112298850
Cluster_927_______	SAMN40655192,SAMEA112298842,SAMEA10030309,SAMN19657270,SAMN08636991,SAMEA112298841,SAMEA10030305
Cluster_929	SAMN19687930,SAMN13169794,SAMEA7561467,SAMN19688240,SAMN19688232,SAMN19688189,SAMEA112298858,SAMEA112298853,SAMEA112298818
Cluster_929_	SAMN40655270,SAMN40655195,SAMEA112299025,SAMN19657313,SAMEA112298932,SAMEA10030235
Cluster_929__	SAMN10060528,SAMN04385754,SAMEA7561439,SAMEA1103133,SAMEA1103107,SAMN19688315,SAMN09756108
Cluster_929___	SAMN19688325,SAMN19657596
Cluster_929____	SAMN40655178,SAMEA114236199,SAMN19687820,SAMEA112298998,SAMN33010867,SAMN19688121,SAMN40466115,SAMN19688004,SAMN19688067
Cluster_929_____	SAMN33010850,SAMN09756297,SAMN09756110,SAMN04633293,SAMEA10030290,SAMN19657695,SAMEA7561548,SAMN19694066,SAMEA7617435,SAMN19657349
Cluster_930	SAMEA112298941,SAMEA10030222,SAMEA114236311,SAMEA112298935,SAMN33010831,SAMN19657638,SAMEA112298972,SAMN40466209,SAMN19687925,SAMEA112806370,SAMEA114236310
Cluster_930_	SAMN19688501,SAMN19688498,SAMN19694239,SAMN19694217,SAMN19688514,SAMN19688399,SAMN09914691,SAMEA10030394,SAMN40466105,SAMN19694138,SAMN19688552,SAMN19688515,SAMN19688430
Cluster_930__	SAMEA112298962,SAMN19657633,SAMN09756187,SAMN19658074,SAMN19658073,SAMEA114236262,SAMEA10030269,SAMEA112298836,SAMEA10030296,SAMN34294238,SAMEA112298919,SAMEA112298924,SAMN40655197,SAMN34294180
Cluster_930___	SAMN19657391,SAMEA10030383
Cluster_930____	SAMEA7617412,SAMEA7617386,SAMN40655204,SAMN19657656,SAMN19688137,SAMN13169565,SAMEA112298866,SAMN19657812,SAMN04633286,SAMEA112298838,SAMN06210076,SAMEA10030316,SAMEA114236247,SAMN19688355,SAMN19688218
Cluster_930_____	SAMN19657468,SAMN40466189,SAMN33010927,SAMN19657745,SAMEA114236226,SAMEA112298779,SAMEA112298781,SAMN33010922,SAMN19688238,SAMEA112298780,SAMN19658077,SAMN02584592,SAMN13169695,SAMEA10030369,SAMN40466062,SAMEA114236227,SAMN08709225
Cluster_930______	SAMN33010835,SAMN19688324,SAMN09756277,SAMN19687791,SAMEA114236230,SAMN09756104,SAMN19694052,SAMN19694040,SAMN40466137,SAMN33010911,SAMN40655372,SAMN33010821,SAMN19657431,SAMN19688594,SAMN13169559,SAMEA114236229,SAMN33010762
Cluster_931	SAMN19694196,SAMN19694124,SAMN19694149,SAMN19688410,SAMEA114236245,SAMN19688494,SAMN19694142,SAMN19694121,SAMN40466117,SAMN19688543,SAMN19694143,SAMN19694060,SAMN19688716,SAMN19688401,SAMEA114236244,SAMN19688260,SAMEA114236243,SAMN19688720,SAMN19657657
Cluster_931_	SAMN19687779,SAMN13169455,SAMEA7617400,SAMEA114236240,SAMN33010808,SAMN19657484,SAMN19657162,SAMN04633278,SAMEA7617408,SAMN40466116,SAMN40466111,SAMEA114236238,SAMEA114236239,SAMEA10030241,SAMN40655247,SAMN40466140,SAMN40466109,SAMEA114236241,SAMEA112298863
Cluster_931__	SAMN40655472,SAMN40655255,SAMN40466010,SAMN40655239,SAMN40466064,SAMN40655429,SAMN40466050,SAMN19657970,SAMN09756209,SAMN33010814,SAMN40466048,SAMN33010891,SAMN19657819,SAMN06210040,SAMN06210039,SAMEA7617453,SAMN19688469,SAMN02584635,SAMEA10691753,SAMN19688149,SAMN06210068
Cluster_931___	SAMN08636979,SAMN19657830,SAMN13169500,SAMN09914727,SAMN40655172,SAMEA114236258,SAMEA114236257,SAMN40655228,SAMN33010884,SAMN33010876,SAMN33010726,SAMN19657856,SAMN09914687,SAMN09756338,SAMN09756219,SAMN09756078,SAMN08637026,SAMN04633276,SAMEA114236259,SAMEA112298804,SAMEA10030231,SAMEA10030277,SAMEA112298803,SAMEA10030278,SAMEA114236260
Cluster_931____	SAMN33010899,SAMN19657843,SAMEA114236234,SAMEA114236233,SAMEA112298766,SAMN33010881,SAMEA112298765,SAMEA112298764,SAMN40466122,SAMN19688071,SAMEA4772843,SAMEA112804129,SAMEA112803386,SAMN33010937,SAMEA112298891,SAMN19694235,SAMEA112803664,SAMN08637045,SAMEA10030232,SAMEA114236235,SAMEA114236236
Cluster_931_____	SAMN40655240,SAMN40466033,SAMEA114236302,SAMEA10030387,SAMN40655193,SAMN13169784,SAMEA10030410,SAMN33010885,SAMN33062032,SAMN09756181,SAMN06210084,SAMN40655328,SAMN19688317,SAMN19688207,SAMN02584604,SAMN06210010,SAMEA114236304,SAMEA114236303,SAMEA112298862,SAMEA112298843,SAMEA112298834,SAMEA112298824,SAMEA10030311,SAMEA10030280,SAMN40466100,SAMN06210006,SAMN19657597,SAMEA114236301,SAMN19688222,SAMN19657502,SAMN19688443,SAMN40655158,SAMN33010836
Cluster_931______	SAMN40466138,SAMN40466020,SAMN33010917,SAMN33010874,SAMN19657603,SAMN13169723,SAMN04633289,SAMEA114236217,SAMEA114236216,SAMN40466180,SAMN33010869,SAMN33010861,SAMEA10030390,SAMEA112298993,SAMEA10030267,SAMEA112806880,SAMEA112799595,SAMN33010786,SAMN19688725,SAMN33010870,SAMEA10691757,SAMEA114236215,SAMEA112298788,SAMN02584657
Cluster_931_______	SAMN40466112,SAMN19657623,SAMN19694199,SAMN40655135,SAMN19688153,SAMN19687892,SAMN34293933,SAMN40466066,SAMN19694237,SAMN19688482,SAMN40466000,SAMN33010760,SAMN19694151,SAMN19688408,SAMN19688234,SAMN09914703,SAMN09914700,SAMN06210097,SAMEA112299003,SAMN33010746,SAMN19688397,SAMN19688440,SAMN33010979,SAMN19658147,SAMN40655246,SAMN09756310,SAMEA112298848,SAMN19694035,SAMN19688544,SAMN19688684,SAMN19688516,SAMN33010948,SAMN19688689,SAMN19694093,SAMN19688545,SAMN33010955,SAMEA114236220,SAMEA114236219,SAMN40465994,SAMN19688400,SAMN40655198,SAMN33010965,SAMN19694137,SAMN19688496,SAMN19688436,SAMN09914656,SAMEA112298820
Cluster_933_	SAMN33010854,SAMEA112299011,SAMN40655254,SAMEA114236299,SAMEA114236300,SAMN33010875,SAMN19687788,SAMN06210059,SAMEA10030352,SAMEA112804164,SAMN19657552
Cluster_933__	SAMN19688304,SAMN19688293,SAMN04385639,SAMN19694047,SAMN19688558,SAMN40466198,SAMEA114236206,SAMEA112298815,SAMEA10030276,SAMEA10030260,SAMN19688385
Cluster_933___	SAMN04633307,SAMEA112298797,SAMN13169530,SAMEA112298802,SAMN13169788,SAMN06210016,SAMEA112298799,SAMEA10030358,SAMN19657228,SAMEA7617397,SAMEA112298798,SAMEA114236205,SAMEA114236204,SAMN19657714,SAMN13169782,SAMN33010842,SAMEA7617416,SAMN09756259,SAMEA112801988,SAMEA10030388,SAMEA10030354,SAMEA114236203,SAMN40655405,SAMN33010872,SAMN40655304,SAMN19687823,SAMN19688663,SAMN33010904,SAMN13169553,SAMEA112298801,SAMN09756054,SAMEA114236201,SAMEA114236202,SAMEA112804949,SAMN13169543,SAMN02584630
Cluster_916	SAMEA112299021,SAMEA10030245,SAMN08637037,SAMN04633324,SAMN40655354,SAMEA114236144,SAMN09756056,SAMN04633296,SAMEA114236145,SAMEA112298975,SAMN19694205,SAMN19688395,SAMN19694145,SAMN40655199,SAMN19694241,SAMN19694226,SAMN19694222,SAMEA112804217,SAMN19694131,SAMN33010744,SAMN19688372,SAMN19694242,SAMN19657849,SAMN19688548,SAMN19694139,SAMN19688696,SAMN19688455,SAMN40655281,SAMN40466179,SAMN33010852,SAMN40466042,SAMN19688533,SAMN19658120,SAMN33010988,SAMN19694220,SAMN19688535,SAMN19694210,SAMN31423501,SAMEA7562299,SAMEA7561560,SAMN19688495,SAMN33010981,SAMN19688587,SAMN19694194,SAMN19688492,SAMN33010956,SAMN19694186,SAMN40465996,SAMN19688601,SAMN19688615,SAMN19688402,SAMN19688574,SAMN19688532,SAMN19688527,SAMN33010967,SAMN19688393,SAMN19694114,SAMN19694173,SAMN19688698,SAMN19694232,SAMN19688447,SAMN19688536,SAMN40466039,SAMN19694092,SAMN19694107,SAMN08708311,SAMN40466183,SAMN19694095,SAMEA7617434,SAMEA7617391,SAMN19688612,SAMEA114236143,SAMN19694168
Cluster_919	SAMN19688699,SAMN19688538
Cluster_921	SAMN19687976,SAMEA10030398,SAMN40466034
Cluster_922	SAMN19688066,SAMN19688065,SAMN19688128,SAMN08637003,SAMN19688580,SAMN19657887,SAMEA4695258,SAMN19688273,SAMN40655427,SAMN19688165,SAMN40655478,SAMN19657175,SAMN19687782,SAMN19657355,SAMN19688768,SAMN40655434,SAMN40655373,SAMN19657300,SAMN19657212,SAMN08379710,SAMN19657454,SAMN08708668,SAMN40655421,SAMN19657456,SAMN09756095,SAMN09756151,SAMN08708731,SAMEA7562056,SAMN34294002,SAMEA1707419,SAMEA1403864,SAMEA1707415
Cluster_925	SAMN40655283,SAMN19657462,SAMN19687967,SAMN19688060,SAMN19657765,SAMN19657302,SAMN19688114,SAMN19687947,SAMN19657346,SAMN19688309,SAMN19657452,SAMN19688306,SAMN40466028,SAMN40655392,SAMN19657161,SAMN19657800,SAMN13169726,SAMN13169584,SAMN40655234,SAMN40466012,SAMN19688547,SAMN19688348,SAMN19658068,SAMN40655374,SAMN40655269,SAMN19657768,SAMN08143540,SAMN08379896,SAMN08379914,SAMN08379711,SAMN08708606,SAMN08708312,SAMN40466026,SAMN19688521,SAMN19688525,SAMN13169577,SAMN09914710,SAMN09914626,SAMN09756214,SAMN19688656,SAMN13169423,SAMN13169508,SAMN19688205,SAMN19688145,SAMN19688144,SAMN19687880,SAMN13169479,SAMN19687845,SAMN09756132,SAMN02584660,SAMN19657873,SAMN19657988,SAMN19657665,SAMN09756256,SAMN19688441,SAMN19694053,SAMN19657888,SAMN08379777,SAMN19657218,SAMN19688751,SAMN19657487,SAMN02584601,SAMN40655326,SAMN19687861,SAMN19657998,SAMN19687914,SAMN19657312,SAMN13169538,SAMEA7617450
Cluster_927	SAMN19687922,SAMN19687806
Cluster_928	SAMN19657284,SAMEA114663521
Cluster_929	SAMN19657956,SAMN19694049
Cluster_930	SAMN19688301,SAMEA112801762
Cluster_934	SAMEA114236088,SAMN19688199
Cluster_935	SAMN19688585,SAMN33010980,SAMN19694113,SAMN19688584,SAMN19688583,SAMN19688460,SAMN19694115,SAMN33010985,SAMN19688456,SAMN33010974,SAMN19688500,SAMN19657750,SAMEA7561556,SAMEA112298792,SAMEA10030401,SAMN19688387,SAMN19688694,SAMN19694090,SAMN19688491,SAMN19694208,SAMN19688487,SAMN19688486,SAMN19688485,SAMN19688417,SAMN19694155,SAMN19694215,SAMN40655213,SAMN19688364,SAMN19694206,SAMN19688444,SAMN19688396,SAMN33010818,SAMN19657420,SAMN19688192,SAMEA114236090,SAMN40655402,SAMN06210073,SAMEA112298874,SAMEA112298873,SAMN09756217,SAMN04633287,SAMEA114236089,SAMN19688540,SAMN19694083,SAMEA7617461,SAMEA7617451,SAMN19688597,SAMN19688476,SAMEA7617464,SAMEA7617436,SAMN33010972,SAMN19694185,SAMN19688475,SAMN40466128,SAMN40655224,SAMN33010725,SAMN40655325,SAMN40597311,SAMN40466146,SAMN19688398,SAMN40655225,SAMN19657914,SAMEA10030221,SAMEA112298791,SAMN19688511,SAMN19694233,SAMN19694227,SAMN19688537,SAMN19694144,SAMN40466184,SAMN33010964,SAMN19688375,SAMN19688467,SAMN19688449,SAMEA7617459,SAMN19694010,SAMN33010983,SAMN19688592,SAMN19694071,SAMN19694243,SAMEA7617446,SAMN33010953,SAMN19694178,SAMN19694126,SAMN19688546,SAMN19688429,SAMN19688426,SAMN34293903,SAMEA4695140,SAMN33010962,SAMN19694207,SAMEA114236091,SAMEA114236092,SAMN19688613,SAMN19694112,SAMN40655140,SAMN40466174,SAMEA7617398,SAMN19694024,SAMN19688382,SAMN40466067,SAMN19694103,SAMN40466089,SAMN19694111,SAMEA1102647,SAMN40655497,SAMN19688680,SAMN19688379,SAMEA13166498,SAMN19694213,SAMN19694159,SAMN19694117,SAMN19688566,SAMN08708477,SAMEA114663513,SAMN40655357,SAMN19694219,SAMN19694106,SAMN19694105,SAMN40466038,SAMN19694136,SAMN40655248,SAMN40466181,SAMN33010793,SAMN19694134,SAMN19688600,SAMN19688510,SAMN19688508,SAMN19688383,SAMN19694135,SAMN19688499,SAMN19688477,SAMN19688454,SAMN40466041,SAMN34294050,SAMN19694211,SAMN19694202,SAMN19688630,SAMN19688616,SAMN19688509,SAMN33010984,SAMN33010963,SAMN33010958,SAMN19694240,SAMN19694209,SAMN19694193,SAMN19694179,SAMN19694152,SAMN19694132,SAMN19688633,SAMN19688622,SAMN19688604,SAMN19688458,SAMEA7617375,SAMN19688623,SAMN19688386,SAMN19694236,SAMN19688473,SAMN33010971,SAMN19688474,SAMN19688561,SAMEA10030424
Cluster_936	SAMN19688664,SAMN08708257,SAMN19694020,SAMN08708279,SAMN08709102,SAMN08709228,SAMN34294227,SAMN08709181,SAMN19657480,SAMN08708270
Cluster_938	SAMN40655132,SAMN19688064,SAMN19657450
Cluster_939	SAMN19657474,SAMN09756253,SAMN09914717,SAMN40655313,SAMN19687866
Cluster_943	SAMEA114236095,SAMN40466044,SAMN19657335,SAMN40655138,SAMEA114236096,SAMN40466114,SAMEA10030385,SAMN19657518,SAMN19657748,SAMN06210074,SAMN19687786,SAMN19657946
Cluster_945	SAMN19657740,SAMN19657744
Cluster_946	SAMEA12852695,SAMN19657833,SAMN40273545,SAMN02419557,SAMN21856349
Cluster_947	SAMN08708880,SAMN08708504,SAMN08708319,SAMN17019776,SAMN08708624,SAMN08708728,SAMN19688466,SAMN19688686,SAMN19688682,SAMN08709176,SAMN08708432,SAMN08708300,SAMN08709295,SAMN34293841,SAMN08708204,SAMN08708741,SAMN08708785,SAMN08708398,SAMN34293832,SAMN08709122,SAMN08708557,SAMEA7555975,SAMN19688361,SAMN08709194,SAMN08709118,SAMN35220689,SAMN19688769,SAMN13937556
Cluster_948	SAMN19687855,SAMN19687818
Cluster_948_	SAMN19688088,SAMN33010722
Cluster_948__	SAMN19688087,SAMN19687934,SAMN19688133
Cluster_948___	SAMN19688369,SAMN19694201,SAMN19688370
Cluster_948____	SAMN19657417,SAMN19657694,SAMN19688244
Cluster_948_____	SAMN19688225,SAMN19658141,SAMN19657432
Cluster_950	SAMN19688351,SAMN19688333,SAMN19688305,SAMN19688237
Cluster_950_	SAMN19657974,SAMN19657929,SAMN09756194,SAMN13169529
Cluster_950__	SAMN19688349,SAMN40655493,SAMN40655492,SAMN33010812
Cluster_950___	SAMN40655285,SAMN19688660,SAMN40655359,SAMN02584607,SAMN19688752,SAMN19688738,SAMN19657557,SAMN33010730,SAMN19688363,SAMN40655352,SAMN19687858,SAMN40655371,SAMN40655343,SAMN34257498,SAMN19688342,SAMN19688329,SAMN19657578,SAMN19657805,SAMN19688608,SAMN19694180,SAMN33010946,SAMN19688714,SAMN19688450,SAMN19694218,SAMN19657806,SAMN19688764,SAMN19658042,SAMN09756252,SAMN19657895,SAMN19657917,SAMN19694244,SAMN19688406,SAMN40466061,SAMN19657762,SAMN19688529,SAMN19657997,SAMN19657607,SAMN19658043,SAMN19657644,SAMN19688110,SAMN19657918,SAMN40655282,SAMN19658012,SAMN19657259,SAMN13169562,SAMN19687787,SAMN19687815,SAMN40655176,SAMN28538002,SAMN19657829,SAMN19657613,SAMN19657362,SAMN19687783,SAMN13169514,SAMN40466084,SAMN19657577,SAMN19657772,SAMN04633347,SAMN19657755,SAMN33010763,SAMN19688039,SAMN19658099,SAMN19694063,SAMN19657217,SAMN36639375,SAMN19694026,SAMN09756312,SAMN19688671,SAMN19657441
Cluster_949	SAMEA10030212,SAMEA112298956,SAMN40655194,SAMN40466025,SAMN33010857,SAMEA114236093,SAMN19688167,SAMN19688025,SAMN19688034,SAMN19687889
Cluster_951	SAMN40273564,SAMN21856014,SAMN13937465,SAMN27519535,SAMN27520219,SAMN27519991,SAMN21856302,SAMN21856292,SAMN21855916,SAMN13937471,SAMN13937412,SAMN21856286,SAMN40273516,SAMN40273490,SAMN40273542,SAMN35220655,SAMN33756421,SAMN40273591,SAMN40273031,SAMN33756348,SAMN27519652,SAMN40273458,SAMN13937410,SAMN27520084,SAMN27520113,SAMN05001071,SAMN40273345,SAMN27520089,SAMN21856033,SAMN27520122,SAMN40273277,SAMN40273038,SAMEA7156753,SAMEA7156752,SAMEA10030095,SAMEA7157524,SAMN21856250,SAMEA12855500,SAMN05001040,SAMN40273749,SAMN21856228,SAMEA12854576,SAMN40273592,SAMN06209950,SAMN13937517,SAMN21856172,SAMN33756311,SAMN40273481,SAMN13937501,SAMN13937488,SAMN33756235,SAMN33756343,SAMN40273460,SAMN13937493,SAMEA7157402,SAMN40273579,SAMN27520076,SAMN13937508,SAMN40273658,SAMN33756424,SAMN21856240,SAMN40272983,SAMN40273294,SAMN40273003,SAMN21856023,SAMN40273423,SAMN27520130,SAMN33756195,SAMN27520159,SAMEA1403825,SAMN40273023,SAMN27520172,SAMN13937458,SAMN40273627,SAMN40273622,SAMN13169510,SAMN40273254,SAMN13937576,SAMN40273664,SAMN33756262,SAMN27519659,SAMN40273395,SAMN41146493,SAMN40273008,SAMN33756448,SAMN40272980,SAMN35220618,SAMN21855926,SAMEA12851974,SAMN27520148,SAMN33756434,SAMN27520147,SAMN21856333,SAMN40273806,SAMN13937419,SAMN13937561,SAMN19687839,SAMN19687970,SAMN19657682,SAMN19688425,SAMN19687956,SAMN33756230,SAMN27519637,SAMN27520123,SAMN40273306,SAMN21856004,SAMN33756502,SAMEA12853664,SAMN21856036,SAMN27519512,SAMN40273427
Cluster_953	SAMN19688356,SAMN19657668
Cluster_953_	SAMN19657220,SAMN19657582,SAMEA7562508
Cluster_953__	SAMN19688132,SAMEA7555302,SAMEA7552715,SAMEA7552441,SAMEA7552252,SAMEA7548799,SAMN27520152
Cluster_953___	SAMN19657908,SAMN19657396,SAMN19694082,SAMN13169503,SAMN09756280,SAMN09914685,SAMN19657923,SAMN19688740,SAMN19688728,SAMN19694076,SAMN19657925,SAMN19694061,SAMN19687807,SAMN19657841,SAMN02584598,SAMEA4695155,SAMN19658092
Cluster_953____	SAMN34294194,SAMN08708295,SAMN08708228,SAMN34293843,SAMN08708382,SAMEA7560467,SAMN31135822,SAMN08709025,SAMN08708824,SAMN08709074,SAMN19688632,SAMN19688433,SAMN19688431
Cluster_955	SAMN31423462,SAMN28538254,SAMN28538076,SAMN31423480,SAMN28538244,SAMN31423432,SAMN28538239,SAMN28538042,SAMN19694175,SAMN19688438,SAMN19688446,SAMN19688437,SAMN19657975,SAMN19688610,SAMN19688570,SAMN19657499,SAMN40655447,SAMN19658055,SAMN19657909,SAMN19688724,SAMN40655315,SAMN19687964,SAMN19658137,SAMN40655411,SAMN19657784,SAMN19688151,SAMN19657688,SAMN19657340,SAMN19688321,SAMN40466019,SAMN33010929,SAMN19688245,SAMN19657978,SAMN19657836,SAMN04633321,SAMN19657842,SAMN19657401,SAMN19657400,SAMN19657992,SAMN19688334,SAMN19658133,SAMN19657622,SAMN19657447,SAMN40655457,SAMN40655396,SAMN19688667,SAMN02584633,SAMN19657953,SAMN09756089,SAMN09914622,SAMN19694100,SAMN19657435,SAMN19657227,SAMN13169600,SAMN19688657,SAMN19657979,SAMN08708463,SAMN40983371,SAMN09756328,SAMN19688502,SAMN19688489,SAMN19657332,SAMN06210014,SAMEA4695151,SAMEA7549714,SAMN19658135
Cluster_954	SAMN09914652,SAMN09914629,SAMN09756304,SAMN21856479,SAMEA3443189,SAMEA7157508,SAMN34294164,SAMEA4695116,SAMEA10691767,SAMN40655432,SAMN19694163,SAMN08708402,SAMEA4695120,SAMEA4695124,SAMN27519918,SAMN19688368,SAMEA10030348,SAMN08709072,SAMEA10691777,SAMEA114236070,SAMN19657237,SAMN34294089,SAMEA4695118,SAMN34294016,SAMN05276314,SAMEA3421014,SAMN34294142,SAMN27519753,SAMN34294308,SAMN33010877,SAMEA2534431,SAMEA104600164,SAMN34293851,SAMEA112298939,SAMN08709022,SAMEA4695115,SAMEA4695117,SAMN34294237,SAMN08708577,SAMEA4695123,SAMEA2534949,SAMN34294278
Cluster_959	SAMN19688147,SAMN19657742,SAMN19657858
Cluster_960	SAMN19688027,SAMN19688075
Cluster_961	SAMN08708213,SAMN19688009,SAMN19688124
Cluster_962	SAMEA114236078,SAMN19658016
Cluster_962_	SAMN19688411,SAMN19688413
Cluster_962__	SAMN19688470,SAMN33010969
Cluster_962___	SAMN19687903,SAMN19687988,SAMN33010940
Cluster_962____	SAMN13169464,SAMN19657799,SAMEA7617417
Cluster_963	SAMEA7157612,SAMN05789052,SAMN19688760,SAMN16966145
Cluster_963_	SAMN19688605,SAMN19694161,SAMN33010986,SAMN19694176,SAMEA112804169
Cluster_963__	SAMN40655244,SAMN19657476,SAMN06210015,SAMEA112298905,SAMEA10030312
Cluster_963___	SAMN19688666,SAMN33010864
ClusteR_964____	SAMN19688737,SAMN33010787
Cluster_967	SAMN19688111,SAMN06210030
cluster_967_	SAMN19694070,SAMN40655309
Cluster_967__	SAMN19687950,SAMN19657315
Cluster_967___	SAMN19688120,SAMN19687853
Cluster_967____	SAMN19657219,SAMN40655347,SAMN19688649,SAMN33010777
Cluster_968	SAMN19688158,SAMN19657327
Cluster_968_	SAMN09914639,SAMN19688755,SAMN19688117,SAMN09756301,SAMN19657911,SAMN19688742
Cluster_969	SAMN19657686,SAMN19657720
Cluster_969_	SAMN19688020,SAMN40466085
Cluster_969__	SAMN19657898,SAMN04633308
Cluster_969___	SAMN40466092,SAMN19688033,SAMN19657525,SAMEA7560046
Cluster_969____	SAMN40655481,SAMN19694081,SAMN19688345,SAMN19688210
Cluster_969_____	SAMN33010733,SAMN13169756,SAMN19688127,SAMN19687875,SAMN19657179,SAMN40655170,SAMN19687998,SAMN19687943,SAMN19687840
Cluster_969______	SAMN19657334,SAMN19688023
Cluster_969_______	SAMN19657274,SAMN19658047
Cluster_969________	SAMN04633360,SAMEA114236118,SAMN19688102,SAMN19688103,SAMN40466154
Cluster_969_________	SAMN19657906,SAMN33010822
Cluster_969__________	SAMN13169696,SAMN40466051,SAMN33010914,SAMN19657983,SAMN13169697,SAMN09914729,SAMN09756224,SAMN08637046,SAMN04633331,SAMN04633298
Cluster_969___________	SAMN19657933,SAMN19658008
Cluster_970	SAMN19657440,SAMN06210094
Cluster_971	SAMEA7563699,SAMN09756223,SAMEA112299019,SAMEA112803216,SAMEA10030286,SAMEA112804991,SAMN19658039
