Cluster	Samples
Cluster_10043	SAMEA6875103,SAMEA6875102,SAMEA118265378,SAMEA6875104
Cluster_10054	SAMEA118265310,SAMEA118265313,SAMEA6875241,SAMEA6875240,SAMEA118265311,SAMEA118265319
Cluster_10433	SAMEA118265810,SAMEA118265749
Cluster_10439	SAMEA118265778,SAMEA118265779
Cluster_10705	SAMEA118265537,SAMEA118265295,SAMEA118265538
Cluster_10881	SAMEA112800012,SAMEA112800007,SAMEA7553140,SAMEA112800434,SAMEA112800116,SAMEA112799267,SAMEA7551701,SAMEA112803728,SAMEA112799163,SAMEA112801768,SAMEA112801809,SAMEA112800256,SAMEA7548420,SAMEA112799598,SAMEA118265518,SAMEA14269108,SAMN31423580,SAMEA112799906,SAMEA112806852,SAMEA112801745,SAMEA112800164
Cluster_10929	SAMEA6875091,SAMEA6875090,SAMEA118265213,SAMN03648529
Cluster_10967	SAMEA6875511,SAMEA118265634
Cluster_10968	SAMN26722361,SAMEA118265305,SAMN26722362,SAMEA112800562
Cluster_10971	SAMEA112800147,SAMEA112800145,SAMEA112806774,SAMEA112800146,SAMEA112806213,SAMEA112801649,SAMEA112803349,SAMEA112803285,SAMEA112803267,SAMEA112804018,SAMEA112806634,SAMEA118265861,SAMN09090411,SAMEA112805683,SAMEA1102733,SAMEA112799570,SAMEA112801709,SAMEA112804456,SAMEA112806290,SAMEA112806183,SAMEA112801944,SAMEA112804427,SAMEA112805204,SAMEA112804376,SAMEA112803942,SAMEA112806081,SAMEA112806738,SAMEA112801515
Cluster_10974	SAMN07658140,SAMN07660221,SAMEA1118915,SAMEA7548011,SAMEA7550723,SAMEA118265602,SAMEA1118039
Cluster_11032	SAMEA6875149,SAMEA6875148,SAMEA118265488,SAMEA118265105,SAMEA118265172
Cluster_11052	SAMEA6875466,SAMEA118265314,SAMEA118265317,SAMEA3359354,SAMEA118265487,SAMEA118265522
Cluster_11067	SAMEA6875443,SAMEA118265220
Cluster_11080	SAMEA6875160,SAMEA6875161,SAMEA118265135,SAMEA6875162,SAMEA118265765,SAMEA118265514
Cluster_11092	SAMEA118265475,SAMEA6875235,SAMEA6875234
Cluster_11129	SAMEA118265113,SAMEA6875293,SAMEA118265389,SAMEA118265638,SAMN39286908,SAMEA118265272,SAMEA118265835
Cluster_11137	SAMEA6875349,SAMEA118265227,SAMEA14269153
Cluster_11158	SAMEA6875662,SAMEA118265207,SAMEA112803564
Cluster_11206	SAMEA118265161,SAMEA6875362,SAMEA118265401,SAMEA118265570
Cluster_11216	SAMEA118265187,SAMEA118265191,SAMEA6875072,SAMEA6875071
Cluster_11325	SAMEA6875029,SAMEA6875031,SAMEA118265653,SAMEA6875030
Cluster_11345	SAMEA5076159,SAMEA5076103,SAMEA118265530,SAMEA5076110,SAMEA5076102,SAMEA5076135
Cluster_11354	SAMEA6649923,SAMEA6875172,SAMEA6875174,SAMEA118265122,SAMEA118265470,SAMEA118265809,SAMEA6875173
Cluster_11360	SAMEA118265450,SAMEA5076062,SAMEA5076145,SAMEA6649890,SAMEA114323129,SAMEA5076155,SAMEA6649901,SAMEA5076077,SAMEA5076154
Cluster_11379	SAMEA6875045,SAMEA6875046,SAMEA118265141,SAMN28538217,SAMEA6875047,SAMEA118265463,SAMEA112804001
Cluster_11385	SAMEA118265844,SAMEA112803782,SAMEA118265158,SAMEA112804612,SAMEA112803968,SAMEA7562067
Cluster_11398	SAMEA6875516,SAMEA118265560,SAMEA118265260
Cluster_11399	SAMEA6875198,SAMEA118265467,SAMEA118265465,SAMEA6875197
Cluster_11551	SAMEA118265146,SAMEA8653176
Cluster_11558	SAMEA118265760,SAMEA118265228
Cluster_11684	SAMN03647460,SAMEA3450050,SAMEA6875643,SAMEA118265680,SAMEA3447642,SAMEA3450074,SAMEA3449391,SAMEA111556213,SAMEA1405969,SAMEA3451230,SAMEA3449882,SAMEA3446528,SAMEA3451154,SAMEA3445241,SAMEA3448732,SAMEA118265357
Cluster_11709	SAMEA118265341,SAMEA118265137,SAMEA6875204,SAMEA118265140,SAMEA6875203,SAMEA118265136,SAMEA118265216
Cluster_11744	SAMEA7554332,SAMEA7550248,SAMEA7561987,SAMN39286575,SAMN21616692,SAMN41154844,SAMN41154449,SAMN41146627,SAMN41146593,SAMN40566626,SAMN39287073,SAMN35621634,SAMN34257607,SAMN27762526,SAMN27743973,SAMN18035298,SAMN16966238,SAMEA7550681,SAMN41154973,SAMN41154943,SAMN41154879,SAMN41154833,SAMN41154720,SAMN41154680,SAMN41154559,SAMN41148616,SAMN41148596,SAMN41148481,SAMN41148437,SAMN41146687,SAMN41146661,SAMN41146659,SAMN41146576,SAMN41146527,SAMN41146489,SAMN40566636,SAMN40566635,SAMN40566629,SAMN40566628,SAMN40566627,SAMN40566625,SAMN40566615,SAMN40566612,SAMN40566610,SAMN40566599,SAMN40566597,SAMN40566582,SAMN40566312,SAMN40566304,SAMN40566299,SAMN40528874,SAMN39287043,SAMN39287032,SAMN39287018,SAMN39287002,SAMN39286975,SAMN39286921,SAMN39286876,SAMN39286874,SAMN39286872,SAMN39286871,SAMN39286869,SAMN39286868,SAMN39286859,SAMN39286858,SAMN39286857,SAMN39286700,SAMN39286681,SAMN39286680,SAMN39286679,SAMN39286676,SAMN39286675,SAMN39286673,SAMN39286672,SAMN39286573,SAMN34257606,SAMN34257605,SAMN34257604,SAMN34257603,SAMN27763797,SAMN27762224,SAMN21882831,SAMN21880277,SAMN21857752,SAMN21857526,SAMN21616998,SAMN21616964,SAMN21616898,SAMN21616814,SAMN21616669,SAMN16966233,SAMN16966224,SAMN16966214,SAMN16966189,SAMN16966176,SAMN16966159,SAMN16966154,SAMN16966097,SAMN16966089,SAMN16966075,SAMN16966066,SAMN07659780,SAMEA7561938,SAMEA7555469,SAMEA7555380,SAMEA7554915,SAMEA7554823,SAMEA7554623,SAMEA7554209,SAMEA7554073,SAMEA7553969,SAMEA7553552,SAMEA7553375,SAMEA7553192,SAMEA7553099,SAMEA7552828,SAMEA7552816,SAMEA7552635,SAMEA7552429,SAMEA7552184,SAMEA7552068,SAMEA7552003,SAMEA7550547,SAMEA7550044,SAMEA7549451,SAMEA7549416,SAMEA7549413,SAMEA7549141,SAMEA7548199,SAMEA7547950,SAMEA6875375,SAMEA3375492,SAMEA3359395,SAMEA3359344,SAMEA118265667,SAMEA118265604,SAMEA118265596,SAMEA118265584,SAMEA118265448,SAMEA118265277
Cluster_11785	SAMEA118265239,SAMEA118265577,SAMEA118265686,SAMEA6875432
Cluster_11797	SAMEA118265735,SAMEA118265822
Cluster_11841	SAMEA12617002,SAMEA118265519,SAMEA12616984,SAMEA12616986,SAMEA12616931,SAMEA12617014,SAMEA12617007,SAMEA112189504,SAMEA7561914,SAMEA12616942,SAMEA118265647,SAMEA12616961,SAMEA12617010,SAMEA12617009,SAMEA12616953,SAMEA12616972,SAMEA12616949,SAMEA12616998,SAMEA12616996,SAMEA12616929,SAMEA12617001,SAMN07627181,SAMEA112269210,SAMEA12616964,SAMEA12616985,SAMN10462549,SAMEA12616956,SAMEA12616952,SAMEA12616967,SAMEA12616945,SAMEA12616939,SAMEA118265232,SAMEA12617000,SAMEA12616997,SAMEA12616951,SAMEA12617011,SAMEA12617003,SAMEA12616962,SAMN07627180,SAMEA12616966,SAMEA12616982,SAMEA12616954,SAMEA12616987,SAMEA12616946,SAMEA112269211,SAMEA12616950,SAMEA112271083,SAMEA12617018,SAMEA12616958,SAMEA12616955,SAMN07627177,SAMEA112269212,SAMEA12616973,SAMEA12616974,SAMEA12617015,SAMEA12616935,SAMEA12616999,SAMEA12616965,SAMEA12616990,SAMEA12616989,SAMEA12616988,SAMEA12616947,SAMEA112189503,SAMEA12616948,SAMEA12616963,SAMEA12617021,SAMEA12616975,SAMEA12616957,SAMEA12616934
Cluster_11939	SAMN31062741,SAMEA6875664,SAMEA7553501
Cluster_11971	SAMEA118265356,SAMEA118265359,SAMEA118265370,SAMEA6875554,SAMEA118265379,SAMEA118265347
Cluster_12065	SAMEA118265714,SAMEA118265713
Cluster_12188	SAMEA6875552,SAMEA118265770
Cluster_12195	SAMEA112805999,SAMEA118265407,SAMEA7551638
Cluster_12242	SAMEA118265329,SAMEA118265328
Cluster_12251	SAMEA6875053,SAMEA6875051,SAMEA6875052,SAMEA118265572,SAMEA118265287,SAMEA7555158,SAMEA118265753
Cluster_12287	SAMEA118265223,SAMEA5076070,SAMEA6649896,SAMEA5076104,SAMEA1119658,SAMEA118265761,SAMEA5076078,SAMEA115163160,SAMEA112801115,SAMEA5076114,SAMEA5076112,SAMEA5076087
Cluster_12327	SAMEA11961614,SAMEA3558716,SAMN41154573,SAMEA118265838
Cluster_12328	SAMEA118265152,SAMEA6875515
Cluster_12338	SAMEA112801072,SAMEA118265324
Cluster_12418	SAMEA6875269,SAMEA118265436
Cluster_12452	SAMEA118265773,SAMEA6875558
Cluster_12479	SAMEA6875611,SAMEA118265243
Cluster_12518	SAMEA118265630,SAMEA6875564
Cluster_12658	SAMEA118265627,SAMEA112801363
Cluster_12673	SAMEA118265217,SAMEA6875151,SAMEA111556038,SAMN16966053,SAMEA112799459,SAMEA118265516,SAMEA6875150,SAMEA118265399
Cluster_12688	SAMEA118265559,SAMEA118265166
Cluster_12714	SAMEA118265636,SAMN20513102,SAMEA118265583,SAMEA7553507,SAMEA7549523
Cluster_12768	SAMEA118265715,SAMN38670597,SAMEA3445252,SAMN38670622,SAMN38670623,SAMEA118265702,SAMEA3360006,SAMEA1118254
Cluster_12769	SAMEA118265853,SAMEA118265478,SAMEA6875196,SAMEA118265273,SAMEA6875195
Cluster_12823	SAMEA118265434,SAMEA118265290,SAMEA6875585
Cluster_12825	SAMEA118265868,SAMN16966217
Cluster_12827	SAMEA118265763,SAMEA6875080,SAMEA118265512,SAMEA6875081,SAMEA118265343,SAMEA118265132
Cluster_12882	SAMEA118265531,SAMEA6875136,SAMEA6875137
Cluster_12907	SAMEA112803199,SAMEA118265413,SAMEA118265427,SAMEA118265163,SAMEA118265266,SAMEA118265419,SAMEA118265412
Cluster_12936	SAMEA114396013,SAMN08383168,SAMEA7067345,SAMEA3562778,SAMEA14459890,SAMN08383216,SAMEA5056392,SAMN08383174,SAMEA114663540,SAMEA3558359,SAMEA118265860,SAMEA5056433,SAMEA3357595,SAMEA3558390
Cluster_13001	SAMEA2533367,SAMEA118265847
Cluster_13017	SAMEA11961675,SAMEA7425187,SAMEA6591837,SAMEA114323136,SAMEA3671426,SAMEA114323136,SAMEA11961680,SAMEA6591821
Cluster_13237	SAMEA104362215,SAMEA9976737,SAMN05918583,SAMEA7545182,SAMEA104362530,SAMEA7547123,SAMEA7546069,SAMEA7546443,SAMEA5282443,SAMEA9977593,SAMEA5163690,SAMEA9976606,SAMEA7546521,SAMN13568746,SAMEA7545935,SAMN13568799,SAMEA7545660,SAMEA5164350,SAMEA5164180,SAMEA9977011,SAMEA7546242,SAMEA118265469,SAMEA9976379,SAMEA114493572,SAMEA7546214
Cluster_13247	SAMEA118265727,SAMN28488182,SAMN28488199
Cluster_13277	SAMEA118265494,SAMEA6875145
Cluster_13278	SAMEA118265491,SAMEA118265609
Cluster_13416	SAMEA118265408,SAMEA12871038
Cluster_13461	SAMEA6875317,SAMEA118265623
Cluster_13499	SAMEA118265496,SAMEA7553194
Cluster_13566	SAMN13568324,SAMN13568499,SAMEA104362055,SAMEA118265664,SAMN13568440,SAMEA104362230,SAMEA104362359,SAMEA104362171,SAMN13568584,SAMEA104362213,SAMN13568628
Cluster_13587	SAMEA118265177,SAMEA7563811,SAMEA112804264,SAMEA6875397,SAMEA118265510
Cluster_13661	SAMEA11008611,SAMEA11008648,SAMEA11008614,SAMEA7547505,SAMEA11008612,SAMEA7547261,SAMEA11008667,SAMEA118265815,SAMEA7547309,SAMEA7547408
Cluster_13670	SAMN34999458,SAMEA7555849,SAMEA6875478,SAMN31423328,SAMEA114625963,SAMEA112800643,SAMEA118265839,SAMEA7561379,SAMEA2535019,SAMEA112806990,SAMN09090373
Cluster_13728	SAMN33243737,SAMEA112183855,SAMEA112183788,SAMEA118265444,SAMN28553668,SAMEA112183836,SAMN30185205,SAMN30185202,SAMEA112183828
Cluster_13752	SAMN30185235,SAMEA118265637
Cluster_13798	SAMEA118265708,SAMEA6875563
Cluster_13987	SAMEA118265593,SAMEA118265685
Cluster_14000	SAMEA7550544,SAMEA112805834,SAMN09715538,SAMEA112801437,SAMEA112799735,SAMEA7550924,SAMEA7563772,SAMEA7562129,SAMEA7563560,SAMN28538147,SAMEA1045780,SAMEA7563844,SAMEA7563721,SAMN28537958,SAMEA1045784,SAMEA7562111,SAMEA7563652,SAMEA1045776,SAMEA1045777,SAMEA112804029,SAMEA7553751,SAMEA118265576,SAMEA7563571,SAMEA3392615,SAMEA6875447
Cluster_14049	SAMN28537933,SAMEA1119592,SAMEA104153415,SAMEA118265768,SAMEA112799671,SAMN28538251,SAMN19658060
Cluster_14062	SAMEA118265819,SAMEA118265842,SAMEA5076054,SAMEA5076069,SAMEA1119556,SAMEA118265298,SAMEA5076094,SAMEA1117945,SAMEA118265112,SAMEA5076085,SAMEA7550553,SAMEA5076075,SAMEA5076124
Cluster_14132	SAMEA118265333,SAMEA6875504
Cluster_14149	SAMEA118265573,SAMEA1119739
Cluster_14163	SAMEA118265189,SAMEA7550815,SAMEA112801480,SAMEA118265594,SAMEA118265850,SAMEA118265477,SAMEA6875169,SAMEA118265238,SAMEA6875171,SAMEA118265414,SAMEA7551428,SAMEA118265672,SAMEA118265394,SAMEA118265784,SAMEA118265786,SAMEA118265643,SAMEA118265247,SAMEA6875170,SAMEA7563553,SAMN28106864,SAMEA118265492
Cluster_14174	SAMEA6875620,SAMEA112805802,SAMEA118265231,SAMEA118265363,SAMEA118265615,G2176m
Cluster_14193	SAMEA3340435,SAMEA118265588,SAMEA7550143,SAMEA118265233,SAMEA118265476,SAMEA118265115,SAMEA5076056,SAMEA114625912,SAMEA5076113,SAMEA118265848,SAMEA118265595,SAMEA5076097,SAMEA7552386,SAMEA5076093,SAMEA5076121,SAMEA3316434,SAMEA112799510,SAMEA118265480,SAMN03647230,SAMEA5076098,SAMN31423502,SAMEA5076144,SAMEA118265335,SAMEA5076163,SAMEA118265485,SAMN31423404,SAMEA5076084,SAMEA112804689,SAMEA5076141,SAMEA1102648,SAMEA118265528,SAMEA1102646
Cluster_14289	SAMEA6875527,SAMEA118265431,SAMEA118265432,SAMEA118265820,SAMEA118265130
Cluster_14370	SAMEA112805222,SAMEA6875514,SAMEA114663554,SAMEA111556179,SAMEA104394443,SAMEA111556023,SAMEA7550230,SAMEA112799798,SAMEA112803654,SAMEA104394704,SAMEA112801070,SAMEA112803291,SAMEA112801338,SAMEA112805902,SAMEA112806391,SAMEA6875665,SAMEA7563740,SAMEA7550000,SAMEA7553328,SAMEA118265682,SAMEA112804501,SAMEA118265683,SAMEA112799380,SAMEA114625878,SAMEA6875370,SAMEA112801585,SAMEA112801291,SAMEA104394411,SAMEA118265250,SAMEA112803700,SAMEA118265372,SAMN28538172,SAMEA7550023,SAMEA118265684,SAMEA2534976,SAMEA112805590,SAMEA118265201,SAMEA112803918,SAMEA7553978,SAMEA1119165,SAMEA112803938,SAMEA118265371,SAMEA112801717,SAMEA7563646,SAMEA7554521,SAMEA7552573,SAMEA112801286,SAMEA5606699,SAMEA2534559,SAMEA7548593,SAMEA2534796,SAMEA1119084,SAMEA112799550,SAMEA7549569,SAMN07660082,SAMEA112800424,SAMEA112804708,SAMEA104394470
Cluster_14382	SAMN30185187,SAMEA118265564,SAMN30185200,SAMN41148702,SAMN30185233,SAMN20847272,SAMEA118265574,SAMN41148703,SAMEA118265563
Cluster_14401	SAMEA118265417,SAMEA118265599,SAMEA6875152,SAMEA7548985,SAMEA14269057,SAMEA14269094,SAMN31423315,SAMEA112801627,SAMEA7553011,SAMEA7551088,SAMEA7550965,SAMEA7554201,SAMN03647836,SAMEA1707767,SAMEA7129291,SAMEA118265733,SAMEA6875153,SAMEA118265499,SAMEA118265556,SAMEA118265495,SAMEA112806771,SAMEA112804664,SAMEA104394506,SAMEA1119444,SAMEA1118925,SAMEA118265722,SAMEA6875462,SAMEA112800454,SAMEA1118809,SAMEA112800186,SAMEA4695228,SAMEA112805422,SAMEA8893132,SAMEA8893122,SAMEA7553150,SAMN05276339,SAMEA8893145
Cluster_14457	SAMEA114625996,SAMEA6591807,SAMEA114625978,SAMN08708352,SAMEA115163069,SAMEA118265131,SAMEA6875476,SAMN08709218,SAMN34293828
Cluster_14605	SAMEA118265230,SAMEA7562020,SAMN39287233,SAMEA7551152,SAMEA7561758,SAMN38670616,SAMN38670647
Cluster_14649	SAMN34999460,SAMN28537931,SAMN31423422,SAMEA7550136,SAMEA1405996,SAMN03647331,SAMEA112800842,SAMEA6875487,SAMEA1102822,SAMN03647433,SAMEA112804051,SAMN31423326,SAMEA3715420,SAMN31423355,SAMN28538202,SAMEA112799176,SAMEA112800843,SAMEA7548996,SAMEA112800845,SAMN09090408,SAMN09090633,SAMEA8893129,SAMN09090399,SAMEA7561752,SAMEA1405908,SAMEA7554477,SAMN40947044,SAMEA1118051,SAMEA114625890,SAMN31423437,SAMEA111366888,SAMEA118265728,SAMEA112799089
Cluster_14656	SAMEA6875513,SAMEA118265267
Cluster_14745	SAMEA118265666,SAMEA112804610
Cluster_14746	SAMEA6875431,SAMEA118265565,SAMEA2061815,SAMN03648375
Cluster_14777	SAMN31030337,SAMEA118265308
Cluster_14844	SAMEA7554048,SAMEA5076156,SAMEA7551399,SAMEA112801277,SAMEA112803431,SAMEA5076101,SAMEA5076137,SAMEA118265671,SAMEA2534931,SAMEA112805517,SAMN26722372
Cluster_14988	SAMEA104362198,SAMN13568467,SAMEA5163835,SAMEA7545276,SAMN06010397,SAMEA118265210,SAMN41148866,SAMEA5163759,SAMEA7545951,SAMEA7545948,SAMN05918592,SAMEA9977526,SAMN40566517,SAMEA7546190,SAMEA7561975,SAMEA9976993,SAMN41148746
Cluster_14997	SAMEA110024232,SAMEA14460322,SAMEA110013493,SAMEA110013466,SAMEA14460299,SAMEA14460216,SAMEA14460018,SAMEA14460016,SAMEA14459968,SAMEA14459941,SAMEA14459937,SAMEA110037132,SAMEA110024201,SAMEA110013470,SAMEA14460247,SAMEA14460006,SAMEA112801567,SAMEA110031526,SAMEA14459984,SAMEA112806886,SAMEA112806883,SAMEA112799619,SAMEA118265788,SAMEA14459915,SAMN09090378,SAMEA7562289,SAMEA14460107,SAMEA110040817,SAMEA110013465,SAMEA14460130,SAMEA110040909,SAMN28538178,SAMEA112801211,SAMEA3671440,SAMEA1010878,SAMEA112806827,SAMEA112799022,SAMEA14460013,SAMEA110013006,SAMEA14460212,SAMEA110046454,SAMEA6456246,SAMEA110037045,SAMEA110051953,SAMEA110037063,SAMEA7549341,SAMEA110013266,SAMEA110013265,SAMEA14460124,SAMEA14460123,SAMEA110013494
Cluster_15001	SAMEA118265834,SAMEA118265286,SAMEA118265289,SAMEA118265285,SAMEA118265281,SAMEA118265194,SAMEA118265188,SAMEA118265186,SAMN28538080,SAMN31423475,SAMEA7562115,SAMEA5076140,SAMEA5076138,SAMEA5076080,SAMEA5076072,SAMEA5076127,SAMEA112799207,SAMEA112799145,SAMEA112803758,SAMEA7547978,SAMEA7549064,SAMEA7547751,SAMN09402698,SAMEA7555100,SAMEA7550370,SAMEA5076065,SAMEA112801464,SAMEA112801458,SAMN09402703,SAMEA7555928,SAMEA112804597,SAMEA112803331,SAMEA112799694,SAMEA8893138,SAMEA118265439,SAMEA118265426,SAMEA112801178,SAMEA5076128,SAMN31423552,SAMEA8893116,SAMEA14269143,SAMEA114625883,SAMEA7547835,SAMEA5076061,SAMEA3715611,SAMEA3357594,SAMEA112805359,SAMEA7562125,SAMEA3360003,SAMN34999462,SAMN34999454,SAMN34999459
Cluster_15077	SAMEA6875063,SAMEA3340424,SAMEA118265406,SAMEA118265400,SAMEA6875064
Cluster_15096	SAMEA112801519,SAMEA118265104,SAMEA118265200,SAMEA6875622,SAMEA118265489
Cluster_15125	SAMEA5076074,SAMEA5076165,SAMEA3344855,SAMEA5076142,SAMEA5076151,SAMEA3340421,SAMEA118265234
Cluster_15131	SAMEA118265437,SAMEA7549945,SAMEA5076115,SAMEA118265869,SAMEA5076125,SAMEA118265334,SAMEA118265322,SAMEA5076076,SAMEA5076059,SAMEA5076168,SAMEA5076079,SAMEA8653175
Cluster_15132	SAMEA114625863,SAMEA118265806
Cluster_15138	SAMN31674088,SAMEA118265798
Cluster_15341	SAMEA118265581,SAMEA8718998,SAMN04521946
Cluster_15352	SAMEA7553579,SAMEA118265734
Cluster_15354	SAMEA7548908,SAMEA7551682,SAMEA118265364,SAMEA7548302,SAMEA6875566,SAMEA118265550,SAMEA118265366,SAMEA7552818,SAMEA112799531,SAMEA118265571,SAMEA112800227,SAMEA112800495
Cluster_15399	SAMN40273173,SAMN40273344,SAMN21855986,SAMEA112803993,SAMN35220630,SAMN40273433,SAMN33756560,SAMEA5282495,SAMEA7157347,SAMEA3451374,SAMEA3449649,SAMN02381025,SAMN40273298,SAMN33756548,SAMN40273756,SAMN40273754,SAMN33756379,SAMN40273284,SAMN40273283,SAMN40273302,SAMN27519627,SAMN33756316,SAMN31037903,SAMN21856369,SAMN27520215,SAMN40273466,SAMEA7157733,SAMN40273067,SAMN27519623,SAMN27520047,SAMN33756205,SAMN40273760,SAMN13937526,SAMN21855965,SAMN33756422,SAMN33756213,SAMN40273537,SAMN40273536,SAMN40273270,SAMN21856348,SAMN21856167,SAMN21856166,SAMN06209900,SAMN13937476,SAMN40273069,SAMN33756382,SAMN40273502,SAMN21856027,SAMN33756572,SAMN21856193,SAMN21855932,SAMN21856257,SAMN13937484,SAMEA7550990,SAMN40273688,SAMN33756346,SAMN21856268,SAMN21856283,SAMN33756386,SAMN33756319,SAMN35220638,SAMEA118265741,SAMEA118265600,SAMN33756285,SAMN33756201,SAMN33756528,SAMN27520073,SAMN13937424,SAMN13937564,SAMN27520021,SAMN40273092,SAMN40273086,SAMN27520154,SAMN13937466,SAMN27519608,SAMEA7157864,SAMN40273580,SAMN41148346,SAMEA1707514,SAMEA7157360,SAMN40273129,SAMN40273568,SAMN40273240,SAMN33756181,SAMN40273733,SAMN40273276,SAMN03647751,SAMEA1707914,SAMN33756338,SAMN33756215,SAMN40273381,SAMN21856356,SAMN40273061,SAMN35220619,SAMN21856372,SAMN21856229,SAMN33756161,SAMN40273124,SAMN35220614,SAMN33756487,SAMN33756340,SAMN40273494,SAMEA13120076,SAMN40273333,SAMN27520189,SAMN33756243,SAMN27519881,SAMEA112799697,SAMN40273800,SAMN27520146,SAMN21856153,SAMN21855847,SAMN21855999,SAMEA112805667
Cluster_15400	SAMEA6875155,SAMEA118265818,SAMEA118265351,SAMEA6875154,SAMEA118265179,SAMEA118265670,SAMEA6875156,SAMEA118265170,SAMEA3316427,SAMEA118265348
Cluster_1611	SAMEA1119530,SAMEA1929788,SAMEA118265409
Cluster_1685	SAMEA8113323,SAMEA14269051,SAMN09090504,SAMN31423335,SAMEA8113322,SAMEA118265443,SAMN09090437
Cluster_1915	SAMEA118265719,SAMEA5076086,SAMEA118265796,SAMN28538030,SAMEA5076108,SAMEA118265206,SAMEA5076107,SAMEA5076063
Cluster_1929	SAMEA118265482,SAMEA118265513,SAMEA118265515
Cluster_1955	SAMEA118265472,SAMEA6875189,SAMEA6875188,SAMEA6875187
Cluster_2148	SAMEA118265758,SAMEA118265248,SAMEA118265253
Cluster_2172	SAMEA5076123,SAMEA5076133,SAMEA5076131,SAMEA5076132,SAMEA6875560
Cluster_2242	SAMEA118265640,SAMEA118265591,SAMEA6875470,SAMEA118265605
Cluster_2572	SAMEA118265507,SAMEA5076148,SAMEA5076083,SAMEA5076120,SAMEA118265660,SAMEA5076066,SAMEA5076067,SAMEA118265568,SAMEA5076129
Cluster_2693	SAMEA7549582,SAMEA118265603
Cluster_3020	SAMEA1045808,SAMEA118265393,SAMEA1045790,SAMEA1045821,SAMEA1045813,SAMEA1045802,SAMEA1045803
Cluster_3050	SAMEA3334375,SAMEA5076146,SAMEA5076081,SAMEA5076071,SAMEA118265403,SAMEA5076149
Cluster_3762	SAMEA118265543,SAMEA118265542
Cluster_3806	SAMEA118265460,SAMEA118265459
Cluster_4064	SAMN16966172,SAMEA118265669,SAMN16966113
Cluster_4069	SAMEA118265338,SAMEA118265337
Cluster_4098	SAMEA6875143,SAMEA118265619,SAMEA118265618,SAMEA6875144,SAMEA6875142
Cluster_421	SAMN31673376,SAMN31673220,SAMN31673291,SAMEA118265674,SAMN31673143
Cluster_4253	SAMEA118265390,SAMEA118265387
Cluster_4292	SAMEA118265307,SAMEA5076088,SAMEA5076161,SAMEA118265100,SAMEA5076099,SAMEA5076089
Cluster_4355	SAMN40947001,SAMN09402710,SAMEA118265215,SAMN09402691
Cluster_4365	SAMEA118265731,SAMEA118265780,SAMEA118265781,SAMEA118265748
Cluster_4368	SAMEA3316428,SAMEA118265449,SAMEA118265473,SAMEA5076164,SAMEA5076111
Cluster_4990	SAMEA118265661,SAMEA6875115,SAMEA118265410,SAMEA118265318,SAMEA6875113,SAMEA118265662,SAMEA6875114,SAMEA118265411
Cluster_5068	SAMEA118265705,SAMEA118265703
Cluster_538	SAMEA6875167,SAMEA118265836,SAMEA6875166,SAMEA118265111
Cluster_5477	SAMEA118265342,SAMEA118265344,SAMEA118265346,SAMEA118265327
Cluster_5771	SAMEA3324351,SAMEA6875074,SAMEA6875073,SAMEA6875075
Cluster_588	SAMEA114323138,SAMEA114323138,SAMEA6649895
Cluster_7051	SAMEA118265192,SAMEA118265271
Cluster_8420	SAMEA118265631,SAMEA118265629,SAMEA118265721
Cluster_8529	SAMEA118265697,SAMEA118265772,SAMEA118265767
Cluster_8669	SAMN30953101,SAMEA118265857,SAMN41146849,SAMN41148301,SAMN30185222,SAMN41148688,SAMN41148689,SAMN41148913
Cluster_8696	SAMEA118265185,SAMEA118265120,SAMEA118265352,SAMEA6875194,SAMEA104407636,SAMEA118265296,SAMEA8595231,SAMEA104407647,SAMEA104407642,SAMEA118265148,SAMEA3450066,SAMEA3447565,SAMEA104407639,SAMEA6875193,SAMEA7555902,SAMEA104407645
Cluster_8697	SAMN26722403,SAMN26722404,SAMEA118265610
Cluster_8710	SAMEA6875040,SAMEA6875041,SAMEA118265613,SAMEA6875038,SAMEA118265196,SAMEA6875039
Cluster_8732	SAMEA6875223,SAMEA6875222
Cluster_8795	SAMEA118265369,SAMEA118265368
Cluster_8865	SAMEA5076119,SAMEA5076147,SAMEA118265529,SAMEA5076117,SAMEA5076152,SAMEA112806536
Cluster_8869	SAMEA118265184,SAMEA118265288,SAMEA118265274
Cluster_8921	SAMEA118265649,SAMEA6875185,SAMEA6875184,SAMEA118265156,SAMEA118265433,SAMEA118265575,SAMEA118265294,SAMEA6875186,SAMEA118265240,SAMEA118265641,SAMEA118265176,SAMEA118265249,SAMEA118265173,SAMEA118265159,SAMEA118265517
Cluster_8930	SAMEA118265709,SAMEA118265541,SAMEA118265655,SAMEA6875368
Cluster_8956	SAMEA6875468,SAMEA118265226
Cluster_8980	SAMEA118265143,SAMEA6875306
Cluster_9023	SAMEA5076092,SAMEA118265855,SAMEA118265458,SAMEA5076095
Cluster_9039	SAMEA6875421,SAMEA3346009,SAMEA118265190
Cluster_9047	SAMEA6649900,SAMEA6875175,SAMEA114323139,SAMEA6875177,SAMEA118265270,SAMEA114323139,SAMEA6875176
Cluster_9249	SAMEA6875577,SAMEA118265385
Cluster_9250	SAMEA118265229,SAMEA118265374
Cluster_9277	SAMEA118265198,SAMEA118265461
Cluster_9344	SAMEA6875640,SAMEA118265418,SAMEA118265421,SAMEA118265297
Cluster_9391	SAMEA6875110,SAMEA6875109,SAMEA118265237
Cluster_9444	SAMEA5076122,SAMEA5076060,SAMEA5076116,SAMEA5076126,SAMEA5076109,SAMEA118265795
Cluster_9445	SAMEA118265843,SAMEA118265845
Cluster_9471	SAMEA6875337,SAMN31423352,SAMEA3451155,SAMN31423388,SAMN31423379,SAMN28538189,SAMEA118265452,SAMN28538215,SAMN16966112
Cluster_9537	SAMN26722357,SAMEA118265323
Cluster_9638	SAMEA5076130,SAMEA118265675,SAMEA118265532,SAMEA118265673,SAMEA118265567,SAMEA115163149,SAMEA118265218,SAMEA118265744,SAMEA5076166,SAMEA118265415,SAMEA5076157,SAMEA118265740,SAMEA118265521,SAMEA118265846,SAMEA118265829,SAMEA5076068,SAMEA5076091,SAMEA118265813,SAMEA5076162,SAMEA118265645
Cluster_9645	SAMEA118265547,SAMEA6875121,SAMEA118265544,SAMEA118265590,SAMEA118265278,SAMEA118265124,SAMEA6875120,SAMEA118265118
Cluster_9659	SAMEA118265462,SAMEA6875651,SAMEA118265336
Cluster_9661	SAMEA118265551,SAMEA118265479
Cluster_9691	SAMEA118265377,SAMEA118265326,SAMEA118265330,SAMEA118265325
Cluster_9752	SAMEA118265802,SAMEA6875318,SAMEA118265205
Cluster_9778	SAMEA6875131,SAMEA6875133,SAMEA6875132,SAMEA118265617
Cluster_9786	SAMEA118265841,SAMEA118265830
Cluster_9883	SAMEA6875106,SAMEA118265422,SAMEA6875105
Cluster_9889	SAMEA118265353,SAMEA6875246,SAMEA118265668,SAMEA118265756,SAMEA118265679
Cluster_9893	SAMEA6875089,SAMEA6875088,SAMEA118265867
Cluster_9983	SAMEA118265701,SAMEA118265862
