Cluster	Samples
Cluster_10014	SAMEA6875132,SAMEA6875131,SAMEA6875133,SAMEA118265617
Cluster_10033	SAMEA5076162,SAMEA118265521,SAMEA5076068,SAMEA118265813,SAMEA5076130,SAMEA118265415,SAMEA118265740,SAMEA118265218,SAMEA118265829,SAMEA5076166,SAMEA118265645,SAMEA118265567,SAMEA118265744,SAMEA118265675,SAMEA118265846,SAMEA5076091,SAMEA115163149,SAMEA118265532,SAMEA118265673,SAMEA5076157
Cluster_10110	SAMEA118265323,SAMN26722357
Cluster_10122	SAMEA118265843,SAMEA118265845
Cluster_10124	SAMEA5076122,SAMEA118265795,SAMEA5076126,SAMEA5076060,SAMEA5076109,SAMEA5076116
Cluster_10175	SAMEA118265207,SAMEA112803564,SAMEA6875662
Cluster_10272	SAMEA6875337,SAMN16966112,SAMN31423352,SAMEA118265452,SAMN31423388,SAMEA3451155,SAMN28538189,SAMN31423379,SAMN28538215
Cluster_10373	SAMEA6875088,SAMEA6875089,SAMEA118265867
Cluster_10385	SAMEA118265313,SAMEA118265319,SAMEA118265310,SAMEA6875241,SAMEA6875240,SAMEA118265311
Cluster_10407	SAMEA118265206,SAMEA5076108,SAMEA5076086,SAMEA5076063,SAMN28538030,SAMEA118265796,SAMEA5076107,SAMEA118265719
Cluster_10431	SAMEA6875103,SAMEA118265378,SAMEA6875104,SAMEA6875102
Cluster_10445	SAMEA6875585,SAMEA118265434,SAMEA118265290
Cluster_10491	SAMEA6875443,SAMEA118265220
Cluster_10496	SAMEA6875349,SAMEA118265227,SAMEA14269153
Cluster_10546	SAMEA6875235,SAMEA6875234,SAMEA118265475
Cluster_10601	SAMEA118265634,SAMEA6875511
Cluster_10602	SAMN26722361,SAMEA118265305,SAMEA112800562,SAMN26722362
Cluster_10679	SAMEA112800164,SAMEA112800434,SAMEA112800007,SAMEA112803728,SAMEA112799163,SAMEA112800256,SAMEA112799598,SAMEA7548420,SAMEA7553140,SAMEA112799906,SAMEA112800116,SAMEA112801745,SAMEA112799267,SAMN31423580,SAMEA7551701,SAMEA112801809,SAMEA112801768,SAMEA14269108,SAMEA112800012,SAMEA112806852,SAMEA118265518
Cluster_10710	SAMEA112806081,SAMEA112806774,SAMEA112801709,SAMEA1102733,SAMN09090411,SAMEA112806290,SAMEA112804018,SAMEA112801515,SAMEA112804376,SAMEA112805204,SAMEA112801649,SAMEA112800145,SAMEA112803942,SAMEA112799570,SAMEA112806738,SAMEA112804456,SAMEA112806634,SAMEA112803267,SAMEA112805683,SAMEA112806183,SAMEA118265861,SAMEA112803349,SAMEA112804427,SAMEA112806213,SAMEA112800147,SAMEA112801944,SAMEA112800146,SAMEA112803285
Cluster_10715	SAMEA118265537,SAMEA118265295,SAMEA118265538
Cluster_10723	SAMEA7550723,SAMN07660221,SAMEA7548011,SAMEA118265602,SAMN07658140,SAMEA1118039,SAMEA1118915
Cluster_10781	SAMEA118265356,SAMEA118265379,SAMEA118265347,SAMEA6875554,SAMEA118265370,SAMEA118265359
Cluster_10796	SAMEA118265779,SAMEA118265778
Cluster_10808	SAMEA118265749,SAMEA118265810
Cluster_10975	SAMN03648529,SAMEA118265213,SAMEA6875091,SAMEA6875090
Cluster_11020	SAMEA118265314,SAMEA3359354,SAMEA6875466,SAMEA118265317,SAMEA118265487,SAMEA118265522
Cluster_11119	SAMEA6875293,SAMN39286908,SAMEA118265272,SAMEA118265113,SAMEA118265638,SAMEA118265389,SAMEA118265835
Cluster_11215	SAMEA5076110,SAMEA118265530,SAMEA5076135,SAMEA5076103,SAMEA5076102,SAMEA5076159
Cluster_11223	SAMEA6875030,SAMEA6875029,SAMEA118265653,SAMEA6875031
Cluster_11278	SAMEA118265514,SAMEA118265765,SAMEA6875161,SAMEA6875160,SAMEA118265135,SAMEA6875162
Cluster_11343	SAMEA118265450,SAMEA5076077,SAMEA114323129,SAMEA5076155,SAMEA5076154,SAMEA6649901,SAMEA6649890,SAMEA5076145,SAMEA5076062
Cluster_11350	SAMEA118265191,SAMEA118265187,SAMEA6875072,SAMEA6875071
Cluster_11361	SAMEA118265161,SAMEA6875362,SAMEA118265401,SAMEA118265570
Cluster_11382	SAMEA118265760,SAMEA118265228
Cluster_11386	SAMEA118265734,SAMEA7553579
Cluster_11401	SAMEA6875047,SAMN28538217,SAMEA6875045,SAMEA118265141,SAMEA6875046,SAMEA118265463,SAMEA112804001
Cluster_11510	SAMEA6875516,SAMEA118265260,SAMEA118265560
Cluster_11533	SAMEA118265324,SAMEA112801072
Cluster_11551	SAMN16966217,SAMEA118265868
Cluster_11552	SAMEA118265822,SAMEA118265735
Cluster_11555	SAMEA118265577,SAMEA6875432,SAMEA118265239,SAMEA118265686
Cluster_11610	SAMEA118265470,SAMEA6649923,SAMEA118265122,SAMEA6875172,SAMEA118265809,SAMEA6875174,SAMEA6875173
Cluster_11612	SAMEA118265467,SAMEA6875198,SAMEA118265465,SAMEA6875197
Cluster_11623	SAMEA118265341,SAMEA118265216,SAMEA118265137,SAMEA6875204,SAMEA6875203,SAMEA118265140,SAMEA118265136
Cluster_11624	SAMEA118265172,SAMEA118265488,SAMEA6875149,SAMEA6875148,SAMEA118265105
Cluster_11644	SAMEA1405969,SAMEA3449882,SAMEA111556213,SAMEA3445241,SAMEA118265680,SAMN03647460,SAMEA3451230,SAMEA3451154,SAMEA3446528,SAMEA3448732,SAMEA3450074,SAMEA3449391,SAMEA3447642,SAMEA6875643,SAMEA3450050,SAMEA118265357
Cluster_11705	SAMEA12616997,SAMEA12616987,SAMEA112269210,SAMEA118265647,SAMEA12616939,SAMN10462549,SAMEA12616942,SAMEA12617000,SAMEA12616972,SAMEA12616955,SAMEA12616988,SAMEA12617014,SAMEA12616986,SAMEA12616958,SAMEA12616950,SAMEA12616947,SAMEA12616982,SAMEA12616967,SAMEA12617011,SAMEA12616999,SAMEA12617003,SAMEA12616931,SAMEA12616948,SAMEA12616985,SAMEA112189503,SAMEA112189504,SAMEA12616963,SAMEA12616998,SAMEA12616957,SAMEA12617002,SAMEA12616984,SAMEA12616989,SAMEA7561914,SAMEA12616951,SAMEA118265232,SAMEA112269211,SAMEA12617009,SAMEA12616962,SAMEA12616945,SAMEA12616996,SAMN07627177,SAMEA12616974,SAMEA118265519,SAMEA12616956,SAMEA12616934,SAMEA12616929,SAMEA12616990,SAMEA12616946,SAMN07627180,SAMEA12616964,SAMEA12616975,SAMEA12616954,SAMEA12616952,SAMEA12617018,SAMEA12617001,SAMEA12617015,SAMEA12616961,SAMEA12616949,SAMEA112269212,SAMEA12616966,SAMN07627181,SAMEA12616965,SAMEA12616953,SAMEA12617010,SAMEA12616935,SAMEA12617021,SAMEA12617007,SAMEA12616973,SAMEA112271083
Cluster_11754	SAMEA7554332,SAMEA7550248,SAMEA7561987,SAMN39286575,SAMN21616692,SAMN41154844,SAMN41154449,SAMN41146627,SAMN41146593,SAMN40566626,SAMN39287073,SAMN35621634,SAMN34257607,SAMN27762526,SAMN27743973,SAMN18035298,SAMN16966238,SAMEA7550681,SAMN41154973,SAMN41154943,SAMN41154879,SAMN41154833,SAMN41154720,SAMN41154680,SAMN41154559,SAMN41148616,SAMN41148596,SAMN41148481,SAMN41148437,SAMN41146687,SAMN41146661,SAMN41146659,SAMN41146576,SAMN41146527,SAMN41146489,SAMN40566636,SAMN40566635,SAMN40566629,SAMN40566628,SAMN40566627,SAMN40566625,SAMN40566615,SAMN40566612,SAMN40566610,SAMN40566599,SAMN40566597,SAMN40566582,SAMN40566312,SAMN40566304,SAMN40566299,SAMN40528874,SAMN39287043,SAMN39287032,SAMN39287018,SAMN39287002,SAMN39286975,SAMN39286921,SAMN39286876,SAMN39286874,SAMN39286872,SAMN39286871,SAMN39286869,SAMN39286868,SAMN39286859,SAMN39286858,SAMN39286857,SAMN39286700,SAMN39286681,SAMN39286680,SAMN39286679,SAMN39286676,SAMN39286675,SAMN39286673,SAMN39286672,SAMN39286573,SAMN34257606,SAMN34257605,SAMN34257604,SAMN34257603,SAMN27763797,SAMN27762224,SAMN21882831,SAMN21880277,SAMN21857752,SAMN21857526,SAMN21616998,SAMN21616964,SAMN21616898,SAMN21616814,SAMN21616669,SAMN16966233,SAMN16966224,SAMN16966214,SAMN16966189,SAMN16966176,SAMN16966159,SAMN16966154,SAMN16966097,SAMN16966089,SAMN16966075,SAMN16966066,SAMN07659780,SAMEA7561938,SAMEA7555469,SAMEA7555380,SAMEA7554915,SAMEA7554823,SAMEA7554623,SAMEA7554209,SAMEA7554073,SAMEA7553969,SAMEA7553552,SAMEA7553375,SAMEA7553192,SAMEA7553099,SAMEA7552828,SAMEA7552816,SAMEA7552635,SAMEA7552429,SAMEA7552184,SAMEA7552068,SAMEA7552003,SAMEA7550547,SAMEA7550044,SAMEA7549451,SAMEA7549416,SAMEA7549413,SAMEA7549141,SAMEA7548199,SAMEA7547950,SAMEA6875375,SAMEA3375492,SAMEA3359395,SAMEA3359344,SAMEA118265667,SAMEA118265604,SAMEA118265596,SAMEA118265584,SAMEA118265448,SAMEA118265277,SAMN24892048,SAMN24892047,SAMN24892056,SAMN24892055,SAMN24892054,SAMN24892053,SAMN24892052,SAMN24892051,SAMN24892050,SAMN24892049,SAMN24892046,SAMN24892040,SAMN24892039,SAMN24892038,SAMN21156930,SAMN21156929,SAMEA3252168,SAMN39287126,SAMEA2533934,SAMEA112801416,SAMEA112801336,SAMEA112801224,SAMEA112799864,SAMEA112799786,SAMEA112799021,SAMN10458094,SAMEA7562072,SAMEA112800983,SAMN31257360,SAMN24892045,SAMN24892037,SAMN21156931,SAMN21156928,SAMN21156927,SAMN21156926,SAMN21156925,SAMN17277807,SAMN17277806,SAMN17277805,SAMN17277803,SAMN17277802,SAMN17277800,SAMN17277797,SAMN13961787,SAMN13961786,SAMN13961785,SAMN13961784,SAMN06847294,SAMEA7830684,SAMEA7562081,SAMEA7561893,SAMEA7555116,SAMEA3449647,SAMEA3445043,SAMEA3445005,SAMEA3392408,SAMEA3257671,SAMEA14269148,SAMEA112804063,SAMEA112803859,SAMEA112801912,SAMEA112801740,SAMEA112801706,SAMEA112801545,SAMEA112801374,SAMEA112800686,SAMEA112800502,SAMEA112800452,SAMEA112800086,SAMEA112799943,SAMEA112799898,SAMEA112799756,SAMEA112799496,SAMEA112799224
Cluster_12175	SAMEA118265609,SAMEA118265491
Cluster_12178	SAMEA6875558,SAMEA118265773
Cluster_12187	SAMEA6875269,SAMEA118265436
Cluster_12217	SAMEA112801363,SAMEA118265627
Cluster_12259	SAMEA5076070,SAMEA118265761,SAMEA118265223,SAMEA5076114,SAMEA5076078,SAMEA112801115,SAMEA5076112,SAMEA1119658,SAMEA5076087,SAMEA115163160,SAMEA6649896,SAMEA5076104
Cluster_12262	SAMEA118265770,SAMEA6875552
Cluster_12270	SAMEA118265714,SAMEA118265713
Cluster_12277	SAMEA118265328,SAMEA118265329
Cluster_12281	SAMN31062741,SAMEA7553501,SAMEA6875664
Cluster_12292	SAMEA6875051,SAMEA118265572,SAMEA6875052,SAMEA118265753,SAMEA7555158,SAMEA118265287,SAMEA6875053
Cluster_12318	SAMN41154573,SAMEA11961614,SAMEA118265838,SAMEA3558716
Cluster_12319	SAMEA118265152,SAMEA6875515
Cluster_12328	SAMEA118265413,SAMEA118265412,SAMEA118265266,SAMEA118265427,SAMEA118265163,SAMEA112803199,SAMEA118265419
Cluster_12351	SAMEA118265185,SAMEA118265120,SAMEA118265352,SAMEA6875194,SAMEA104407636,SAMEA118265296,SAMEA8595231,SAMEA104407647,SAMEA104407642,SAMEA118265148,SAMEA3450066,SAMEA3447565,SAMEA104407639,SAMEA6875193,SAMEA7555902,SAMEA104407645
Cluster_12379	SAMEA118265407,SAMEA7551638,SAMEA112805999
Cluster_12468	SAMEA6875611,SAMEA118265243
Cluster_12474	SAMEA118265636,SAMN20513102,SAMEA7553507,SAMEA118265583,SAMEA7549523
Cluster_12574	SAMEA118265847,SAMEA2533367
Cluster_12615	SAMEA118265273,SAMEA118265853,SAMEA118265478,SAMEA6875195,SAMEA6875196
Cluster_12630	SAMEA7553194,SAMEA118265496
Cluster_12648	SAMEA118265166,SAMEA118265559
Cluster_12685	SAMEA3445252,SAMEA118265715,SAMEA1118254,SAMN38670623,SAMN38670622,SAMEA118265702,SAMEA3360006,SAMN38670597
Cluster_12697	SAMEA6875137,SAMEA6875136,SAMEA118265531
Cluster_12741	SAMEA6875080,SAMEA118265132,SAMEA118265763,SAMEA118265512,SAMEA6875081,SAMEA118265343
Cluster_12852	SAMEA118265630,SAMEA6875564
Cluster_12927	SAMEA114396013,SAMEA118265860,SAMEA7067345,SAMN08383174,SAMN08383168,SAMEA3558390,SAMEA3357595,SAMEA114663540,SAMEA5056392,SAMEA14459890,SAMN08383216,SAMEA3558359,SAMEA3562778,SAMEA5056433
Cluster_12979	SAMEA118265399,SAMEA118265217,SAMN16966053,SAMEA112799459,SAMEA6875151,SAMEA118265516,SAMEA6875150,SAMEA111556038
Cluster_13111	SAMEA118265798,SAMN31674088
Cluster_13154	SAMEA6875317,SAMEA118265623
Cluster_13378	SAMEA7547123,SAMEA7545182,SAMEA9976606,SAMEA9976379,SAMEA7546214,SAMEA9976737,SAMN13568799,SAMEA7546069,SAMEA5164350,SAMEA114493572,SAMEA7546443,SAMEA7546242,SAMEA9977011,SAMEA5164180,SAMEA7545660,SAMEA9977593,SAMEA5282443,SAMEA7546521,SAMN13568746,SAMEA5163690,SAMEA7545935,SAMN05918583,SAMEA104362530,SAMEA118265469,SAMEA104362215
Cluster_13399	SAMN28488182,SAMEA118265727,SAMN28488199
Cluster_13566	SAMN33243737,SAMEA112183788,SAMEA112183828,SAMN30185202,SAMEA112183855,SAMN28553668,SAMEA118265444,SAMN30185205,SAMEA112183836
Cluster_13733	SAMEA7550544,SAMEA112805834,SAMEA112799735,SAMEA7550924,SAMN09715538,SAMEA112801437,SAMN28538147,SAMEA3392615,SAMN28537958,SAMEA112804029,SAMEA7553751,SAMEA7563721,SAMEA6875447,SAMEA7562111,SAMEA118265576,SAMEA7562129,SAMEA1045777,SAMEA1045780,SAMEA7563560,SAMEA1045784,SAMEA7563652,SAMEA7563571,SAMEA1045776,SAMEA7563772,SAMEA7563844
Cluster_13824	SAMEA118265708,SAMEA6875563
Cluster_13843	SAMEA118265637,SAMN30185235
Cluster_13911	SAMEA104153415,SAMN28537933,SAMEA112799671,SAMEA1119592,SAMEA118265768,SAMN28538251,SAMN19658060
Cluster_13980	SAMEA118265820,SAMEA118265431,SAMEA118265432,SAMEA118265130,SAMEA6875527
Cluster_13989	SAMEA118265177,SAMEA6875397,SAMEA112804264,SAMEA118265510,SAMEA7563811
Cluster_14001	SAMEA118265685,SAMEA118265593
Cluster_14026	SAMEA7547408,SAMEA118265815,SAMEA11008611,SAMEA7547505,SAMEA11008667,SAMEA7547261,SAMEA11008648,SAMEA7547309,SAMEA11008612,SAMEA11008614
Cluster_14033	SAMN34999458,SAMEA7555849,SAMEA118265839,SAMEA112800643,SAMEA7561379,SAMN09090373,SAMEA6875478,SAMN31423328,SAMEA114625963,SAMEA2535019,SAMEA112806990
Cluster_14113	SAMEA1119739,SAMEA118265573
Cluster_14137	SAMEA118265848,SAMEA118265335,SAMEA118265115,SAMEA118265588,SAMEA118265233,SAMEA5076098,SAMEA5076097,SAMEA5076144,SAMEA3316434,SAMEA5076084,SAMEA5076056,SAMEA118265595,SAMEA5076093,SAMEA118265528,SAMEA118265485,SAMEA118265480,SAMEA118265476,SAMEA5076121,SAMEA3340435,SAMEA5076141,SAMEA5076163,SAMEA5076113
Cluster_14143	SAMEA6875504,SAMEA118265333
Cluster_14151	SAMEA118265363,SAMEA112805802,SAMEA118265615,G2176m,SAMEA6875620,SAMEA118265231
Cluster_14168	SAMEA118265267,SAMEA6875513
Cluster_14198	SAMN28537931,SAMN31423422,SAMN34999460,SAMN09090633,SAMEA111366888,SAMEA1405996,SAMN03647433,SAMEA6875487,SAMEA7561752,SAMEA112804051,SAMN09090399,SAMEA112800842,SAMEA1118051,SAMEA112799089,SAMEA8893129,SAMN09090408,SAMN31423355,SAMEA118265728,SAMEA7548996,SAMEA7554477,SAMEA7550136,SAMN31423437,SAMEA112799176,SAMN28538202,SAMEA1102822,SAMEA3715420,SAMN03647331,SAMN40947044,SAMEA114625890,SAMEA112800845,SAMN31423326,SAMEA112800843,SAMEA1405908
Cluster_14223	SAMEA118265417,SAMEA118265599,SAMEA6875152,SAMEA7548985,SAMEA14269057,SAMEA14269094,SAMN31423315,SAMEA112801627,SAMEA7553011,SAMEA7551088,SAMEA7550965,SAMEA7554201,SAMN03647836,SAMEA1707767,SAMEA7129291,SAMEA118265733,SAMEA6875153,SAMEA118265499,SAMEA118265556,SAMEA118265495,SAMEA112806771,SAMEA112804664,SAMEA104394506,SAMEA1119444,SAMEA1118925,SAMEA118265722,SAMEA6875462,SAMEA112800454,SAMEA1118809,SAMEA112800186,SAMEA4695228,SAMEA112805422,SAMEA8893132,SAMEA8893122,SAMEA7553150,SAMN05276339,SAMEA8893145
Cluster_14364	SAMEA3671426,SAMEA114323136,SAMEA11961675,SAMEA7425187,SAMEA11961680,SAMEA114323136,SAMEA6591821,SAMEA6591837
Cluster_14375	SAMN30185187,SAMEA118265574,SAMEA118265563,SAMEA118265564,SAMN30185233,SAMN30185200,SAMN41148703,SAMN41148702,SAMN20847272
Cluster_14383	SAMEA7554206,SAMEA118265212
Cluster_14559	SAMEA112801585,SAMEA104394443,SAMEA2534796,SAMEA112803938,SAMEA111556023,SAMEA2534976,SAMEA112804708,SAMEA112804501,SAMEA111556179,SAMEA104394411,SAMEA2534559,SAMEA112806391,SAMEA104394704,SAMEA104394470,SAMEA112801286,SAMEA112805222,SAMEA7550023,SAMEA7548593,SAMEA7553978,SAMEA7552573,SAMEA7563740,SAMEA112801070,SAMEA112805590,SAMEA112803700,SAMEA112801717,SAMEA5606699,SAMEA112799798,SAMEA112803918,SAMEA7553328,SAMEA112799380,SAMN28538172,SAMEA112801338,SAMEA114625878,SAMEA7550230,SAMEA7549569,SAMEA1119084,SAMEA112800424,SAMEA112803291,SAMEA112801291,SAMN07660082,SAMEA1119165,SAMEA6875514,SAMEA118265201,SAMEA118265250,SAMEA118265372,SAMEA118265371,SAMEA6875665,SAMEA118265682,SAMEA118265684,SAMEA118265683,SAMEA112799550,SAMEA112805902,SAMEA112803654,SAMEA7554521,SAMEA7550000,SAMEA114663554,SAMEA6875370,SAMEA7563646
Cluster_14567	SAMEA118265308,SAMN31030337
Cluster_14572	SAMN39287233,SAMEA118265230,SAMEA7551152,SAMEA7562020,SAMEA7561758,SAMN38670616,SAMN38670647	
Cluster_14634	SAMEA104362230,SAMN13568440,SAMEA104362171,SAMN13568324,SAMN13568499,SAMEA104362359,SAMEA104362055,SAMN13568584,SAMEA104362213,SAMN13568628,SAMEA118265664
Cluster_14804	SAMEA104362198,SAMN13568467,SAMEA7561975,SAMN40566517,SAMN06010397,SAMEA118265210,SAMEA9976993,SAMEA9977526,SAMEA7545951,SAMEA5163835,SAMN41148866,SAMN05918592,SAMEA7545948,SAMEA7545276,SAMEA5163759,SAMEA7546190,SAMN41148746
Cluster_14902	SAMEA110024232,SAMEA14460322,SAMEA110013493,SAMEA110013466,SAMEA14460299,SAMEA14460216,SAMEA14460018,SAMEA14460016,SAMEA14459968,SAMEA14459941,SAMEA14459937,SAMEA110037132,SAMEA110024201,SAMEA110013470,SAMEA14460247,SAMEA14460006,SAMEA112801567,SAMEA110031526,SAMEA14459984,SAMEA112806886,SAMEA112806883,SAMEA112799619,SAMEA118265788,SAMN09090378,SAMEA14459915,SAMEA7562289,SAMEA14460107,SAMEA110040817,SAMEA110013465,SAMEA14460130,SAMEA110040909,SAMN28538178,SAMEA112801211,SAMEA3671440,SAMEA1010878,SAMEA112806827,SAMEA112799022,SAMEA14460013,SAMEA110013006,SAMEA14460212,SAMEA110046454,SAMEA6456246,SAMEA110037045,SAMEA110051953,SAMEA110037063,SAMEA7549341,SAMEA110013266,SAMEA110013265,SAMEA14460124,SAMEA14460123,SAMEA110013494,SAMEA112799310,SAMEA110040818,SAMEA14460066,SAMEA1118185,SAMEA14460233,SAMEA14460326,SAMEA110037138,SAMEA110024229,SAMN09090380,SAMEA7561381,SAMEA110040815,SAMEA14460291,SAMEA110051931,SAMEA6455949,SAMEA110037147,SAMEA14269197,SAMEA110051921,SAMEA110046470,SAMEA110024196,SAMEA7561952,SAMEA14460100,SAMEA14460153,SAMEA114625935,SAMEA110013262,SAMEA110013010,SAMN09090363,SAMEA7561376,SAMEA6875549,SAMEA14460113,SAMEA6875524,SAMEA110031549,SAMEA112799720,SAMEA110031558,SAMEA110031460,SAMEA14460289,SAMN41148707,SAMN27763804,SAMEA6875530,SAMEA110037100,SAMEA14460081
Cluster_14980	SAMEA5076142,SAMEA5076151,SAMEA3340421,SAMEA3344855,SAMEA5076165,SAMEA5076074,SAMEA118265234
Cluster_14992	SAMEA6875171,SAMEA118265786,SAMEA7563553,SAMEA7550815,SAMEA7551428,SAMEA118265414,SAMEA118265594,SAMEA112801480,SAMEA118265238,SAMEA118265247,SAMEA118265784,SAMEA118265394,SAMEA118265477,SAMEA6875169,SAMEA118265850,SAMEA118265643,SAMEA118265672,SAMN28106864,SAMEA118265189,SAMEA6875170,SAMEA118265492
Cluster_14993	SAMEA118265364,SAMEA112800495,SAMEA7548908,SAMEA118265366,SAMEA118265571,SAMEA112800227,SAMEA7552818,SAMEA118265550,SAMEA6875566,SAMEA112799531,SAMEA7551682,SAMEA7548302
Cluster_15010	SAMEA7549945,SAMEA118265437,SAMEA8653175,SAMEA5076125,SAMEA5076076,SAMEA118265334,SAMEA118265322,SAMEA5076168,SAMEA5076059,SAMEA5076115,SAMEA5076079,SAMEA118265869
Cluster_15032	SAMEA114625863,SAMEA118265806
Cluster_15071	SAMN40273173,SAMN40273344,SAMN21855986,SAMEA112803993,SAMN35220630,SAMN40273433,SAMN33756560,SAMEA5282495,SAMEA7157347,SAMEA3451374,SAMEA3449649,SAMN02381025,SAMN40273298,SAMN33756548,SAMN40273756,SAMN33756379,SAMN40273754,SAMN40273284,SAMN40273283,SAMN40273302,SAMN27519627,SAMN33756316,SAMN31037903,SAMN21856369,SAMN27520215,SAMN40273466,SAMEA7157733,SAMN40273067,SAMN40273537,SAMN40273536,SAMN40273270,SAMN21856348,SAMN27519623,SAMN27520047,SAMN33756205,SAMN40273760,SAMN13937526,SAMN21855965,SAMN33756422,SAMN33756213,SAMN21856167,SAMN21856166,SAMN06209900,SAMN13937476,SAMN40273069,SAMN33756382,SAMN40273502,SAMN33756572,SAMN21856027,SAMN21856193,SAMN21855932,SAMN21856257,SAMN13937484,SAMN40273688,SAMN33756346,SAMEA7550990,SAMN21856268,SAMN21856283,SAMN33756386,SAMN33756319,SAMN35220638,SAMEA118265741,SAMEA118265600,SAMN33756285,SAMN33756201,SAMN33756528,SAMN13937424,SAMN13937564,SAMN27520073,SAMN27520021,SAMN27520154,SAMN40273092,SAMN40273086,SAMN13937466,SAMN27519608,SAMEA7157864,SAMN40273580,SAMN41148346,SAMEA1707514,SAMEA7157360,SAMN40273129,SAMN40273568,SAMN40273240,SAMN33756181,SAMN40273733,SAMN40273276,SAMN03647751,SAMEA1707914,SAMN40273061,SAMN35220619,SAMN40273381,SAMN21856356,SAMN33756338,SAMN33756215,SAMN21856372,SAMN21856229,SAMN33756161,SAMN40273124,SAMN35220614,SAMN33756487,SAMN33756340,SAMN40273494,SAMN40273333,SAMN27520189,SAMEA13120076,SAMN33756243,SAMN27519881,SAMN27520146,SAMEA112805667,SAMEA112799697,SAMN40273800,SAMN21856153,SAMN21855999,SAMN21855847
Cluster_15074	SAMEA112804612,SAMEA7562067,SAMEA112803782,SAMEA112803968,SAMEA118265158,SAMEA118265844
Cluster_15126	SAMEA6875622,SAMEA118265104,SAMEA118265489,SAMEA118265200,SAMEA112801519
Cluster_15127	SAMEA118265842,SAMEA118265819,SAMEA5076124,SAMEA5076054,SAMEA5076094,SAMEA7550553,SAMEA118265112,SAMEA5076085,SAMEA5076075,SAMEA1119556,SAMEA5076069,SAMEA118265298,SAMEA1117945
Cluster_15129	SAMEA118265818,SAMEA118265348,SAMEA6875154,SAMEA118265179,SAMEA3316427,SAMEA6875156,SAMEA118265351,SAMEA118265170,SAMEA6875155,SAMEA118265670
Cluster_15131	SAMEA118265286,SAMEA118265285,SAMEA118265186,SAMEA118265281,SAMEA118265194,SAMEA118265188,SAMEA118265834,SAMEA118265289,SAMN28538080,SAMN31423475,SAMEA7562115,SAMEA5076140,SAMEA5076138,SAMEA5076080,SAMEA5076072,SAMEA5076127,SAMEA112799207,SAMEA112799145,SAMEA112803758,SAMEA7547978,SAMEA7549064,SAMEA7547751,SAMN09402698,SAMEA112801464,SAMEA112801458,SAMN09402703,SAMEA7555100,SAMEA7550370,SAMEA5076065,SAMEA7555928,SAMEA112804597,SAMEA112803331,SAMEA118265439,SAMEA118265426,SAMEA112801178,SAMEA5076128,SAMN31423552,SAMEA8893116,SAMEA114625883,SAMEA7547835,SAMEA5076061,SAMEA3715611,SAMEA3357594,SAMEA112805359,SAMN34999454,SAMEA7562125,SAMEA3360003,SAMN34999462,SAMEA112799694,SAMEA8893138,SAMEA14269143,SAMN34999459
Cluster_15132	SAMEA6875431,SAMEA118265565,SAMEA2061815,SAMN03648375
Cluster_15151	SAMEA112804610,SAMEA118265666
Cluster_15152	SAMEA7554048,SAMEA5076101,SAMEA5076137,SAMEA112803431,SAMEA7551399,SAMN26722372,SAMEA112805517,SAMEA5076156,SAMEA2534931,SAMEA112801277,SAMEA118265671
Cluster_15155	SAMEA6875422,SAMEA118265257
Cluster_15210	SAMEA6875064,SAMEA118265400,SAMEA3340424,SAMEA6875063,SAMEA118265406
Cluster_15359	SAMN04521946,SAMEA118265581,SAMEA8718998
Cluster_15457	SAMEA118265131,SAMEA114625978,SAMEA6591807,SAMEA115163069,SAMEA6875476,SAMEA114625996,SAMN08708352,SAMN34293828,SAMN08709218
Cluster_1563	SAMEA118265705,SAMEA118265703
Cluster_1596	SAMEA118265544,SAMEA118265278,SAMEA6875120,SAMEA6875121,SAMEA118265590,SAMEA118265124,SAMEA118265547,SAMEA118265118
Cluster_1623	SAMEA6875113,SAMEA118265662,SAMEA6875114,SAMEA118265661,SAMEA118265411,SAMEA6875115,SAMEA118265318,SAMEA118265410
Cluster_188	SAMEA12871038,SAMEA118265408
Cluster_1885	SAMEA118265543,SAMEA118265542
Cluster_1890	SAMEA118265449,SAMEA118265473,SAMEA5076164,SAMEA5076111,SAMEA3316428
Cluster_1936	SAMEA118265781,SAMEA118265731,SAMEA118265748,SAMEA118265780
Cluster_2034	SAMN40947001,SAMN09402691,SAMEA118265215,SAMN09402710
Cluster_2065	SAMEA118265390,SAMEA118265387
Cluster_2406	SAMN16966172,SAMN16966113,SAMEA118265669
Cluster_2409	SAMEA118265337,SAMEA118265338
Cluster_2503	SAMEA118265443,SAMEA8113323,SAMN09090437,SAMN09090504,SAMN31423335,SAMEA8113322,SAMEA14269051
Cluster_2512	SAMEA118265146,SAMEA8653176
Cluster_2533	SAMEA1119530,SAMEA118265409,SAMEA1929788
Cluster_2928	SAMEA118265460,SAMEA118265459
Cluster_3057	SAMEA118265271,SAMEA118265192
Cluster_3794	SAMEA6649914,SAMEA6875583,SAMEA114323137,SAMEA114323137
Cluster_4069	SAMEA6875142,SAMEA6875143,SAMEA118265618,SAMEA118265619,SAMEA6875144
Cluster_4673	SAMEA6875188,SAMEA6875187,SAMEA6875189,SAMEA118265472
Cluster_4725	SAMEA118265482,SAMEA118265515,SAMEA118265513
Cluster_4781	SAMN31673220,SAMN31673143,SAMN31673376,SAMEA118265674,SAMN31673291
Cluster_4965	SAMEA118265603,SAMEA7549582
Cluster_5024	SAMEA118265100,SAMEA5076161,SAMEA5076099,SAMEA5076089,SAMEA118265307,SAMEA5076088
Cluster_5321	SAMEA5076066,SAMEA5076083,SAMEA5076120,SAMEA5076067,SAMEA118265507,SAMEA5076148,SAMEA5076129,SAMEA118265660,SAMEA118265568
Cluster_6013	SAMEA118265605,SAMEA118265640,SAMEA6875470,SAMEA118265591
Cluster_6285	SAMEA118265758,SAMEA118265248,SAMEA118265253
Cluster_6478	SAMEA5076123,SAMEA5076131,SAMEA5076132,SAMEA5076133,SAMEA6875560
Cluster_6590	SAMEA118265344,SAMEA118265327,SAMEA118265346,SAMEA118265342
Cluster_6832	SAMEA118265393,SAMEA1045821,SAMEA1045802,SAMEA1045808,SAMEA1045790,SAMEA1045813,SAMEA1045803
Cluster_6917	SAMEA3334375,SAMEA5076146,SAMEA5076071,SAMEA118265403,SAMEA5076081,SAMEA5076149,SAMEA118265466
Cluster_7091	SAMEA6875166,SAMEA6875167,SAMEA118265111,SAMEA118265836
Cluster_7226	SAMEA114323138,SAMEA114323138,SAMEA6649895
Cluster_7854	SAMEA6875073,SAMEA6875074,SAMEA6875075,SAMEA3324351
Cluster_7862	SAMEA118265143,SAMEA6875306
Cluster_7875	SAMEA118265649,SAMEA6875185,SAMEA118265156,SAMEA6875186,SAMEA118265159,SAMEA118265433,SAMEA6875184,SAMEA118265176,SAMEA118265641,SAMEA118265173,SAMEA118265240,SAMEA118265575,SAMEA118265517,SAMEA118265294,SAMEA118265249
Cluster_7888	SAMEA118265529,SAMEA5076117,SAMEA5076119,SAMEA5076152,SAMEA5076147,SAMEA112806536
Cluster_7892	SAMEA118265288,SAMEA118265274,SAMEA118265184
Cluster_8117	SAMEA6875040,SAMEA6875041,SAMEA118265196,SAMEA118265613,SAMEA6875039,SAMEA6875038
Cluster_8213	SAMN41148301,SAMN41146849,SAMN30953101,SAMEA118265857,SAMN41148913,SAMN41148689,SAMN41148688,SAMN30185222
Cluster_8230	SAMEA6875106,SAMEA118265422,SAMEA6875105
Cluster_8235	SAMN26722404,SAMN26722403,SAMEA118265610
Cluster_8242	SAMEA6875175,SAMEA6875177,SAMEA6875176,SAMEA6649900,SAMEA118265270,SAMEA114323139,SAMEA114323139
Cluster_8244	SAMEA118265461,SAMEA118265198
Cluster_8257	SAMEA6875223,SAMEA6875222
Cluster_8348	SAMEA118265629,SAMEA118265631,SAMEA118265721
Cluster_8475	SAMEA118265541,SAMEA118265709,SAMEA118265655,SAMEA6875368
Cluster_8555	SAMEA118265458,SAMEA5076092,SAMEA5076095,SAMEA118265855
Cluster_8791	SAMEA118265772,SAMEA118265697,SAMEA118265767
Cluster_8915	SAMEA118265229,SAMEA118265374
Cluster_8919	SAMEA118265385,SAMEA6875577
Cluster_8964	SAMEA118265297,SAMEA118265418,SAMEA118265421,SAMEA6875640
Cluster_8980	SAMEA6875468,SAMEA118265226
Cluster_8995	SAMEA118265237,SAMEA6875109,SAMEA6875110
Cluster_9126	SAMEA118265326,SAMEA118265325,SAMEA118265330,SAMEA118265377
Cluster_9140	SAMEA6875421,SAMEA3346009,SAMEA118265190
Cluster_9304	SAMEA118265369,SAMEA118265368
Cluster_9605	SAMEA118265862,SAMEA118265701
Cluster_9676	SAMEA118265668,SAMEA118265353,SAMEA118265679,SAMEA6875246,SAMEA118265756
Cluster_9922	SAMEA118265841,SAMEA118265830
Cluster_9950	SAMEA118265802,SAMEA6875318,SAMEA118265205
Cluster_9966	SAMEA6875651,SAMEA118265462,SAMEA118265336
Cluster_9970	SAMEA118265551,SAMEA118265479
