"Samples","Filogenia1","Filogenia2"
"SAMEA118265230","Renamed_cluster_99","Renamed_cluster_99"
"SAMEA7551152","Renamed_cluster_99","Renamed_cluster_99"
"SAMEA7561758","Renamed_cluster_99","Renamed_cluster_99"
"SAMEA7562020","Renamed_cluster_99","Renamed_cluster_99"
"SAMN38670616","Renamed_cluster_99","Renamed_cluster_99"
"SAMN38670647","Renamed_cluster_99","Renamed_cluster_99"
"SAMN39287233","Renamed_cluster_99","Renamed_cluster_99"
"SAMEA118265308","Renamed_cluster_98","Renamed_cluster_98"
"SAMN31030337","Renamed_cluster_98","Renamed_cluster_98"
"SAMEA118265201","Renamed_cluster_97","Renamed_cluster_97"
"SAMEA118265250","Renamed_cluster_97","Renamed_cluster_97"
"SAMEA118265371","Renamed_cluster_97","Renamed_cluster_97"
"SAMEA118265372","Renamed_cluster_97","Renamed_cluster_97"
"SAMEA118265682","Renamed_cluster_97","Renamed_cluster_97"
"SAMEA118265683","Renamed_cluster_97","Renamed_cluster_97"
"SAMEA118265684","Renamed_cluster_97","Renamed_cluster_97"
"SAMEA104394411","Renamed_cluster_97","Renamed_cluster_97"
"SAMEA104394443","Renamed_cluster_97","Renamed_cluster_97"
"SAMEA104394470","Renamed_cluster_97","Renamed_cluster_97"
"SAMEA104394704","Renamed_cluster_97","Renamed_cluster_97"
"SAMEA111556023","Renamed_cluster_97","Renamed_cluster_97"
"SAMEA111556179","Renamed_cluster_97","Renamed_cluster_97"
"SAMEA1119084","Renamed_cluster_97","Renamed_cluster_97"
"SAMEA1119165","Renamed_cluster_97","Renamed_cluster_97"
"SAMEA112799380","Renamed_cluster_97","Renamed_cluster_97"
"SAMEA112799550","Renamed_cluster_97","Renamed_cluster_97"
"SAMEA112799798","Renamed_cluster_97","Renamed_cluster_97"
"SAMEA112800424","Renamed_cluster_97","Renamed_cluster_97"
"SAMEA112801070","Renamed_cluster_97","Renamed_cluster_97"
"SAMEA112801286","Renamed_cluster_97","Renamed_cluster_97"
"SAMEA112801291","Renamed_cluster_97","Renamed_cluster_97"
"SAMEA112801338","Renamed_cluster_97","Renamed_cluster_97"
"SAMEA112801585","Renamed_cluster_97","Renamed_cluster_97"
"SAMEA112801717","Renamed_cluster_97","Renamed_cluster_97"
"SAMEA112803291","Renamed_cluster_97","Renamed_cluster_97"
"SAMEA112803654","Renamed_cluster_97","Renamed_cluster_97"
"SAMEA112803700","Renamed_cluster_97","Renamed_cluster_97"
"SAMEA112803918","Renamed_cluster_97","Renamed_cluster_97"
"SAMEA112803938","Renamed_cluster_97","Renamed_cluster_97"
"SAMEA112804501","Renamed_cluster_97","Renamed_cluster_97"
"SAMEA112804708","Renamed_cluster_97","Renamed_cluster_97"
"SAMEA112805222","Renamed_cluster_97","Renamed_cluster_97"
"SAMEA112805590","Renamed_cluster_97","Renamed_cluster_97"
"SAMEA112805902","Renamed_cluster_97","Renamed_cluster_97"
"SAMEA112806391","Renamed_cluster_97","Renamed_cluster_97"
"SAMEA114625878","Renamed_cluster_97","Renamed_cluster_97"
"SAMEA114663554","Renamed_cluster_97","Renamed_cluster_97"
"SAMEA2534559","Renamed_cluster_97","Renamed_cluster_97"
"SAMEA2534796","Renamed_cluster_97","Renamed_cluster_97"
"SAMEA2534976","Renamed_cluster_97","Renamed_cluster_97"
"SAMEA5606699","Renamed_cluster_97","Renamed_cluster_97"
"SAMEA6875370","Renamed_cluster_97","Renamed_cluster_97"
"SAMEA6875514","Renamed_cluster_97","Renamed_cluster_97"
"SAMEA6875665","Renamed_cluster_97","Renamed_cluster_97"
"SAMEA7548593","Renamed_cluster_97","Renamed_cluster_97"
"SAMEA7549569","Renamed_cluster_97","Renamed_cluster_97"
"SAMEA7550000","Renamed_cluster_97","Renamed_cluster_97"
"SAMEA7550023","Renamed_cluster_97","Renamed_cluster_97"
"SAMEA7550230","Renamed_cluster_97","Renamed_cluster_97"
"SAMEA7552573","Renamed_cluster_97","Renamed_cluster_97"
"SAMEA7553328","Renamed_cluster_97","Renamed_cluster_97"
"SAMEA7553978","Renamed_cluster_97","Renamed_cluster_97"
"SAMEA7554521","Renamed_cluster_97","Renamed_cluster_97"
"SAMEA7563646","Renamed_cluster_97","Renamed_cluster_97"
"SAMEA7563740","Renamed_cluster_97","Renamed_cluster_97"
"SAMN07660082","Renamed_cluster_97","Renamed_cluster_97"
"SAMN28538172","Renamed_cluster_97","Renamed_cluster_97"
"SAMEA118265563","Renamed_cluster_96","Renamed_cluster_96"
"SAMEA118265564","Renamed_cluster_96","Renamed_cluster_96"
"SAMEA118265574","Renamed_cluster_96","Renamed_cluster_96"
"SAMN20847272","Renamed_cluster_96","Renamed_cluster_96"
"SAMN30185187","Renamed_cluster_96","Renamed_cluster_96"
"SAMN30185200","Renamed_cluster_96","Renamed_cluster_96"
"SAMN30185233","Renamed_cluster_96","Renamed_cluster_96"
"SAMN41148702","Renamed_cluster_96","Renamed_cluster_96"
"SAMN41148703","Renamed_cluster_96","Renamed_cluster_96"
"SAMEA114323136","Renamed_cluster_95","Renamed_cluster_95"
"SAMEA114323136","Renamed_cluster_95","Renamed_cluster_95"
"SAMEA11961675","Renamed_cluster_95","Renamed_cluster_95"
"SAMEA11961680","Renamed_cluster_95","Renamed_cluster_95"
"SAMEA3671426","Renamed_cluster_95","Renamed_cluster_95"
"SAMEA6591821","Renamed_cluster_95","Renamed_cluster_95"
"SAMEA6591837","Renamed_cluster_95","Renamed_cluster_95"
"SAMEA7425187","Renamed_cluster_95","Renamed_cluster_95"
"SAMEA118265417","Renamed_cluster_94","Renamed_cluster_94"
"SAMEA118265495","Renamed_cluster_94","Renamed_cluster_94"
"SAMEA118265499","Renamed_cluster_94","Renamed_cluster_94"
"SAMEA118265556","Renamed_cluster_94","Renamed_cluster_94"
"SAMEA118265599","Renamed_cluster_94","Renamed_cluster_94"
"SAMEA118265722","Renamed_cluster_94","Renamed_cluster_94"
"SAMEA118265733","Renamed_cluster_94","Renamed_cluster_94"
"SAMEA104394506","Renamed_cluster_94","Renamed_cluster_94"
"SAMEA1118809","Renamed_cluster_94","Renamed_cluster_94"
"SAMEA1118925","Renamed_cluster_94","Renamed_cluster_94"
"SAMEA1119444","Renamed_cluster_94","Renamed_cluster_94"
"SAMEA112800186","Renamed_cluster_94","Renamed_cluster_94"
"SAMEA112800454","Renamed_cluster_94","Renamed_cluster_94"
"SAMEA112801627","Renamed_cluster_94","Renamed_cluster_94"
"SAMEA112804664","Renamed_cluster_94","Renamed_cluster_94"
"SAMEA112805422","Renamed_cluster_94","Renamed_cluster_94"
"SAMEA112806771","Renamed_cluster_94","Renamed_cluster_94"
"SAMEA14269057","Renamed_cluster_94","Renamed_cluster_94"
"SAMEA14269094","Renamed_cluster_94","Renamed_cluster_94"
"SAMEA1707767","Renamed_cluster_94","Renamed_cluster_94"
"SAMEA4695228","Renamed_cluster_94","Renamed_cluster_94"
"SAMEA6875152","Renamed_cluster_94","Renamed_cluster_94"
"SAMEA6875153","Renamed_cluster_94","Renamed_cluster_94"
"SAMEA6875462","Renamed_cluster_94","Renamed_cluster_94"
"SAMEA7129291","Renamed_cluster_94","Renamed_cluster_94"
"SAMEA7548985","Renamed_cluster_94","Renamed_cluster_94"
"SAMEA7550965","Renamed_cluster_94","Renamed_cluster_94"
"SAMEA7551088","Renamed_cluster_94","Renamed_cluster_94"
"SAMEA7553011","Renamed_cluster_94","Renamed_cluster_94"
"SAMEA7553150","Renamed_cluster_94","Renamed_cluster_94"
"SAMEA7554201","Renamed_cluster_94","Renamed_cluster_94"
"SAMEA8893122","Renamed_cluster_94","Renamed_cluster_94"
"SAMEA8893132","Renamed_cluster_94","Renamed_cluster_94"
"SAMEA8893145","Renamed_cluster_94","Renamed_cluster_94"
"SAMN03647836","Renamed_cluster_94","Renamed_cluster_94"
"SAMN05276339","Renamed_cluster_94","Renamed_cluster_94"
"SAMN31423315","Renamed_cluster_94","Renamed_cluster_94"
"SAMEA118265728","Renamed_cluster_93","Renamed_cluster_93"
"SAMEA1102822","Renamed_cluster_93","Renamed_cluster_93"
"SAMEA111366888","Renamed_cluster_93","Renamed_cluster_93"
"SAMEA1118051","Renamed_cluster_93","Renamed_cluster_93"
"SAMEA112799089","Renamed_cluster_93","Renamed_cluster_93"
"SAMEA112799176","Renamed_cluster_93","Renamed_cluster_93"
"SAMEA112800842","Renamed_cluster_93","Renamed_cluster_93"
"SAMEA112800843","Renamed_cluster_93","Renamed_cluster_93"
"SAMEA112800845","Renamed_cluster_93","Renamed_cluster_93"
"SAMEA112804051","Renamed_cluster_93","Renamed_cluster_93"
"SAMEA114625890","Renamed_cluster_93","Renamed_cluster_93"
"SAMEA1405908","Renamed_cluster_93","Renamed_cluster_93"
"SAMEA1405996","Renamed_cluster_93","Renamed_cluster_93"
"SAMEA3715420","Renamed_cluster_93","Renamed_cluster_93"
"SAMEA6875487","Renamed_cluster_93","Renamed_cluster_93"
"SAMEA7548996","Renamed_cluster_93","Renamed_cluster_93"
"SAMEA7550136","Renamed_cluster_93","Renamed_cluster_93"
"SAMEA7554477","Renamed_cluster_93","Renamed_cluster_93"
"SAMEA7561752","Renamed_cluster_93","Renamed_cluster_93"
"SAMEA8893129","Renamed_cluster_93","Renamed_cluster_93"
"SAMN03647331","Renamed_cluster_93","Renamed_cluster_93"
"SAMN03647433","Renamed_cluster_93","Renamed_cluster_93"
"SAMN09090399","Renamed_cluster_93","Renamed_cluster_93"
"SAMN09090408","Renamed_cluster_93","Renamed_cluster_93"
"SAMN09090633","Renamed_cluster_93","Renamed_cluster_93"
"SAMN28537931","Renamed_cluster_93","Renamed_cluster_93"
"SAMN28538202","Renamed_cluster_93","Renamed_cluster_93"
"SAMN31423326","Renamed_cluster_93","Renamed_cluster_93"
"SAMN31423355","Renamed_cluster_93","Renamed_cluster_93"
"SAMN31423422","Renamed_cluster_93","Renamed_cluster_93"
"SAMN31423437","Renamed_cluster_93","Renamed_cluster_93"
"SAMN34999460","Renamed_cluster_93","Renamed_cluster_93"
"SAMN40947044","Renamed_cluster_93","Renamed_cluster_93"
"SAMEA118265267","Renamed_cluster_92","Renamed_cluster_92"
"SAMEA6875513","Renamed_cluster_92","Renamed_cluster_92"
"SAMEA118265231","Renamed_cluster_91","Renamed_cluster_91"
"G2176m","Renamed_cluster_91","Renamed_cluster_91"
"SAMEA118265363","Renamed_cluster_91","Renamed_cluster_91"
"SAMEA118265615","Renamed_cluster_91","Renamed_cluster_91"
"SAMEA112805802","Renamed_cluster_91","Renamed_cluster_91"
"SAMEA6875620","Renamed_cluster_91","Renamed_cluster_91"
"SAMEA118265333","Renamed_cluster_90","Renamed_cluster_90"
"SAMEA6875504","Renamed_cluster_90","Renamed_cluster_90"
"SAMEA118265310","Renamed_cluster_9","Renamed_cluster_9"
"SAMEA118265311","Renamed_cluster_9","Renamed_cluster_9"
"SAMEA118265313","Renamed_cluster_9","Renamed_cluster_9"
"SAMEA118265319","Renamed_cluster_9","Renamed_cluster_9"
"SAMEA6875240","Renamed_cluster_9","Renamed_cluster_9"
"SAMEA6875241","Renamed_cluster_9","Renamed_cluster_9"
"SAMEA118265573","Renamed_cluster_89","Renamed_cluster_89"
"SAMEA1119739","Renamed_cluster_89","Renamed_cluster_89"
"SAMEA118265839","Renamed_cluster_88","Renamed_cluster_88"
"SAMEA112800643","Renamed_cluster_88","Renamed_cluster_88"
"SAMEA112806990","Renamed_cluster_88","Renamed_cluster_88"
"SAMEA114625963","Renamed_cluster_88","Renamed_cluster_88"
"SAMEA2535019","Renamed_cluster_88","Renamed_cluster_88"
"SAMEA6875478","Renamed_cluster_88","Renamed_cluster_88"
"SAMEA7555849","Renamed_cluster_88","Renamed_cluster_88"
"SAMEA7561379","Renamed_cluster_88","Renamed_cluster_88"
"SAMN09090373","Renamed_cluster_88","Renamed_cluster_88"
"SAMN31423328","Renamed_cluster_88","Renamed_cluster_88"
"SAMN34999458","Renamed_cluster_88","Renamed_cluster_88"
"SAMEA118265815","Renamed_cluster_87","Renamed_cluster_87"
"SAMEA11008611","Renamed_cluster_87","Renamed_cluster_87"
"SAMEA11008612","Renamed_cluster_87","Renamed_cluster_87"
"SAMEA11008614","Renamed_cluster_87","Renamed_cluster_87"
"SAMEA11008648","Renamed_cluster_87","Renamed_cluster_87"
"SAMEA11008667","Renamed_cluster_87","Renamed_cluster_87"
"SAMEA7547261","Renamed_cluster_87","Renamed_cluster_87"
"SAMEA7547309","Renamed_cluster_87","Renamed_cluster_87"
"SAMEA7547408","Renamed_cluster_87","Renamed_cluster_87"
"SAMEA7547505","Renamed_cluster_87","Renamed_cluster_87"
"SAMEA118265593","Renamed_cluster_86","Renamed_cluster_86"
"SAMEA118265685","Renamed_cluster_86","Renamed_cluster_86"
"SAMEA118265177","Renamed_cluster_85","Renamed_cluster_85"
"SAMEA118265510","Renamed_cluster_85","Renamed_cluster_85"
"SAMEA112804264","Renamed_cluster_85","Renamed_cluster_85"
"SAMEA6875397","Renamed_cluster_85","Renamed_cluster_85"
"SAMEA7563811","Renamed_cluster_85","Renamed_cluster_85"
"SAMEA118265130","Renamed_cluster_84","Renamed_cluster_84"
"SAMEA118265431","Renamed_cluster_84","Renamed_cluster_84"
"SAMEA118265432","Renamed_cluster_84","Renamed_cluster_84"
"SAMEA118265820","Renamed_cluster_84","Renamed_cluster_84"
"SAMEA6875527","Renamed_cluster_84","Renamed_cluster_84"
"SAMEA118265768","Renamed_cluster_83","Renamed_cluster_83"
"SAMEA104153415","Renamed_cluster_83","Renamed_cluster_83"
"SAMEA1119592","Renamed_cluster_83","Renamed_cluster_83"
"SAMEA112799671","Renamed_cluster_83","Renamed_cluster_83"
"SAMN19658060","Renamed_cluster_83","Renamed_cluster_83"
"SAMN28537933","Renamed_cluster_83","Renamed_cluster_83"
"SAMN28538251","Renamed_cluster_83","Renamed_cluster_83"
"SAMEA118265637","Renamed_cluster_82","Renamed_cluster_82"
"SAMN30185235","Renamed_cluster_82","Renamed_cluster_82"
"SAMEA118265708","Renamed_cluster_81","Renamed_cluster_81"
"SAMEA6875563","Renamed_cluster_81","Renamed_cluster_81"
"SAMEA118265576","Renamed_cluster_80","Renamed_cluster_80"
"SAMEA1045776","Renamed_cluster_80","Renamed_cluster_80"
"SAMEA1045777","Renamed_cluster_80","Renamed_cluster_80"
"SAMEA1045780","Renamed_cluster_80","Renamed_cluster_80"
"SAMEA1045784","Renamed_cluster_80","Renamed_cluster_80"
"SAMEA112799735","Renamed_cluster_80","Renamed_cluster_80"
"SAMEA112801437","Renamed_cluster_80","Renamed_cluster_80"
"SAMEA112804029","Renamed_cluster_80","Renamed_cluster_80"
"SAMEA112805834","Renamed_cluster_80","Renamed_cluster_80"
"SAMEA3392615","Renamed_cluster_80","Renamed_cluster_80"
"SAMEA6875447","Renamed_cluster_80","Renamed_cluster_80"
"SAMEA7550544","Renamed_cluster_80","Renamed_cluster_80"
"SAMEA7550924","Renamed_cluster_80","Renamed_cluster_80"
"SAMEA7553751","Renamed_cluster_80","Renamed_cluster_80"
"SAMEA7562111","Renamed_cluster_80","Renamed_cluster_80"
"SAMEA7562129","Renamed_cluster_80","Renamed_cluster_80"
"SAMEA7563560","Renamed_cluster_80","Renamed_cluster_80"
"SAMEA7563571","Renamed_cluster_80","Renamed_cluster_80"
"SAMEA7563652","Renamed_cluster_80","Renamed_cluster_80"
"SAMEA7563721","Renamed_cluster_80","Renamed_cluster_80"
"SAMEA7563772","Renamed_cluster_80","Renamed_cluster_80"
"SAMEA7563844","Renamed_cluster_80","Renamed_cluster_80"
"SAMN09715538","Renamed_cluster_80","Renamed_cluster_80"
"SAMN28537958","Renamed_cluster_80","Renamed_cluster_80"
"SAMN28538147","Renamed_cluster_80","Renamed_cluster_80"
"SAMEA118265867","Renamed_cluster_8","Renamed_cluster_8"
"SAMEA6875088","Renamed_cluster_8","Renamed_cluster_8"
"SAMEA6875089","Renamed_cluster_8","Renamed_cluster_8"
"SAMEA118265444","Renamed_cluster_79","Renamed_cluster_79"
"SAMEA112183788","Renamed_cluster_79","Renamed_cluster_79"
"SAMEA112183828","Renamed_cluster_79","Renamed_cluster_79"
"SAMEA112183836","Renamed_cluster_79","Renamed_cluster_79"
"SAMEA112183855","Renamed_cluster_79","Renamed_cluster_79"
"SAMN28553668","Renamed_cluster_79","Renamed_cluster_79"
"SAMN30185202","Renamed_cluster_79","Renamed_cluster_79"
"SAMN30185205","Renamed_cluster_79","Renamed_cluster_79"
"SAMN33243737","Renamed_cluster_79","Renamed_cluster_79"
"SAMEA118265727","Renamed_cluster_78","Renamed_cluster_78"
"SAMN28488182","Renamed_cluster_78","Renamed_cluster_78"
"SAMN28488199","Renamed_cluster_78","Renamed_cluster_78"
"SAMEA118265469","Renamed_cluster_77","Renamed_cluster_77"
"SAMEA104362215","Renamed_cluster_77","Renamed_cluster_77"
"SAMEA104362530","Renamed_cluster_77","Renamed_cluster_77"
"SAMEA114493572","Renamed_cluster_77","Renamed_cluster_77"
"SAMEA5163690","Renamed_cluster_77","Renamed_cluster_77"
"SAMEA5164180","Renamed_cluster_77","Renamed_cluster_77"
"SAMEA5164350","Renamed_cluster_77","Renamed_cluster_77"
"SAMEA5282443","Renamed_cluster_77","Renamed_cluster_77"
"SAMEA7545182","Renamed_cluster_77","Renamed_cluster_77"
"SAMEA7545660","Renamed_cluster_77","Renamed_cluster_77"
"SAMEA7545935","Renamed_cluster_77","Renamed_cluster_77"
"SAMEA7546069","Renamed_cluster_77","Renamed_cluster_77"
"SAMEA7546214","Renamed_cluster_77","Renamed_cluster_77"
"SAMEA7546242","Renamed_cluster_77","Renamed_cluster_77"
"SAMEA7546443","Renamed_cluster_77","Renamed_cluster_77"
"SAMEA7546521","Renamed_cluster_77","Renamed_cluster_77"
"SAMEA7547123","Renamed_cluster_77","Renamed_cluster_77"
"SAMEA9976379","Renamed_cluster_77","Renamed_cluster_77"
"SAMEA9976606","Renamed_cluster_77","Renamed_cluster_77"
"SAMEA9976737","Renamed_cluster_77","Renamed_cluster_77"
"SAMEA9977011","Renamed_cluster_77","Renamed_cluster_77"
"SAMEA9977593","Renamed_cluster_77","Renamed_cluster_77"
"SAMN05918583","Renamed_cluster_77","Renamed_cluster_77"
"SAMN13568746","Renamed_cluster_77","Renamed_cluster_77"
"SAMN13568799","Renamed_cluster_77","Renamed_cluster_77"
"SAMEA118265623","Renamed_cluster_76","Renamed_cluster_76"
"SAMEA6875317","Renamed_cluster_76","Renamed_cluster_76"
"SAMEA118265798","Renamed_cluster_75","Renamed_cluster_75"
"SAMN31674088","Renamed_cluster_75","Renamed_cluster_75"
"SAMEA118265217","Renamed_cluster_74","Renamed_cluster_74"
"SAMEA118265399","Renamed_cluster_74","Renamed_cluster_74"
"SAMEA118265516","Renamed_cluster_74","Renamed_cluster_74"
"SAMEA111556038","Renamed_cluster_74","Renamed_cluster_74"
"SAMEA112799459","Renamed_cluster_74","Renamed_cluster_74"
"SAMEA6875150","Renamed_cluster_74","Renamed_cluster_74"
"SAMEA6875151","Renamed_cluster_74","Renamed_cluster_74"
"SAMN16966053","Renamed_cluster_74","Renamed_cluster_74"
"SAMEA118265860","Renamed_cluster_73","Renamed_cluster_73"
"SAMEA114396013","Renamed_cluster_73","Renamed_cluster_73"
"SAMEA114663540","Renamed_cluster_73","Renamed_cluster_73"
"SAMEA14459890","Renamed_cluster_73","Renamed_cluster_73"
"SAMEA3357595","Renamed_cluster_73","Renamed_cluster_73"
"SAMEA3558359","Renamed_cluster_73","Renamed_cluster_73"
"SAMEA3558390","Renamed_cluster_73","Renamed_cluster_73"
"SAMEA3562778","Renamed_cluster_73","Renamed_cluster_73"
"SAMEA5056392","Renamed_cluster_73","Renamed_cluster_73"
"SAMEA5056433","Renamed_cluster_73","Renamed_cluster_73"
"SAMEA7067345","Renamed_cluster_73","Renamed_cluster_73"
"SAMN08383168","Renamed_cluster_73","Renamed_cluster_73"
"SAMN08383174","Renamed_cluster_73","Renamed_cluster_73"
"SAMN08383216","Renamed_cluster_73","Renamed_cluster_73"
"SAMEA118265630","Renamed_cluster_72","Renamed_cluster_72"
"SAMEA6875564","Renamed_cluster_72","Renamed_cluster_72"
"SAMEA118265132","Renamed_cluster_71","Renamed_cluster_71"
"SAMEA118265343","Renamed_cluster_71","Renamed_cluster_71"
"SAMEA118265512","Renamed_cluster_71","Renamed_cluster_71"
"SAMEA118265763","Renamed_cluster_71","Renamed_cluster_71"
"SAMEA6875080","Renamed_cluster_71","Renamed_cluster_71"
"SAMEA6875081","Renamed_cluster_71","Renamed_cluster_71"
"SAMEA118265531","Renamed_cluster_70","Renamed_cluster_70"
"SAMEA6875136","Renamed_cluster_70","Renamed_cluster_70"
"SAMEA6875137","Renamed_cluster_70","Renamed_cluster_70"
"SAMEA118265452","Renamed_cluster_7","Renamed_cluster_7"
"SAMEA3451155","Renamed_cluster_7","Renamed_cluster_7"
"SAMEA6875337","Renamed_cluster_7","Renamed_cluster_7"
"SAMN16966112","Renamed_cluster_7","Renamed_cluster_7"
"SAMN28538189","Renamed_cluster_7","Renamed_cluster_7"
"SAMN28538215","Renamed_cluster_7","Renamed_cluster_7"
"SAMN31423352","Renamed_cluster_7","Renamed_cluster_7"
"SAMN31423379","Renamed_cluster_7","Renamed_cluster_7"
"SAMN31423388","Renamed_cluster_7","Renamed_cluster_7"
"SAMEA118265702","Renamed_cluster_69","Renamed_cluster_69"
"SAMEA118265715","Renamed_cluster_69","Renamed_cluster_69"
"SAMEA1118254","Renamed_cluster_69","Renamed_cluster_69"
"SAMEA3360006","Renamed_cluster_69","Renamed_cluster_69"
"SAMEA3445252","Renamed_cluster_69","Renamed_cluster_69"
"SAMN38670597","Renamed_cluster_69","Renamed_cluster_69"
"SAMN38670622","Renamed_cluster_69","Renamed_cluster_69"
"SAMN38670623","Renamed_cluster_69","Renamed_cluster_69"
"SAMEA118265166","Renamed_cluster_68","Renamed_cluster_68"
"SAMEA118265559","Renamed_cluster_68","Renamed_cluster_68"
"SAMEA118265496","Renamed_cluster_67","Renamed_cluster_67"
"SAMEA7553194","Renamed_cluster_67","Renamed_cluster_67"
"SAMEA118265273","Renamed_cluster_66","Renamed_cluster_66"
"SAMEA118265478","Renamed_cluster_66","Renamed_cluster_66"
"SAMEA118265853","Renamed_cluster_66","Renamed_cluster_66"
"SAMEA6875195","Renamed_cluster_66","Renamed_cluster_66"
"SAMEA6875196","Renamed_cluster_66","Renamed_cluster_66"
"SAMEA118265847","Renamed_cluster_65","Renamed_cluster_65"
"SAMEA2533367","Renamed_cluster_65","Renamed_cluster_65"
"SAMEA118265583","Renamed_cluster_64","Renamed_cluster_64"
"SAMEA118265636","Renamed_cluster_64","Renamed_cluster_64"
"SAMEA7549523","Renamed_cluster_64","Renamed_cluster_64"
"SAMEA7553507","Renamed_cluster_64","Renamed_cluster_64"
"SAMN20513102","Renamed_cluster_64","Renamed_cluster_64"
"SAMEA118265243","Renamed_cluster_63","Renamed_cluster_63"
"SAMEA6875611","Renamed_cluster_63","Renamed_cluster_63"
"SAMEA118265407","Renamed_cluster_62","Renamed_cluster_62"
"SAMEA112805999","Renamed_cluster_62","Renamed_cluster_62"
"SAMEA7551638","Renamed_cluster_62","Renamed_cluster_62"
"SAMEA118265120","Renamed_cluster_61","Renamed_cluster_61"
"SAMEA118265148","Renamed_cluster_61","Renamed_cluster_61"
"SAMEA118265185","Renamed_cluster_61","Renamed_cluster_61"
"SAMEA118265296","Renamed_cluster_61","Renamed_cluster_61"
"SAMEA118265352","Renamed_cluster_61","Renamed_cluster_61"
"SAMEA104407636","Renamed_cluster_61","Renamed_cluster_61"
"SAMEA104407639","Renamed_cluster_61","Renamed_cluster_61"
"SAMEA104407642","Renamed_cluster_61","Renamed_cluster_61"
"SAMEA104407645","Renamed_cluster_61","Renamed_cluster_61"
"SAMEA104407647","Renamed_cluster_61","Renamed_cluster_61"
"SAMEA3447565","Renamed_cluster_61","Renamed_cluster_61"
"SAMEA3450066","Renamed_cluster_61","Renamed_cluster_61"
"SAMEA6875193","Renamed_cluster_61","Renamed_cluster_61"
"SAMEA6875194","Renamed_cluster_61","Renamed_cluster_61"
"SAMEA7555902","Renamed_cluster_61","Renamed_cluster_61"
"SAMEA8595231","Renamed_cluster_61","Renamed_cluster_61"
"SAMEA118265163","Renamed_cluster_60","Renamed_cluster_60"
"SAMEA118265266","Renamed_cluster_60","Renamed_cluster_60"
"SAMEA118265412","Renamed_cluster_60","Renamed_cluster_60"
"SAMEA118265413","Renamed_cluster_60","Renamed_cluster_60"
"SAMEA118265419","Renamed_cluster_60","Renamed_cluster_60"
"SAMEA118265427","Renamed_cluster_60","Renamed_cluster_60"
"SAMEA112803199","Renamed_cluster_60","Renamed_cluster_60"
"SAMEA118265207","Renamed_cluster_6","Renamed_cluster_6"
"SAMEA112803564","Renamed_cluster_6","Renamed_cluster_6"
"SAMEA6875662","Renamed_cluster_6","Renamed_cluster_6"
"SAMEA118265152","Renamed_cluster_59","Renamed_cluster_59"
"SAMEA6875515","Renamed_cluster_59","Renamed_cluster_59"
"SAMEA118265838","Renamed_cluster_58","Renamed_cluster_58"
"SAMEA11961614","Renamed_cluster_58","Renamed_cluster_58"
"SAMEA3558716","Renamed_cluster_58","Renamed_cluster_58"
"SAMN41154573","Renamed_cluster_58","Renamed_cluster_58"
"SAMEA118265287","Renamed_cluster_57","Renamed_cluster_57"
"SAMEA118265572","Renamed_cluster_57","Renamed_cluster_57"
"SAMEA118265753","Renamed_cluster_57","Renamed_cluster_57"
"SAMEA6875051","Renamed_cluster_57","Renamed_cluster_57"
"SAMEA6875052","Renamed_cluster_57","Renamed_cluster_57"
"SAMEA6875053","Renamed_cluster_57","Renamed_cluster_57"
"SAMEA7555158","Renamed_cluster_57","Renamed_cluster_57"
"SAMEA6875664","Renamed_cluster_56","Renamed_cluster_56"
"SAMEA7553501","Renamed_cluster_56","Renamed_cluster_56"
"SAMN31062741","Renamed_cluster_56","Renamed_cluster_56"
"SAMEA118265328","Renamed_cluster_55","Renamed_cluster_55"
"SAMEA118265329","Renamed_cluster_55","Renamed_cluster_55"
"SAMEA118265713","Renamed_cluster_54","Renamed_cluster_54"
"SAMEA118265714","Renamed_cluster_54","Renamed_cluster_54"
"SAMEA118265770","Renamed_cluster_53","Renamed_cluster_53"
"SAMEA6875552","Renamed_cluster_53","Renamed_cluster_53"
"SAMEA118265223","Renamed_cluster_52","Renamed_cluster_52"
"SAMEA118265761","Renamed_cluster_52","Renamed_cluster_52"
"SAMEA1119658","Renamed_cluster_52","Renamed_cluster_52"
"SAMEA112801115","Renamed_cluster_52","Renamed_cluster_52"
"SAMEA115163160","Renamed_cluster_52","Renamed_cluster_52"
"SAMEA5076070","Renamed_cluster_52","Renamed_cluster_52"
"SAMEA5076078","Renamed_cluster_52","Renamed_cluster_52"
"SAMEA5076087","Renamed_cluster_52","Renamed_cluster_52"
"SAMEA5076104","Renamed_cluster_52","Renamed_cluster_52"
"SAMEA5076112","Renamed_cluster_52","Renamed_cluster_52"
"SAMEA5076114","Renamed_cluster_52","Renamed_cluster_52"
"SAMEA6649896","Renamed_cluster_52","Renamed_cluster_52"
"SAMEA118265627","Renamed_cluster_51","Renamed_cluster_51"
"SAMEA112801363","Renamed_cluster_51","Renamed_cluster_51"
"SAMEA118265436","Renamed_cluster_50","Renamed_cluster_50"
"SAMEA6875269","Renamed_cluster_50","Renamed_cluster_50"
"SAMEA118265795","Renamed_cluster_5","Renamed_cluster_5"
"SAMEA5076060","Renamed_cluster_5","Renamed_cluster_5"
"SAMEA5076109","Renamed_cluster_5","Renamed_cluster_5"
"SAMEA5076116","Renamed_cluster_5","Renamed_cluster_5"
"SAMEA5076122","Renamed_cluster_5","Renamed_cluster_5"
"SAMEA5076126","Renamed_cluster_5","Renamed_cluster_5"
"SAMEA118265773","Renamed_cluster_49","Renamed_cluster_49"
"SAMEA6875558","Renamed_cluster_49","Renamed_cluster_49"
"SAMEA118265491","Renamed_cluster_48","Renamed_cluster_48"
"SAMEA118265609","Renamed_cluster_48","Renamed_cluster_48"
"SAMEA118265232","Renamed_cluster_47","Renamed_cluster_47"
"SAMEA118265519","Renamed_cluster_47","Renamed_cluster_47"
"SAMEA118265647","Renamed_cluster_47","Renamed_cluster_47"
"SAMEA112189503","Renamed_cluster_47","Renamed_cluster_47"
"SAMEA112189504","Renamed_cluster_47","Renamed_cluster_47"
"SAMEA112269210","Renamed_cluster_47","Renamed_cluster_47"
"SAMEA112269211","Renamed_cluster_47","Renamed_cluster_47"
"SAMEA112269212","Renamed_cluster_47","Renamed_cluster_47"
"SAMEA112271083","Renamed_cluster_47","Renamed_cluster_47"
"SAMEA12616929","Renamed_cluster_47","Renamed_cluster_47"
"SAMEA12616931","Renamed_cluster_47","Renamed_cluster_47"
"SAMEA12616934","Renamed_cluster_47","Renamed_cluster_47"
"SAMEA12616935","Renamed_cluster_47","Renamed_cluster_47"
"SAMEA12616939","Renamed_cluster_47","Renamed_cluster_47"
"SAMEA12616942","Renamed_cluster_47","Renamed_cluster_47"
"SAMEA12616945","Renamed_cluster_47","Renamed_cluster_47"
"SAMEA12616946","Renamed_cluster_47","Renamed_cluster_47"
"SAMEA12616947","Renamed_cluster_47","Renamed_cluster_47"
"SAMEA12616948","Renamed_cluster_47","Renamed_cluster_47"
"SAMEA12616949","Renamed_cluster_47","Renamed_cluster_47"
"SAMEA12616950","Renamed_cluster_47","Renamed_cluster_47"
"SAMEA12616951","Renamed_cluster_47","Renamed_cluster_47"
"SAMEA12616952","Renamed_cluster_47","Renamed_cluster_47"
"SAMEA12616953","Renamed_cluster_47","Renamed_cluster_47"
"SAMEA12616954","Renamed_cluster_47","Renamed_cluster_47"
"SAMEA12616955","Renamed_cluster_47","Renamed_cluster_47"
"SAMEA12616956","Renamed_cluster_47","Renamed_cluster_47"
"SAMEA12616957","Renamed_cluster_47","Renamed_cluster_47"
"SAMEA12616958","Renamed_cluster_47","Renamed_cluster_47"
"SAMEA12616961","Renamed_cluster_47","Renamed_cluster_47"
"SAMEA12616962","Renamed_cluster_47","Renamed_cluster_47"
"SAMEA12616963","Renamed_cluster_47","Renamed_cluster_47"
"SAMEA12616964","Renamed_cluster_47","Renamed_cluster_47"
"SAMEA12616965","Renamed_cluster_47","Renamed_cluster_47"
"SAMEA12616966","Renamed_cluster_47","Renamed_cluster_47"
"SAMEA12616967","Renamed_cluster_47","Renamed_cluster_47"
"SAMEA12616972","Renamed_cluster_47","Renamed_cluster_47"
"SAMEA12616973","Renamed_cluster_47","Renamed_cluster_47"
"SAMEA12616974","Renamed_cluster_47","Renamed_cluster_47"
"SAMEA12616975","Renamed_cluster_47","Renamed_cluster_47"
"SAMEA12616982","Renamed_cluster_47","Renamed_cluster_47"
"SAMEA12616984","Renamed_cluster_47","Renamed_cluster_47"
"SAMEA12616985","Renamed_cluster_47","Renamed_cluster_47"
"SAMEA12616986","Renamed_cluster_47","Renamed_cluster_47"
"SAMEA12616987","Renamed_cluster_47","Renamed_cluster_47"
"SAMEA12616988","Renamed_cluster_47","Renamed_cluster_47"
"SAMEA12616989","Renamed_cluster_47","Renamed_cluster_47"
"SAMEA12616990","Renamed_cluster_47","Renamed_cluster_47"
"SAMEA12616996","Renamed_cluster_47","Renamed_cluster_47"
"SAMEA12616997","Renamed_cluster_47","Renamed_cluster_47"
"SAMEA12616998","Renamed_cluster_47","Renamed_cluster_47"
"SAMEA12616999","Renamed_cluster_47","Renamed_cluster_47"
"SAMEA12617000","Renamed_cluster_47","Renamed_cluster_47"
"SAMEA12617001","Renamed_cluster_47","Renamed_cluster_47"
"SAMEA12617002","Renamed_cluster_47","Renamed_cluster_47"
"SAMEA12617003","Renamed_cluster_47","Renamed_cluster_47"
"SAMEA12617007","Renamed_cluster_47","Renamed_cluster_47"
"SAMEA12617009","Renamed_cluster_47","Renamed_cluster_47"
"SAMEA12617010","Renamed_cluster_47","Renamed_cluster_47"
"SAMEA12617011","Renamed_cluster_47","Renamed_cluster_47"
"SAMEA12617014","Renamed_cluster_47","Renamed_cluster_47"
"SAMEA12617015","Renamed_cluster_47","Renamed_cluster_47"
"SAMEA12617018","Renamed_cluster_47","Renamed_cluster_47"
"SAMEA12617021","Renamed_cluster_47","Renamed_cluster_47"
"SAMEA7561914","Renamed_cluster_47","Renamed_cluster_47"
"SAMN07627177","Renamed_cluster_47","Renamed_cluster_47"
"SAMN07627180","Renamed_cluster_47","Renamed_cluster_47"
"SAMN07627181","Renamed_cluster_47","Renamed_cluster_47"
"SAMN10462549","Renamed_cluster_47","Renamed_cluster_47"
"SAMEA118265357","Renamed_cluster_46","Renamed_cluster_46"
"SAMEA118265680","Renamed_cluster_46","Renamed_cluster_46"
"SAMEA111556213","Renamed_cluster_46","Renamed_cluster_46"
"SAMEA1405969","Renamed_cluster_46","Renamed_cluster_46"
"SAMEA3445241","Renamed_cluster_46","Renamed_cluster_46"
"SAMEA3446528","Renamed_cluster_46","Renamed_cluster_46"
"SAMEA3447642","Renamed_cluster_46","Renamed_cluster_46"
"SAMEA3448732","Renamed_cluster_46","Renamed_cluster_46"
"SAMEA3449391","Renamed_cluster_46","Renamed_cluster_46"
"SAMEA3449882","Renamed_cluster_46","Renamed_cluster_46"
"SAMEA3450050","Renamed_cluster_46","Renamed_cluster_46"
"SAMEA3450074","Renamed_cluster_46","Renamed_cluster_46"
"SAMEA3451154","Renamed_cluster_46","Renamed_cluster_46"
"SAMEA3451230","Renamed_cluster_46","Renamed_cluster_46"
"SAMEA6875643","Renamed_cluster_46","Renamed_cluster_46"
"SAMN03647460","Renamed_cluster_46","Renamed_cluster_46"
"SAMEA118265105","Renamed_cluster_45","Renamed_cluster_45"
"SAMEA118265172","Renamed_cluster_45","Renamed_cluster_45"
"SAMEA118265488","Renamed_cluster_45","Renamed_cluster_45"
"SAMEA6875148","Renamed_cluster_45","Renamed_cluster_45"
"SAMEA6875149","Renamed_cluster_45","Renamed_cluster_45"
"SAMEA118265136","Renamed_cluster_44","Renamed_cluster_44"
"SAMEA118265137","Renamed_cluster_44","Renamed_cluster_44"
"SAMEA118265140","Renamed_cluster_44","Renamed_cluster_44"
"SAMEA118265216","Renamed_cluster_44","Renamed_cluster_44"
"SAMEA118265341","Renamed_cluster_44","Renamed_cluster_44"
"SAMEA6875203","Renamed_cluster_44","Renamed_cluster_44"
"SAMEA6875204","Renamed_cluster_44","Renamed_cluster_44"
"SAMEA118265465","Renamed_cluster_43","Renamed_cluster_43"
"SAMEA118265467","Renamed_cluster_43","Renamed_cluster_43"
"SAMEA6875197","Renamed_cluster_43","Renamed_cluster_43"
"SAMEA6875198","Renamed_cluster_43","Renamed_cluster_43"
"SAMEA118265122","Renamed_cluster_42","Renamed_cluster_42"
"SAMEA118265470","Renamed_cluster_42","Renamed_cluster_42"
"SAMEA118265809","Renamed_cluster_42","Renamed_cluster_42"
"SAMEA6649923","Renamed_cluster_42","Renamed_cluster_42"
"SAMEA6875172","Renamed_cluster_42","Renamed_cluster_42"
"SAMEA6875173","Renamed_cluster_42","Renamed_cluster_42"
"SAMEA6875174","Renamed_cluster_42","Renamed_cluster_42"
"SAMEA118265239","Renamed_cluster_41","Renamed_cluster_41"
"SAMEA118265577","Renamed_cluster_41","Renamed_cluster_41"
"SAMEA118265686","Renamed_cluster_41","Renamed_cluster_41"
"SAMEA6875432","Renamed_cluster_41","Renamed_cluster_41"
"SAMEA118265735","Renamed_cluster_40","Renamed_cluster_40"
"SAMEA118265822","Renamed_cluster_40","Renamed_cluster_40"
"SAMEA118265843","Renamed_cluster_4","Renamed_cluster_4"
"SAMEA118265845","Renamed_cluster_4","Renamed_cluster_4"
"SAMEA118265868","Renamed_cluster_39","Renamed_cluster_39"
"SAMN16966217","Renamed_cluster_39","Renamed_cluster_39"
"SAMEA118265324","Renamed_cluster_38","Renamed_cluster_38"
"SAMEA112801072","Renamed_cluster_38","Renamed_cluster_38"
"SAMEA118265260","Renamed_cluster_37","Renamed_cluster_37"
"SAMEA118265560","Renamed_cluster_37","Renamed_cluster_37"
"SAMEA6875516","Renamed_cluster_37","Renamed_cluster_37"
"SAMEA118265141","Renamed_cluster_36","Renamed_cluster_36"
"SAMEA118265463","Renamed_cluster_36","Renamed_cluster_36"
"SAMEA112804001","Renamed_cluster_36","Renamed_cluster_36"
"SAMEA6875045","Renamed_cluster_36","Renamed_cluster_36"
"SAMEA6875046","Renamed_cluster_36","Renamed_cluster_36"
"SAMEA6875047","Renamed_cluster_36","Renamed_cluster_36"
"SAMN28538217","Renamed_cluster_36","Renamed_cluster_36"
"SAMEA118265734","Renamed_cluster_35","Renamed_cluster_35"
"SAMEA7553579","Renamed_cluster_35","Renamed_cluster_35"
"SAMEA118265228","Renamed_cluster_34","Renamed_cluster_34"
"SAMEA118265760","Renamed_cluster_34","Renamed_cluster_34"
"SAMEA118265161","Renamed_cluster_33","Renamed_cluster_33"
"SAMEA118265401","Renamed_cluster_33","Renamed_cluster_33"
"SAMEA118265570","Renamed_cluster_33","Renamed_cluster_33"
"SAMEA6875362","Renamed_cluster_33","Renamed_cluster_33"
"SAMEA118265187","Renamed_cluster_32","Renamed_cluster_32"
"SAMEA118265191","Renamed_cluster_32","Renamed_cluster_32"
"SAMEA6875071","Renamed_cluster_32","Renamed_cluster_32"
"SAMEA6875072","Renamed_cluster_32","Renamed_cluster_32"
"SAMEA118265450","Renamed_cluster_31","Renamed_cluster_31"
"SAMEA114323129","Renamed_cluster_31","Renamed_cluster_31"
"SAMEA5076062","Renamed_cluster_31","Renamed_cluster_31"
"SAMEA5076077","Renamed_cluster_31","Renamed_cluster_31"
"SAMEA5076145","Renamed_cluster_31","Renamed_cluster_31"
"SAMEA5076154","Renamed_cluster_31","Renamed_cluster_31"
"SAMEA5076155","Renamed_cluster_31","Renamed_cluster_31"
"SAMEA6649890","Renamed_cluster_31","Renamed_cluster_31"
"SAMEA6649901","Renamed_cluster_31","Renamed_cluster_31"
"SAMEA118265135","Renamed_cluster_30","Renamed_cluster_30"
"SAMEA118265514","Renamed_cluster_30","Renamed_cluster_30"
"SAMEA118265765","Renamed_cluster_30","Renamed_cluster_30"
"SAMEA6875160","Renamed_cluster_30","Renamed_cluster_30"
"SAMEA6875161","Renamed_cluster_30","Renamed_cluster_30"
"SAMEA6875162","Renamed_cluster_30","Renamed_cluster_30"
"SAMEA118265323","Renamed_cluster_3","Renamed_cluster_3"
"SAMN26722357","Renamed_cluster_3","Renamed_cluster_3"
"SAMEA118265653","Renamed_cluster_29","Renamed_cluster_29"
"SAMEA6875029","Renamed_cluster_29","Renamed_cluster_29"
"SAMEA6875030","Renamed_cluster_29","Renamed_cluster_29"
"SAMEA6875031","Renamed_cluster_29","Renamed_cluster_29"
"SAMEA118265530","Renamed_cluster_28","Renamed_cluster_28"
"SAMEA5076102","Renamed_cluster_28","Renamed_cluster_28"
"SAMEA5076103","Renamed_cluster_28","Renamed_cluster_28"
"SAMEA5076110","Renamed_cluster_28","Renamed_cluster_28"
"SAMEA5076135","Renamed_cluster_28","Renamed_cluster_28"
"SAMEA5076159","Renamed_cluster_28","Renamed_cluster_28"
"SAMEA118265113","Renamed_cluster_27","Renamed_cluster_27"
"SAMEA118265272","Renamed_cluster_27","Renamed_cluster_27"
"SAMEA118265389","Renamed_cluster_27","Renamed_cluster_27"
"SAMEA118265638","Renamed_cluster_27","Renamed_cluster_27"
"SAMEA118265835","Renamed_cluster_27","Renamed_cluster_27"
"SAMEA6875293","Renamed_cluster_27","Renamed_cluster_27"
"SAMN39286908","Renamed_cluster_27","Renamed_cluster_27"
"SAMEA118265314","Renamed_cluster_26","Renamed_cluster_26"
"SAMEA118265317","Renamed_cluster_26","Renamed_cluster_26"
"SAMEA118265487","Renamed_cluster_26","Renamed_cluster_26"
"SAMEA118265522","Renamed_cluster_26","Renamed_cluster_26"
"SAMEA3359354","Renamed_cluster_26","Renamed_cluster_26"
"SAMEA6875466","Renamed_cluster_26","Renamed_cluster_26"
"SAMEA118265213","Renamed_cluster_25","Renamed_cluster_25"
"SAMEA6875090","Renamed_cluster_25","Renamed_cluster_25"
"SAMEA6875091","Renamed_cluster_25","Renamed_cluster_25"
"SAMN03648529","Renamed_cluster_25","Renamed_cluster_25"
"SAMEA118265749","Renamed_cluster_24","Renamed_cluster_24"
"SAMEA118265810","Renamed_cluster_24","Renamed_cluster_24"
"SAMEA118265778","Renamed_cluster_23","Renamed_cluster_23"
"SAMEA118265779","Renamed_cluster_23","Renamed_cluster_23"
"SAMEA118265347","Renamed_cluster_22","Renamed_cluster_22"
"SAMEA118265356","Renamed_cluster_22","Renamed_cluster_22"
"SAMEA118265359","Renamed_cluster_22","Renamed_cluster_22"
"SAMEA118265370","Renamed_cluster_22","Renamed_cluster_22"
"SAMEA118265379","Renamed_cluster_22","Renamed_cluster_22"
"SAMEA6875554","Renamed_cluster_22","Renamed_cluster_22"
"SAMEA118265602","Renamed_cluster_21","Renamed_cluster_21"
"SAMEA1118039","Renamed_cluster_21","Renamed_cluster_21"
"SAMEA1118915","Renamed_cluster_21","Renamed_cluster_21"
"SAMEA7548011","Renamed_cluster_21","Renamed_cluster_21"
"SAMEA7550723","Renamed_cluster_21","Renamed_cluster_21"
"SAMN07658140","Renamed_cluster_21","Renamed_cluster_21"
"SAMN07660221","Renamed_cluster_21","Renamed_cluster_21"
"SAMEA118265295","Renamed_cluster_20","Renamed_cluster_20"
"SAMEA118265537","Renamed_cluster_20","Renamed_cluster_20"
"SAMEA118265538","Renamed_cluster_20","Renamed_cluster_20"
"SAMEA118265218","Renamed_cluster_2","Renamed_cluster_2"
"SAMEA118265415","Renamed_cluster_2","Renamed_cluster_2"
"SAMEA118265521","Renamed_cluster_2","Renamed_cluster_2"
"SAMEA118265532","Renamed_cluster_2","Renamed_cluster_2"
"SAMEA118265567","Renamed_cluster_2","Renamed_cluster_2"
"SAMEA118265645","Renamed_cluster_2","Renamed_cluster_2"
"SAMEA118265673","Renamed_cluster_2","Renamed_cluster_2"
"SAMEA118265675","Renamed_cluster_2","Renamed_cluster_2"
"SAMEA118265740","Renamed_cluster_2","Renamed_cluster_2"
"SAMEA118265744","Renamed_cluster_2","Renamed_cluster_2"
"SAMEA118265813","Renamed_cluster_2","Renamed_cluster_2"
"SAMEA118265829","Renamed_cluster_2","Renamed_cluster_2"
"SAMEA118265846","Renamed_cluster_2","Renamed_cluster_2"
"SAMEA115163149","Renamed_cluster_2","Renamed_cluster_2"
"SAMEA5076068","Renamed_cluster_2","Renamed_cluster_2"
"SAMEA5076091","Renamed_cluster_2","Renamed_cluster_2"
"SAMEA5076130","Renamed_cluster_2","Renamed_cluster_2"
"SAMEA5076157","Renamed_cluster_2","Renamed_cluster_2"
"SAMEA5076162","Renamed_cluster_2","Renamed_cluster_2"
"SAMEA5076166","Renamed_cluster_2","Renamed_cluster_2"
"SAMEA118265861","Renamed_cluster_19","Renamed_cluster_19"
"SAMEA1102733","Renamed_cluster_19","Renamed_cluster_19"
"SAMEA112799570","Renamed_cluster_19","Renamed_cluster_19"
"SAMEA112800145","Renamed_cluster_19","Renamed_cluster_19"
"SAMEA112800146","Renamed_cluster_19","Renamed_cluster_19"
"SAMEA112800147","Renamed_cluster_19","Renamed_cluster_19"
"SAMEA112801515","Renamed_cluster_19","Renamed_cluster_19"
"SAMEA112801649","Renamed_cluster_19","Renamed_cluster_19"
"SAMEA112801709","Renamed_cluster_19","Renamed_cluster_19"
"SAMEA112801944","Renamed_cluster_19","Renamed_cluster_19"
"SAMEA112803267","Renamed_cluster_19","Renamed_cluster_19"
"SAMEA112803285","Renamed_cluster_19","Renamed_cluster_19"
"SAMEA112803349","Renamed_cluster_19","Renamed_cluster_19"
"SAMEA112803942","Renamed_cluster_19","Renamed_cluster_19"
"SAMEA112804018","Renamed_cluster_19","Renamed_cluster_19"
"SAMEA112804376","Renamed_cluster_19","Renamed_cluster_19"
"SAMEA112804427","Renamed_cluster_19","Renamed_cluster_19"
"SAMEA112804456","Renamed_cluster_19","Renamed_cluster_19"
"SAMEA112805204","Renamed_cluster_19","Renamed_cluster_19"
"SAMEA112805683","Renamed_cluster_19","Renamed_cluster_19"
"SAMEA112806081","Renamed_cluster_19","Renamed_cluster_19"
"SAMEA112806183","Renamed_cluster_19","Renamed_cluster_19"
"SAMEA112806213","Renamed_cluster_19","Renamed_cluster_19"
"SAMEA112806290","Renamed_cluster_19","Renamed_cluster_19"
"SAMEA112806634","Renamed_cluster_19","Renamed_cluster_19"
"SAMEA112806738","Renamed_cluster_19","Renamed_cluster_19"
"SAMEA112806774","Renamed_cluster_19","Renamed_cluster_19"
"SAMN09090411","Renamed_cluster_19","Renamed_cluster_19"
"SAMEA118265518","Renamed_cluster_18","Renamed_cluster_18"
"SAMEA112799163","Renamed_cluster_18","Renamed_cluster_18"
"SAMEA112799267","Renamed_cluster_18","Renamed_cluster_18"
"SAMEA112799598","Renamed_cluster_18","Renamed_cluster_18"
"SAMEA112799906","Renamed_cluster_18","Renamed_cluster_18"
"SAMEA112800007","Renamed_cluster_18","Renamed_cluster_18"
"SAMEA112800012","Renamed_cluster_18","Renamed_cluster_18"
"SAMEA112800116","Renamed_cluster_18","Renamed_cluster_18"
"SAMEA112800164","Renamed_cluster_18","Renamed_cluster_18"
"SAMEA112800256","Renamed_cluster_18","Renamed_cluster_18"
"SAMEA112800434","Renamed_cluster_18","Renamed_cluster_18"
"SAMEA112801745","Renamed_cluster_18","Renamed_cluster_18"
"SAMEA112801768","Renamed_cluster_18","Renamed_cluster_18"
"SAMEA112801809","Renamed_cluster_18","Renamed_cluster_18"
"SAMEA112803728","Renamed_cluster_18","Renamed_cluster_18"
"SAMEA112806852","Renamed_cluster_18","Renamed_cluster_18"
"SAMEA14269108","Renamed_cluster_18","Renamed_cluster_18"
"SAMEA7548420","Renamed_cluster_18","Renamed_cluster_18"
"SAMEA7551701","Renamed_cluster_18","Renamed_cluster_18"
"SAMEA7553140","Renamed_cluster_18","Renamed_cluster_18"
"SAMN31423580","Renamed_cluster_18","Renamed_cluster_18"
"SAMEA118265479","Renamed_cluster_178","Renamed_cluster_178"
"SAMEA118265551","Renamed_cluster_178","Renamed_cluster_178"
"SAMEA118265336","Renamed_cluster_177","Renamed_cluster_177"
"SAMEA118265462","Renamed_cluster_177","Renamed_cluster_177"
"SAMEA6875651","Renamed_cluster_177","Renamed_cluster_177"
"SAMEA118265205","Renamed_cluster_176","Renamed_cluster_176"
"SAMEA118265802","Renamed_cluster_176","Renamed_cluster_176"
"SAMEA6875318","Renamed_cluster_176","Renamed_cluster_176"
"SAMEA118265830","Renamed_cluster_175","Renamed_cluster_175"
"SAMEA118265841","Renamed_cluster_175","Renamed_cluster_175"
"SAMEA118265353","Renamed_cluster_174","Renamed_cluster_174"
"SAMEA118265668","Renamed_cluster_174","Renamed_cluster_174"
"SAMEA118265679","Renamed_cluster_174","Renamed_cluster_174"
"SAMEA118265756","Renamed_cluster_174","Renamed_cluster_174"
"SAMEA6875246","Renamed_cluster_174","Renamed_cluster_174"
"SAMEA118265701","Renamed_cluster_173","Renamed_cluster_173"
"SAMEA118265862","Renamed_cluster_173","Renamed_cluster_173"
"SAMEA118265368","Renamed_cluster_172","Renamed_cluster_172"
"SAMEA118265369","Renamed_cluster_172","Renamed_cluster_172"
"SAMEA118265190","Renamed_cluster_171","Renamed_cluster_171"
"SAMEA3346009","Renamed_cluster_171","Renamed_cluster_171"
"SAMEA6875421","Renamed_cluster_171","Renamed_cluster_171"
"SAMEA118265325","Renamed_cluster_170","Renamed_cluster_170"
"SAMEA118265326","Renamed_cluster_170","Renamed_cluster_170"
"SAMEA118265330","Renamed_cluster_170","Renamed_cluster_170"
"SAMEA118265377","Renamed_cluster_170","Renamed_cluster_170"
"SAMEA118265305","Renamed_cluster_17","Renamed_cluster_17"
"SAMEA112800562","Renamed_cluster_17","Renamed_cluster_17"
"SAMN26722361","Renamed_cluster_17","Renamed_cluster_17"
"SAMN26722362","Renamed_cluster_17","Renamed_cluster_17"
"SAMEA118265237","Renamed_cluster_169","Renamed_cluster_169"
"SAMEA6875109","Renamed_cluster_169","Renamed_cluster_169"
"SAMEA6875110","Renamed_cluster_169","Renamed_cluster_169"
"SAMEA118265226","Renamed_cluster_168","Renamed_cluster_168"
"SAMEA6875468","Renamed_cluster_168","Renamed_cluster_168"
"SAMEA118265297","Renamed_cluster_167","Renamed_cluster_167"
"SAMEA118265418","Renamed_cluster_167","Renamed_cluster_167"
"SAMEA118265421","Renamed_cluster_167","Renamed_cluster_167"
"SAMEA6875640","Renamed_cluster_167","Renamed_cluster_167"
"SAMEA118265385","Renamed_cluster_166","Renamed_cluster_166"
"SAMEA6875577","Renamed_cluster_166","Renamed_cluster_166"
"SAMEA118265229","Renamed_cluster_165","Renamed_cluster_165"
"SAMEA118265374","Renamed_cluster_165","Renamed_cluster_165"
"SAMEA118265697","Renamed_cluster_164","Renamed_cluster_164"
"SAMEA118265767","Renamed_cluster_164","Renamed_cluster_164"
"SAMEA118265772","Renamed_cluster_164","Renamed_cluster_164"
"SAMEA118265458","Renamed_cluster_163","Renamed_cluster_163"
"SAMEA118265855","Renamed_cluster_163","Renamed_cluster_163"
"SAMEA5076092","Renamed_cluster_163","Renamed_cluster_163"
"SAMEA5076095","Renamed_cluster_163","Renamed_cluster_163"
"SAMEA118265541","Renamed_cluster_162","Renamed_cluster_162"
"SAMEA118265655","Renamed_cluster_162","Renamed_cluster_162"
"SAMEA118265709","Renamed_cluster_162","Renamed_cluster_162"
"SAMEA6875368","Renamed_cluster_162","Renamed_cluster_162"
"SAMEA118265629","Renamed_cluster_161","Renamed_cluster_161"
"SAMEA118265631","Renamed_cluster_161","Renamed_cluster_161"
"SAMEA118265721","Renamed_cluster_161","Renamed_cluster_161"
"SAMEA6875222","Renamed_cluster_160","Renamed_cluster_160"
"SAMEA6875223","Renamed_cluster_160","Renamed_cluster_160"
"SAMEA118265634","Renamed_cluster_16","Renamed_cluster_16"
"SAMEA6875511","Renamed_cluster_16","Renamed_cluster_16"
"SAMEA118265198","Renamed_cluster_159","Renamed_cluster_159"
"SAMEA118265461","Renamed_cluster_159","Renamed_cluster_159"
"SAMEA118265270","Renamed_cluster_158","Renamed_cluster_158"
"SAMEA114323139","Renamed_cluster_158","Renamed_cluster_158"
"SAMEA114323139","Renamed_cluster_158","Renamed_cluster_158"
"SAMEA6649900","Renamed_cluster_158","Renamed_cluster_158"
"SAMEA6875175","Renamed_cluster_158","Renamed_cluster_158"
"SAMEA6875176","Renamed_cluster_158","Renamed_cluster_158"
"SAMEA6875177","Renamed_cluster_158","Renamed_cluster_158"
"SAMEA118265610","Renamed_cluster_157","Renamed_cluster_157"
"SAMN26722403","Renamed_cluster_157","Renamed_cluster_157"
"SAMN26722404","Renamed_cluster_157","Renamed_cluster_157"
"SAMEA118265422","Renamed_cluster_156","Renamed_cluster_156"
"SAMEA6875105","Renamed_cluster_156","Renamed_cluster_156"
"SAMEA6875106","Renamed_cluster_156","Renamed_cluster_156"
"SAMEA118265857","Renamed_cluster_155","Renamed_cluster_155"
"SAMN30185222","Renamed_cluster_155","Renamed_cluster_155"
"SAMN30953101","Renamed_cluster_155","Renamed_cluster_155"
"SAMN41146849","Renamed_cluster_155","Renamed_cluster_155"
"SAMN41148301","Renamed_cluster_155","Renamed_cluster_155"
"SAMN41148688","Renamed_cluster_155","Renamed_cluster_155"
"SAMN41148689","Renamed_cluster_155","Renamed_cluster_155"
"SAMN41148913","Renamed_cluster_155","Renamed_cluster_155"
"SAMEA118265196","Renamed_cluster_154","Renamed_cluster_154"
"SAMEA118265613","Renamed_cluster_154","Renamed_cluster_154"
"SAMEA6875038","Renamed_cluster_154","Renamed_cluster_154"
"SAMEA6875039","Renamed_cluster_154","Renamed_cluster_154"
"SAMEA6875040","Renamed_cluster_154","Renamed_cluster_154"
"SAMEA6875041","Renamed_cluster_154","Renamed_cluster_154"
"SAMEA118265184","Renamed_cluster_153","Renamed_cluster_153"
"SAMEA118265274","Renamed_cluster_153","Renamed_cluster_153"
"SAMEA118265288","Renamed_cluster_153","Renamed_cluster_153"
"SAMEA118265529","Renamed_cluster_152","Renamed_cluster_152"
"SAMEA112806536","Renamed_cluster_152","Renamed_cluster_152"
"SAMEA5076117","Renamed_cluster_152","Renamed_cluster_152"
"SAMEA5076119","Renamed_cluster_152","Renamed_cluster_152"
"SAMEA5076147","Renamed_cluster_152","Renamed_cluster_152"
"SAMEA5076152","Renamed_cluster_152","Renamed_cluster_152"
"SAMEA118265156","Renamed_cluster_151","Renamed_cluster_151"
"SAMEA118265159","Renamed_cluster_151","Renamed_cluster_151"
"SAMEA118265173","Renamed_cluster_151","Renamed_cluster_151"
"SAMEA118265176","Renamed_cluster_151","Renamed_cluster_151"
"SAMEA118265240","Renamed_cluster_151","Renamed_cluster_151"
"SAMEA118265249","Renamed_cluster_151","Renamed_cluster_151"
"SAMEA118265294","Renamed_cluster_151","Renamed_cluster_151"
"SAMEA118265433","Renamed_cluster_151","Renamed_cluster_151"
"SAMEA118265517","Renamed_cluster_151","Renamed_cluster_151"
"SAMEA118265575","Renamed_cluster_151","Renamed_cluster_151"
"SAMEA118265641","Renamed_cluster_151","Renamed_cluster_151"
"SAMEA118265649","Renamed_cluster_151","Renamed_cluster_151"
"SAMEA6875184","Renamed_cluster_151","Renamed_cluster_151"
"SAMEA6875185","Renamed_cluster_151","Renamed_cluster_151"
"SAMEA6875186","Renamed_cluster_151","Renamed_cluster_151"
"SAMEA118265143","Renamed_cluster_150","Renamed_cluster_150"
"SAMEA6875306","Renamed_cluster_150","Renamed_cluster_150"
"SAMEA118265475","Renamed_cluster_15","Renamed_cluster_15"
"SAMEA6875234","Renamed_cluster_15","Renamed_cluster_15"
"SAMEA6875235","Renamed_cluster_15","Renamed_cluster_15"
"SAMEA3324351","Renamed_cluster_149","Renamed_cluster_149"
"SAMEA6875073","Renamed_cluster_149","Renamed_cluster_149"
"SAMEA6875074","Renamed_cluster_149","Renamed_cluster_149"
"SAMEA6875075","Renamed_cluster_149","Renamed_cluster_149"
"SAMEA114323138","Renamed_cluster_148","Renamed_cluster_148"
"SAMEA114323138","Renamed_cluster_148","Renamed_cluster_148"
"SAMEA6649895","Renamed_cluster_148","Renamed_cluster_148"
"SAMEA118265111","Renamed_cluster_147","Renamed_cluster_147"
"SAMEA118265836","Renamed_cluster_147","Renamed_cluster_147"
"SAMEA6875166","Renamed_cluster_147","Renamed_cluster_147"
"SAMEA6875167","Renamed_cluster_147","Renamed_cluster_147"
"SAMEA118265393","Renamed_cluster_146","Renamed_cluster_146"
"SAMEA1045790","Renamed_cluster_146","Renamed_cluster_146"
"SAMEA1045802","Renamed_cluster_146","Renamed_cluster_146"
"SAMEA1045803","Renamed_cluster_146","Renamed_cluster_146"
"SAMEA1045808","Renamed_cluster_146","Renamed_cluster_146"
"SAMEA1045813","Renamed_cluster_146","Renamed_cluster_146"
"SAMEA1045821","Renamed_cluster_146","Renamed_cluster_146"
"SAMEA118265327","Renamed_cluster_145","Renamed_cluster_145"
"SAMEA118265342","Renamed_cluster_145","Renamed_cluster_145"
"SAMEA118265344","Renamed_cluster_145","Renamed_cluster_145"
"SAMEA118265346","Renamed_cluster_145","Renamed_cluster_145"
"SAMEA5076123","Renamed_cluster_144","Renamed_cluster_144"
"SAMEA5076131","Renamed_cluster_144","Renamed_cluster_144"
"SAMEA5076132","Renamed_cluster_144","Renamed_cluster_144"
"SAMEA5076133","Renamed_cluster_144","Renamed_cluster_144"
"SAMEA6875560","Renamed_cluster_144","Renamed_cluster_144"
"SAMEA118265248","Renamed_cluster_143","Renamed_cluster_143"
"SAMEA118265253","Renamed_cluster_143","Renamed_cluster_143"
"SAMEA118265758","Renamed_cluster_143","Renamed_cluster_143"
"SAMEA118265591","Renamed_cluster_142","Renamed_cluster_142"
"SAMEA118265605","Renamed_cluster_142","Renamed_cluster_142"
"SAMEA118265640","Renamed_cluster_142","Renamed_cluster_142"
"SAMEA6875470","Renamed_cluster_142","Renamed_cluster_142"
"SAMEA118265507","Renamed_cluster_141","Renamed_cluster_141"
"SAMEA118265568","Renamed_cluster_141","Renamed_cluster_141"
"SAMEA118265660","Renamed_cluster_141","Renamed_cluster_141"
"SAMEA5076066","Renamed_cluster_141","Renamed_cluster_141"
"SAMEA5076067","Renamed_cluster_141","Renamed_cluster_141"
"SAMEA5076083","Renamed_cluster_141","Renamed_cluster_141"
"SAMEA5076120","Renamed_cluster_141","Renamed_cluster_141"
"SAMEA5076129","Renamed_cluster_141","Renamed_cluster_141"
"SAMEA5076148","Renamed_cluster_141","Renamed_cluster_141"
"SAMEA118265100","Renamed_cluster_140","Renamed_cluster_140"
"SAMEA118265307","Renamed_cluster_140","Renamed_cluster_140"
"SAMEA5076088","Renamed_cluster_140","Renamed_cluster_140"
"SAMEA5076089","Renamed_cluster_140","Renamed_cluster_140"
"SAMEA5076099","Renamed_cluster_140","Renamed_cluster_140"
"SAMEA5076161","Renamed_cluster_140","Renamed_cluster_140"
"SAMEA118265227","Renamed_cluster_14","Renamed_cluster_14"
"SAMEA14269153","Renamed_cluster_14","Renamed_cluster_14"
"SAMEA6875349","Renamed_cluster_14","Renamed_cluster_14"
"SAMEA118265603","Renamed_cluster_139","Renamed_cluster_139"
"SAMEA7549582","Renamed_cluster_139","Renamed_cluster_139"
"SAMEA118265674","Renamed_cluster_138","Renamed_cluster_138"
"SAMN31673143","Renamed_cluster_138","Renamed_cluster_138"
"SAMN31673220","Renamed_cluster_138","Renamed_cluster_138"
"SAMN31673291","Renamed_cluster_138","Renamed_cluster_138"
"SAMN31673376","Renamed_cluster_138","Renamed_cluster_138"
"SAMEA118265482","Renamed_cluster_137","Renamed_cluster_137"
"SAMEA118265513","Renamed_cluster_137","Renamed_cluster_137"
"SAMEA118265515","Renamed_cluster_137","Renamed_cluster_137"
"SAMEA118265472","Renamed_cluster_136","Renamed_cluster_136"
"SAMEA6875187","Renamed_cluster_136","Renamed_cluster_136"
"SAMEA6875188","Renamed_cluster_136","Renamed_cluster_136"
"SAMEA6875189","Renamed_cluster_136","Renamed_cluster_136"
"SAMEA118265618","Renamed_cluster_135","Renamed_cluster_135"
"SAMEA118265619","Renamed_cluster_135","Renamed_cluster_135"
"SAMEA6875142","Renamed_cluster_135","Renamed_cluster_135"
"SAMEA6875143","Renamed_cluster_135","Renamed_cluster_135"
"SAMEA6875144","Renamed_cluster_135","Renamed_cluster_135"
"SAMEA118265192","Renamed_cluster_134","Renamed_cluster_134"
"SAMEA118265271","Renamed_cluster_134","Renamed_cluster_134"
"SAMEA118265459","Renamed_cluster_133","Renamed_cluster_133"
"SAMEA118265460","Renamed_cluster_133","Renamed_cluster_133"
"SAMEA118265409","Renamed_cluster_132","Renamed_cluster_132"
"SAMEA1119530","Renamed_cluster_132","Renamed_cluster_132"
"SAMEA1929788","Renamed_cluster_132","Renamed_cluster_132"
"SAMEA118265146","Renamed_cluster_131","Renamed_cluster_131"
"SAMEA8653176","Renamed_cluster_131","Renamed_cluster_131"
"SAMEA118265443","Renamed_cluster_130","Renamed_cluster_130"
"SAMEA14269051","Renamed_cluster_130","Renamed_cluster_130"
"SAMEA8113322","Renamed_cluster_130","Renamed_cluster_130"
"SAMEA8113323","Renamed_cluster_130","Renamed_cluster_130"
"SAMN09090437","Renamed_cluster_130","Renamed_cluster_130"
"SAMN09090504","Renamed_cluster_130","Renamed_cluster_130"
"SAMN31423335","Renamed_cluster_130","Renamed_cluster_130"
"SAMEA118265220","Renamed_cluster_13","Renamed_cluster_13"
"SAMEA6875443","Renamed_cluster_13","Renamed_cluster_13"
"SAMEA118265337","Renamed_cluster_129","Renamed_cluster_129"
"SAMEA118265338","Renamed_cluster_129","Renamed_cluster_129"
"SAMEA118265669","Renamed_cluster_128","Renamed_cluster_128"
"SAMN16966113","Renamed_cluster_128","Renamed_cluster_128"
"SAMN16966172","Renamed_cluster_128","Renamed_cluster_128"
"SAMEA118265387","Renamed_cluster_127","Renamed_cluster_127"
"SAMEA118265390","Renamed_cluster_127","Renamed_cluster_127"
"SAMEA118265215","Renamed_cluster_126","Renamed_cluster_126"
"SAMN09402691","Renamed_cluster_126","Renamed_cluster_126"
"SAMN09402710","Renamed_cluster_126","Renamed_cluster_126"
"SAMN40947001","Renamed_cluster_126","Renamed_cluster_126"
"SAMEA118265731","Renamed_cluster_125","Renamed_cluster_125"
"SAMEA118265748","Renamed_cluster_125","Renamed_cluster_125"
"SAMEA118265780","Renamed_cluster_125","Renamed_cluster_125"
"SAMEA118265781","Renamed_cluster_125","Renamed_cluster_125"
"SAMEA118265449","Renamed_cluster_124","Renamed_cluster_124"
"SAMEA118265473","Renamed_cluster_124","Renamed_cluster_124"
"SAMEA3316428","Renamed_cluster_124","Renamed_cluster_124"
"SAMEA5076111","Renamed_cluster_124","Renamed_cluster_124"
"SAMEA5076164","Renamed_cluster_124","Renamed_cluster_124"
"SAMEA118265542","Renamed_cluster_123","Renamed_cluster_123"
"SAMEA118265543","Renamed_cluster_123","Renamed_cluster_123"
"SAMEA118265408","Renamed_cluster_122","Renamed_cluster_122"
"SAMEA12871038","Renamed_cluster_122","Renamed_cluster_122"
"SAMEA118265318","Renamed_cluster_121","Renamed_cluster_121"
"SAMEA118265410","Renamed_cluster_121","Renamed_cluster_121"
"SAMEA118265411","Renamed_cluster_121","Renamed_cluster_121"
"SAMEA118265661","Renamed_cluster_121","Renamed_cluster_121"
"SAMEA118265662","Renamed_cluster_121","Renamed_cluster_121"
"SAMEA6875113","Renamed_cluster_121","Renamed_cluster_121"
"SAMEA6875114","Renamed_cluster_121","Renamed_cluster_121"
"SAMEA6875115","Renamed_cluster_121","Renamed_cluster_121"
"SAMEA118265118","Renamed_cluster_120","Renamed_cluster_120"
"SAMEA118265124","Renamed_cluster_120","Renamed_cluster_120"
"SAMEA118265278","Renamed_cluster_120","Renamed_cluster_120"
"SAMEA118265544","Renamed_cluster_120","Renamed_cluster_120"
"SAMEA118265547","Renamed_cluster_120","Renamed_cluster_120"
"SAMEA118265590","Renamed_cluster_120","Renamed_cluster_120"
"SAMEA6875120","Renamed_cluster_120","Renamed_cluster_120"
"SAMEA6875121","Renamed_cluster_120","Renamed_cluster_120"
"SAMEA118265290","Renamed_cluster_12","Renamed_cluster_12"
"SAMEA118265434","Renamed_cluster_12","Renamed_cluster_12"
"SAMEA6875585","Renamed_cluster_12","Renamed_cluster_12"
"SAMEA118265703","Renamed_cluster_119","Renamed_cluster_119"
"SAMEA118265705","Renamed_cluster_119","Renamed_cluster_119"
"SAMEA118265131","Renamed_cluster_118","Renamed_cluster_118"
"SAMEA114625978","Renamed_cluster_118","Renamed_cluster_118"
"SAMEA114625996","Renamed_cluster_118","Renamed_cluster_118"
"SAMEA115163069","Renamed_cluster_118","Renamed_cluster_118"
"SAMEA6591807","Renamed_cluster_118","Renamed_cluster_118"
"SAMEA6875476","Renamed_cluster_118","Renamed_cluster_118"
"SAMN08708352","Renamed_cluster_118","Renamed_cluster_118"
"SAMN08709218","Renamed_cluster_118","Renamed_cluster_118"
"SAMN34293828","Renamed_cluster_118","Renamed_cluster_118"
"SAMEA118265581","Renamed_cluster_117","Renamed_cluster_117"
"SAMEA8718998","Renamed_cluster_117","Renamed_cluster_117"
"SAMN04521946","Renamed_cluster_117","Renamed_cluster_117"
"SAMEA118265400","Renamed_cluster_116","Renamed_cluster_116"
"SAMEA118265406","Renamed_cluster_116","Renamed_cluster_116"
"SAMEA3340424","Renamed_cluster_116","Renamed_cluster_116"
"SAMEA6875063","Renamed_cluster_116","Renamed_cluster_116"
"SAMEA6875064","Renamed_cluster_116","Renamed_cluster_116"
"SAMEA118265671","Renamed_cluster_115","Renamed_cluster_115"
"SAMEA112801277","Renamed_cluster_115","Renamed_cluster_115"
"SAMEA112803431","Renamed_cluster_115","Renamed_cluster_115"
"SAMEA112805517","Renamed_cluster_115","Renamed_cluster_115"
"SAMEA2534931","Renamed_cluster_115","Renamed_cluster_115"
"SAMEA5076101","Renamed_cluster_115","Renamed_cluster_115"
"SAMEA5076137","Renamed_cluster_115","Renamed_cluster_115"
"SAMEA5076156","Renamed_cluster_115","Renamed_cluster_115"
"SAMEA7551399","Renamed_cluster_115","Renamed_cluster_115"
"SAMEA7554048","Renamed_cluster_115","Renamed_cluster_115"
"SAMN26722372","Renamed_cluster_115","Renamed_cluster_115"
"SAMEA118265666","Renamed_cluster_114","Renamed_cluster_114"
"SAMEA112804610","Renamed_cluster_114","Renamed_cluster_114"
"SAMEA118265565","Renamed_cluster_113","Renamed_cluster_113"
"SAMEA2061815","Renamed_cluster_113","Renamed_cluster_113"
"SAMEA6875431","Renamed_cluster_113","Renamed_cluster_113"
"SAMN03648375","Renamed_cluster_113","Renamed_cluster_113"
"SAMEA118265186","Renamed_cluster_112","Renamed_cluster_112"
"SAMEA118265188","Renamed_cluster_112","Renamed_cluster_112"
"SAMEA118265194","Renamed_cluster_112","Renamed_cluster_112"
"SAMEA118265281","Renamed_cluster_112","Renamed_cluster_112"
"SAMEA118265285","Renamed_cluster_112","Renamed_cluster_112"
"SAMEA118265286","Renamed_cluster_112","Renamed_cluster_112"
"SAMEA118265289","Renamed_cluster_112","Renamed_cluster_112"
"SAMEA118265426","Renamed_cluster_112","Renamed_cluster_112"
"SAMEA118265439","Renamed_cluster_112","Renamed_cluster_112"
"SAMEA118265834","Renamed_cluster_112","Renamed_cluster_112"
"SAMEA112799145","Renamed_cluster_112","Renamed_cluster_112"
"SAMEA112799207","Renamed_cluster_112","Renamed_cluster_112"
"SAMEA112799694","Renamed_cluster_112","Renamed_cluster_112"
"SAMEA112801178","Renamed_cluster_112","Renamed_cluster_112"
"SAMEA112801458","Renamed_cluster_112","Renamed_cluster_112"
"SAMEA112801464","Renamed_cluster_112","Renamed_cluster_112"
"SAMEA112803331","Renamed_cluster_112","Renamed_cluster_112"
"SAMEA112803758","Renamed_cluster_112","Renamed_cluster_112"
"SAMEA112804597","Renamed_cluster_112","Renamed_cluster_112"
"SAMEA112805359","Renamed_cluster_112","Renamed_cluster_112"
"SAMEA114625883","Renamed_cluster_112","Renamed_cluster_112"
"SAMEA14269143","Renamed_cluster_112","Renamed_cluster_112"
"SAMEA3357594","Renamed_cluster_112","Renamed_cluster_112"
"SAMEA3360003","Renamed_cluster_112","Renamed_cluster_112"
"SAMEA3715611","Renamed_cluster_112","Renamed_cluster_112"
"SAMEA5076061","Renamed_cluster_112","Renamed_cluster_112"
"SAMEA5076065","Renamed_cluster_112","Renamed_cluster_112"
"SAMEA5076072","Renamed_cluster_112","Renamed_cluster_112"
"SAMEA5076080","Renamed_cluster_112","Renamed_cluster_112"
"SAMEA5076127","Renamed_cluster_112","Renamed_cluster_112"
"SAMEA5076128","Renamed_cluster_112","Renamed_cluster_112"
"SAMEA5076138","Renamed_cluster_112","Renamed_cluster_112"
"SAMEA5076140","Renamed_cluster_112","Renamed_cluster_112"
"SAMEA7547751","Renamed_cluster_112","Renamed_cluster_112"
"SAMEA7547835","Renamed_cluster_112","Renamed_cluster_112"
"SAMEA7547978","Renamed_cluster_112","Renamed_cluster_112"
"SAMEA7549064","Renamed_cluster_112","Renamed_cluster_112"
"SAMEA7550370","Renamed_cluster_112","Renamed_cluster_112"
"SAMEA7555100","Renamed_cluster_112","Renamed_cluster_112"
"SAMEA7555928","Renamed_cluster_112","Renamed_cluster_112"
"SAMEA7562115","Renamed_cluster_112","Renamed_cluster_112"
"SAMEA7562125","Renamed_cluster_112","Renamed_cluster_112"
"SAMEA8893116","Renamed_cluster_112","Renamed_cluster_112"
"SAMEA8893138","Renamed_cluster_112","Renamed_cluster_112"
"SAMN09402698","Renamed_cluster_112","Renamed_cluster_112"
"SAMN09402703","Renamed_cluster_112","Renamed_cluster_112"
"SAMN28538080","Renamed_cluster_112","Renamed_cluster_112"
"SAMN31423475","Renamed_cluster_112","Renamed_cluster_112"
"SAMN31423552","Renamed_cluster_112","Renamed_cluster_112"
"SAMN34999454","Renamed_cluster_112","Renamed_cluster_112"
"SAMN34999459","Renamed_cluster_112","Renamed_cluster_112"
"SAMN34999462","Renamed_cluster_112","Renamed_cluster_112"
"SAMEA118265170","Renamed_cluster_111","Renamed_cluster_111"
"SAMEA118265179","Renamed_cluster_111","Renamed_cluster_111"
"SAMEA118265348","Renamed_cluster_111","Renamed_cluster_111"
"SAMEA118265351","Renamed_cluster_111","Renamed_cluster_111"
"SAMEA118265670","Renamed_cluster_111","Renamed_cluster_111"
"SAMEA118265818","Renamed_cluster_111","Renamed_cluster_111"
"SAMEA3316427","Renamed_cluster_111","Renamed_cluster_111"
"SAMEA6875154","Renamed_cluster_111","Renamed_cluster_111"
"SAMEA6875155","Renamed_cluster_111","Renamed_cluster_111"
"SAMEA6875156","Renamed_cluster_111","Renamed_cluster_111"
"SAMEA118265112","Renamed_cluster_110","Renamed_cluster_110"
"SAMEA118265298","Renamed_cluster_110","Renamed_cluster_110"
"SAMEA118265819","Renamed_cluster_110","Renamed_cluster_110"
"SAMEA118265842","Renamed_cluster_110","Renamed_cluster_110"
"SAMEA1117945","Renamed_cluster_110","Renamed_cluster_110"
"SAMEA1119556","Renamed_cluster_110","Renamed_cluster_110"
"SAMEA5076054","Renamed_cluster_110","Renamed_cluster_110"
"SAMEA5076069","Renamed_cluster_110","Renamed_cluster_110"
"SAMEA5076075","Renamed_cluster_110","Renamed_cluster_110"
"SAMEA5076085","Renamed_cluster_110","Renamed_cluster_110"
"SAMEA5076094","Renamed_cluster_110","Renamed_cluster_110"
"SAMEA5076124","Renamed_cluster_110","Renamed_cluster_110"
"SAMEA7550553","Renamed_cluster_110","Renamed_cluster_110"
"SAMEA118265378","Renamed_cluster_11","Renamed_cluster_11"
"SAMEA6875102","Renamed_cluster_11","Renamed_cluster_11"
"SAMEA6875103","Renamed_cluster_11","Renamed_cluster_11"
"SAMEA6875104","Renamed_cluster_11","Renamed_cluster_11"
"SAMEA118265104","Renamed_cluster_109","Renamed_cluster_109"
"SAMEA118265200","Renamed_cluster_109","Renamed_cluster_109"
"SAMEA118265489","Renamed_cluster_109","Renamed_cluster_109"
"SAMEA112801519","Renamed_cluster_109","Renamed_cluster_109"
"SAMEA6875622","Renamed_cluster_109","Renamed_cluster_109"
"SAMEA118265158","Renamed_cluster_108","Renamed_cluster_108"
"SAMEA118265844","Renamed_cluster_108","Renamed_cluster_108"
"SAMEA112803782","Renamed_cluster_108","Renamed_cluster_108"
"SAMEA112803968","Renamed_cluster_108","Renamed_cluster_108"
"SAMEA112804612","Renamed_cluster_108","Renamed_cluster_108"
"SAMEA7562067","Renamed_cluster_108","Renamed_cluster_108"
"SAMEA118265600","Renamed_cluster_107","Renamed_cluster_107"
"SAMEA118265741","Renamed_cluster_107","Renamed_cluster_107"
"SAMEA112799697","Renamed_cluster_107","Renamed_cluster_107"
"SAMEA112803993","Renamed_cluster_107","Renamed_cluster_107"
"SAMEA112805667","Renamed_cluster_107","Renamed_cluster_107"
"SAMEA13120076","Renamed_cluster_107","Renamed_cluster_107"
"SAMEA1707514","Renamed_cluster_107","Renamed_cluster_107"
"SAMEA1707914","Renamed_cluster_107","Renamed_cluster_107"
"SAMEA3449649","Renamed_cluster_107","Renamed_cluster_107"
"SAMEA3451374","Renamed_cluster_107","Renamed_cluster_107"
"SAMEA5282495","Renamed_cluster_107","Renamed_cluster_107"
"SAMEA7157347","Renamed_cluster_107","Renamed_cluster_107"
"SAMEA7157360","Renamed_cluster_107","Renamed_cluster_107"
"SAMEA7157733","Renamed_cluster_107","Renamed_cluster_107"
"SAMEA7157864","Renamed_cluster_107","Renamed_cluster_107"
"SAMEA7550990","Renamed_cluster_107","Renamed_cluster_107"
"SAMN02381025","Renamed_cluster_107","Renamed_cluster_107"
"SAMN03647751","Renamed_cluster_107","Renamed_cluster_107"
"SAMN06209900","Renamed_cluster_107","Renamed_cluster_107"
"SAMN13937424","Renamed_cluster_107","Renamed_cluster_107"
"SAMN13937466","Renamed_cluster_107","Renamed_cluster_107"
"SAMN13937476","Renamed_cluster_107","Renamed_cluster_107"
"SAMN13937484","Renamed_cluster_107","Renamed_cluster_107"
"SAMN13937526","Renamed_cluster_107","Renamed_cluster_107"
"SAMN13937564","Renamed_cluster_107","Renamed_cluster_107"
"SAMN21855847","Renamed_cluster_107","Renamed_cluster_107"
"SAMN21855932","Renamed_cluster_107","Renamed_cluster_107"
"SAMN21855965","Renamed_cluster_107","Renamed_cluster_107"
"SAMN21855986","Renamed_cluster_107","Renamed_cluster_107"
"SAMN21855999","Renamed_cluster_107","Renamed_cluster_107"
"SAMN21856027","Renamed_cluster_107","Renamed_cluster_107"
"SAMN21856153","Renamed_cluster_107","Renamed_cluster_107"
"SAMN21856166","Renamed_cluster_107","Renamed_cluster_107"
"SAMN21856167","Renamed_cluster_107","Renamed_cluster_107"
"SAMN21856193","Renamed_cluster_107","Renamed_cluster_107"
"SAMN21856229","Renamed_cluster_107","Renamed_cluster_107"
"SAMN21856257","Renamed_cluster_107","Renamed_cluster_107"
"SAMN21856268","Renamed_cluster_107","Renamed_cluster_107"
"SAMN21856283","Renamed_cluster_107","Renamed_cluster_107"
"SAMN21856348","Renamed_cluster_107","Renamed_cluster_107"
"SAMN21856356","Renamed_cluster_107","Renamed_cluster_107"
"SAMN21856369","Renamed_cluster_107","Renamed_cluster_107"
"SAMN21856372","Renamed_cluster_107","Renamed_cluster_107"
"SAMN27519608","Renamed_cluster_107","Renamed_cluster_107"
"SAMN27519623","Renamed_cluster_107","Renamed_cluster_107"
"SAMN27519627","Renamed_cluster_107","Renamed_cluster_107"
"SAMN27519881","Renamed_cluster_107","Renamed_cluster_107"
"SAMN27520021","Renamed_cluster_107","Renamed_cluster_107"
"SAMN27520047","Renamed_cluster_107","Renamed_cluster_107"
"SAMN27520073","Renamed_cluster_107","Renamed_cluster_107"
"SAMN27520146","Renamed_cluster_107","Renamed_cluster_107"
"SAMN27520154","Renamed_cluster_107","Renamed_cluster_107"
"SAMN27520189","Renamed_cluster_107","Renamed_cluster_107"
"SAMN27520215","Renamed_cluster_107","Renamed_cluster_107"
"SAMN31037903","Renamed_cluster_107","Renamed_cluster_107"
"SAMN33756161","Renamed_cluster_107","Renamed_cluster_107"
"SAMN33756181","Renamed_cluster_107","Renamed_cluster_107"
"SAMN33756201","Renamed_cluster_107","Renamed_cluster_107"
"SAMN33756205","Renamed_cluster_107","Renamed_cluster_107"
"SAMN33756213","Renamed_cluster_107","Renamed_cluster_107"
"SAMN33756215","Renamed_cluster_107","Renamed_cluster_107"
"SAMN33756243","Renamed_cluster_107","Renamed_cluster_107"
"SAMN33756285","Renamed_cluster_107","Renamed_cluster_107"
"SAMN33756316","Renamed_cluster_107","Renamed_cluster_107"
"SAMN33756319","Renamed_cluster_107","Renamed_cluster_107"
"SAMN33756338","Renamed_cluster_107","Renamed_cluster_107"
"SAMN33756340","Renamed_cluster_107","Renamed_cluster_107"
"SAMN33756346","Renamed_cluster_107","Renamed_cluster_107"
"SAMN33756379","Renamed_cluster_107","Renamed_cluster_107"
"SAMN33756382","Renamed_cluster_107","Renamed_cluster_107"
"SAMN33756386","Renamed_cluster_107","Renamed_cluster_107"
"SAMN33756422","Renamed_cluster_107","Renamed_cluster_107"
"SAMN33756487","Renamed_cluster_107","Renamed_cluster_107"
"SAMN33756528","Renamed_cluster_107","Renamed_cluster_107"
"SAMN33756548","Renamed_cluster_107","Renamed_cluster_107"
"SAMN33756560","Renamed_cluster_107","Renamed_cluster_107"
"SAMN33756572","Renamed_cluster_107","Renamed_cluster_107"
"SAMN35220614","Renamed_cluster_107","Renamed_cluster_107"
"SAMN35220619","Renamed_cluster_107","Renamed_cluster_107"
"SAMN35220630","Renamed_cluster_107","Renamed_cluster_107"
"SAMN35220638","Renamed_cluster_107","Renamed_cluster_107"
"SAMN40273061","Renamed_cluster_107","Renamed_cluster_107"
"SAMN40273067","Renamed_cluster_107","Renamed_cluster_107"
"SAMN40273069","Renamed_cluster_107","Renamed_cluster_107"
"SAMN40273086","Renamed_cluster_107","Renamed_cluster_107"
"SAMN40273092","Renamed_cluster_107","Renamed_cluster_107"
"SAMN40273124","Renamed_cluster_107","Renamed_cluster_107"
"SAMN40273129","Renamed_cluster_107","Renamed_cluster_107"
"SAMN40273173","Renamed_cluster_107","Renamed_cluster_107"
"SAMN40273240","Renamed_cluster_107","Renamed_cluster_107"
"SAMN40273270","Renamed_cluster_107","Renamed_cluster_107"
"SAMN40273276","Renamed_cluster_107","Renamed_cluster_107"
"SAMN40273283","Renamed_cluster_107","Renamed_cluster_107"
"SAMN40273284","Renamed_cluster_107","Renamed_cluster_107"
"SAMN40273298","Renamed_cluster_107","Renamed_cluster_107"
"SAMN40273302","Renamed_cluster_107","Renamed_cluster_107"
"SAMN40273333","Renamed_cluster_107","Renamed_cluster_107"
"SAMN40273344","Renamed_cluster_107","Renamed_cluster_107"
"SAMN40273381","Renamed_cluster_107","Renamed_cluster_107"
"SAMN40273433","Renamed_cluster_107","Renamed_cluster_107"
"SAMN40273466","Renamed_cluster_107","Renamed_cluster_107"
"SAMN40273494","Renamed_cluster_107","Renamed_cluster_107"
"SAMN40273502","Renamed_cluster_107","Renamed_cluster_107"
"SAMN40273536","Renamed_cluster_107","Renamed_cluster_107"
"SAMN40273537","Renamed_cluster_107","Renamed_cluster_107"
"SAMN40273568","Renamed_cluster_107","Renamed_cluster_107"
"SAMN40273580","Renamed_cluster_107","Renamed_cluster_107"
"SAMN40273688","Renamed_cluster_107","Renamed_cluster_107"
"SAMN40273733","Renamed_cluster_107","Renamed_cluster_107"
"SAMN40273754","Renamed_cluster_107","Renamed_cluster_107"
"SAMN40273756","Renamed_cluster_107","Renamed_cluster_107"
"SAMN40273760","Renamed_cluster_107","Renamed_cluster_107"
"SAMN40273800","Renamed_cluster_107","Renamed_cluster_107"
"SAMN41148346","Renamed_cluster_107","Renamed_cluster_107"
"SAMEA118265806","Renamed_cluster_106","Renamed_cluster_106"
"SAMEA114625863","Renamed_cluster_106","Renamed_cluster_106"
"SAMEA118265322","Renamed_cluster_105","Renamed_cluster_105"
"SAMEA118265334","Renamed_cluster_105","Renamed_cluster_105"
"SAMEA118265437","Renamed_cluster_105","Renamed_cluster_105"
"SAMEA118265869","Renamed_cluster_105","Renamed_cluster_105"
"SAMEA5076059","Renamed_cluster_105","Renamed_cluster_105"
"SAMEA5076076","Renamed_cluster_105","Renamed_cluster_105"
"SAMEA5076079","Renamed_cluster_105","Renamed_cluster_105"
"SAMEA5076115","Renamed_cluster_105","Renamed_cluster_105"
"SAMEA5076125","Renamed_cluster_105","Renamed_cluster_105"
"SAMEA5076168","Renamed_cluster_105","Renamed_cluster_105"
"SAMEA7549945","Renamed_cluster_105","Renamed_cluster_105"
"SAMEA8653175","Renamed_cluster_105","Renamed_cluster_105"
"SAMEA118265364","Renamed_cluster_104","Renamed_cluster_104"
"SAMEA118265366","Renamed_cluster_104","Renamed_cluster_104"
"SAMEA118265550","Renamed_cluster_104","Renamed_cluster_104"
"SAMEA118265571","Renamed_cluster_104","Renamed_cluster_104"
"SAMEA112799531","Renamed_cluster_104","Renamed_cluster_104"
"SAMEA112800227","Renamed_cluster_104","Renamed_cluster_104"
"SAMEA112800495","Renamed_cluster_104","Renamed_cluster_104"
"SAMEA6875566","Renamed_cluster_104","Renamed_cluster_104"
"SAMEA7548302","Renamed_cluster_104","Renamed_cluster_104"
"SAMEA7548908","Renamed_cluster_104","Renamed_cluster_104"
"SAMEA7551682","Renamed_cluster_104","Renamed_cluster_104"
"SAMEA7552818","Renamed_cluster_104","Renamed_cluster_104"
"SAMEA118265189","Renamed_cluster_103","Renamed_cluster_103"
"SAMEA118265238","Renamed_cluster_103","Renamed_cluster_103"
"SAMEA118265247","Renamed_cluster_103","Renamed_cluster_103"
"SAMEA118265394","Renamed_cluster_103","Renamed_cluster_103"
"SAMEA118265414","Renamed_cluster_103","Renamed_cluster_103"
"SAMEA118265477","Renamed_cluster_103","Renamed_cluster_103"
"SAMEA118265492","Renamed_cluster_103","Renamed_cluster_103"
"SAMEA118265594","Renamed_cluster_103","Renamed_cluster_103"
"SAMEA118265643","Renamed_cluster_103","Renamed_cluster_103"
"SAMEA118265672","Renamed_cluster_103","Renamed_cluster_103"
"SAMEA118265784","Renamed_cluster_103","Renamed_cluster_103"
"SAMEA118265786","Renamed_cluster_103","Renamed_cluster_103"
"SAMEA118265850","Renamed_cluster_103","Renamed_cluster_103"
"SAMEA112801480","Renamed_cluster_103","Renamed_cluster_103"
"SAMEA6875169","Renamed_cluster_103","Renamed_cluster_103"
"SAMEA6875170","Renamed_cluster_103","Renamed_cluster_103"
"SAMEA6875171","Renamed_cluster_103","Renamed_cluster_103"
"SAMEA7550815","Renamed_cluster_103","Renamed_cluster_103"
"SAMEA7551428","Renamed_cluster_103","Renamed_cluster_103"
"SAMEA7563553","Renamed_cluster_103","Renamed_cluster_103"
"SAMN28106864","Renamed_cluster_103","Renamed_cluster_103"
"SAMEA118265234","Renamed_cluster_102","Renamed_cluster_102"
"SAMEA3340421","Renamed_cluster_102","Renamed_cluster_102"
"SAMEA3344855","Renamed_cluster_102","Renamed_cluster_102"
"SAMEA5076074","Renamed_cluster_102","Renamed_cluster_102"
"SAMEA5076142","Renamed_cluster_102","Renamed_cluster_102"
"SAMEA5076151","Renamed_cluster_102","Renamed_cluster_102"
"SAMEA5076165","Renamed_cluster_102","Renamed_cluster_102"
"SAMEA118265210","Renamed_cluster_101","Renamed_cluster_101"
"SAMEA104362198","Renamed_cluster_101","Renamed_cluster_101"
"SAMEA5163759","Renamed_cluster_101","Renamed_cluster_101"
"SAMEA5163835","Renamed_cluster_101","Renamed_cluster_101"
"SAMEA7545276","Renamed_cluster_101","Renamed_cluster_101"
"SAMEA7545948","Renamed_cluster_101","Renamed_cluster_101"
"SAMEA7545951","Renamed_cluster_101","Renamed_cluster_101"
"SAMEA7546190","Renamed_cluster_101","Renamed_cluster_101"
"SAMEA7561975","Renamed_cluster_101","Renamed_cluster_101"
"SAMEA9976993","Renamed_cluster_101","Renamed_cluster_101"
"SAMEA9977526","Renamed_cluster_101","Renamed_cluster_101"
"SAMN05918592","Renamed_cluster_101","Renamed_cluster_101"
"SAMN06010397","Renamed_cluster_101","Renamed_cluster_101"
"SAMN13568467","Renamed_cluster_101","Renamed_cluster_101"
"SAMN40566517","Renamed_cluster_101","Renamed_cluster_101"
"SAMN41148746","Renamed_cluster_101","Renamed_cluster_101"
"SAMN41148866","Renamed_cluster_101","Renamed_cluster_101"
"SAMEA118265664","Renamed_cluster_100","Renamed_cluster_100"
"SAMEA104362055","Renamed_cluster_100","Renamed_cluster_100"
"SAMEA104362171","Renamed_cluster_100","Renamed_cluster_100"
"SAMEA104362213","Renamed_cluster_100","Renamed_cluster_100"
"SAMEA104362230","Renamed_cluster_100","Renamed_cluster_100"
"SAMEA104362359","Renamed_cluster_100","Renamed_cluster_100"
"SAMN13568324","Renamed_cluster_100","Renamed_cluster_100"
"SAMN13568440","Renamed_cluster_100","Renamed_cluster_100"
"SAMN13568499","Renamed_cluster_100","Renamed_cluster_100"
"SAMN13568584","Renamed_cluster_100","Renamed_cluster_100"
"SAMN13568628","Renamed_cluster_100","Renamed_cluster_100"
"SAMEA118265206","Renamed_cluster_10","Renamed_cluster_10"
"SAMEA118265719","Renamed_cluster_10","Renamed_cluster_10"
"SAMEA118265796","Renamed_cluster_10","Renamed_cluster_10"
"SAMEA5076063","Renamed_cluster_10","Renamed_cluster_10"
"SAMEA5076086","Renamed_cluster_10","Renamed_cluster_10"
"SAMEA5076107","Renamed_cluster_10","Renamed_cluster_10"
"SAMEA5076108","Renamed_cluster_10","Renamed_cluster_10"
"SAMN28538030","Renamed_cluster_10","Renamed_cluster_10"
"SAMEA118265617","Renamed_cluster_1","Renamed_cluster_1"
"SAMEA6875131","Renamed_cluster_1","Renamed_cluster_1"
"SAMEA6875132","Renamed_cluster_1","Renamed_cluster_1"
"SAMEA6875133","Renamed_cluster_1","Renamed_cluster_1"
"SAMEA118265494","Not_in_cluster_in_regular_phylo","Cluster_13277"
"SAMEA1102646","Not_in_cluster_in_regular_phylo","Cluster_14193"
"SAMEA1102648","Not_in_cluster_in_regular_phylo","Cluster_14193"
"SAMEA112799510","Not_in_cluster_in_regular_phylo","Cluster_14193"
"SAMEA112804689","Not_in_cluster_in_regular_phylo","Cluster_14193"
"SAMEA114625912","Not_in_cluster_in_regular_phylo","Cluster_14193"
"SAMEA6875145","Not_in_cluster_in_regular_phylo","Cluster_13277"
"SAMEA7550143","Not_in_cluster_in_regular_phylo","Cluster_14193"
"SAMEA7552386","Not_in_cluster_in_regular_phylo","Cluster_14193"
"SAMN03647230","Not_in_cluster_in_regular_phylo","Cluster_14193"
"SAMN31423404","Not_in_cluster_in_regular_phylo","Cluster_14193"
"SAMN31423502","Not_in_cluster_in_regular_phylo","Cluster_14193"
"SAMEA118265403","Renamed_cluster_179","Renamed_cluster_179"
"SAMEA118265466","Cluster_6917","Not_in_cluster_in_placed_phylo"
"SAMEA3334375","Renamed_cluster_179","Renamed_cluster_179"
"SAMEA5076071","Renamed_cluster_179","Renamed_cluster_179"
"SAMEA5076081","Renamed_cluster_179","Renamed_cluster_179"
"SAMEA5076146","Renamed_cluster_179","Renamed_cluster_179"
"SAMEA5076149","Renamed_cluster_179","Renamed_cluster_179"
"SAMEA114323137","Cluster_3794","Not_in_cluster_in_placed_phylo"
"SAMEA114323137","Cluster_3794","Not_in_cluster_in_placed_phylo"
"SAMEA6649914","Cluster_3794","Not_in_cluster_in_placed_phylo"
"SAMEA6875583","Cluster_3794","Not_in_cluster_in_placed_phylo"
"SAMEA118265257","Cluster_15155","Not_in_cluster_in_placed_phylo"
"SAMEA6875422","Cluster_15155","Not_in_cluster_in_placed_phylo"
"SAMEA118265788","Renamed_cluster_180","Renamed_cluster_180"
"SAMEA1010878","Renamed_cluster_180","Renamed_cluster_180"
"SAMEA110013006","Renamed_cluster_180","Renamed_cluster_180"
"SAMEA110013010","Cluster_14902","Not_in_cluster_in_placed_phylo"
"SAMEA110013262","Cluster_14902","Not_in_cluster_in_placed_phylo"
"SAMEA110013265","Renamed_cluster_180","Renamed_cluster_180"
"SAMEA110013266","Renamed_cluster_180","Renamed_cluster_180"
"SAMEA110013465","Renamed_cluster_180","Renamed_cluster_180"
"SAMEA110013466","Renamed_cluster_180","Renamed_cluster_180"
"SAMEA110013470","Renamed_cluster_180","Renamed_cluster_180"
"SAMEA110013493","Renamed_cluster_180","Renamed_cluster_180"
"SAMEA110013494","Renamed_cluster_180","Renamed_cluster_180"
"SAMEA110024196","Cluster_14902","Not_in_cluster_in_placed_phylo"
"SAMEA110024201","Renamed_cluster_180","Renamed_cluster_180"
"SAMEA110024229","Cluster_14902","Not_in_cluster_in_placed_phylo"
"SAMEA110024232","Cluster_14902","Cluster_14997"
"SAMEA110031460","Cluster_14902","Not_in_cluster_in_placed_phylo"
"SAMEA110031526","Renamed_cluster_180","Renamed_cluster_180"
"SAMEA110031549","Cluster_14902","Not_in_cluster_in_placed_phylo"
"SAMEA110031558","Cluster_14902","Not_in_cluster_in_placed_phylo"
"SAMEA110037045","Renamed_cluster_180","Renamed_cluster_180"
"SAMEA110037063","Renamed_cluster_180","Renamed_cluster_180"
"SAMEA110037100","Cluster_14902","Not_in_cluster_in_placed_phylo"
"SAMEA110037132","Renamed_cluster_180","Renamed_cluster_180"
"SAMEA110037138","Cluster_14902","Not_in_cluster_in_placed_phylo"
"SAMEA110037147","Cluster_14902","Not_in_cluster_in_placed_phylo"
"SAMEA110040815","Cluster_14902","Not_in_cluster_in_placed_phylo"
"SAMEA110040817","Renamed_cluster_180","Renamed_cluster_180"
"SAMEA110040818","Cluster_14902","Not_in_cluster_in_placed_phylo"
"SAMEA110040909","Renamed_cluster_180","Renamed_cluster_180"
"SAMEA110046454","Renamed_cluster_180","Renamed_cluster_180"
"SAMEA110046470","Cluster_14902","Not_in_cluster_in_placed_phylo"
"SAMEA110051921","Cluster_14902","Not_in_cluster_in_placed_phylo"
"SAMEA110051931","Cluster_14902","Not_in_cluster_in_placed_phylo"
"SAMEA110051953","Renamed_cluster_180","Renamed_cluster_180"
"SAMEA1118185","Cluster_14902","Not_in_cluster_in_placed_phylo"
"SAMEA112799022","Renamed_cluster_180","Renamed_cluster_180"
"SAMEA112799310","Cluster_14902","Not_in_cluster_in_placed_phylo"
"SAMEA112799619","Renamed_cluster_180","Renamed_cluster_180"
"SAMEA112799720","Cluster_14902","Not_in_cluster_in_placed_phylo"
"SAMEA112801211","Renamed_cluster_180","Renamed_cluster_180"
"SAMEA112801567","Renamed_cluster_180","Renamed_cluster_180"
"SAMEA112806827","Renamed_cluster_180","Renamed_cluster_180"
"SAMEA112806883","Renamed_cluster_180","Renamed_cluster_180"
"SAMEA112806886","Renamed_cluster_180","Renamed_cluster_180"
"SAMEA114625935","Cluster_14902","Not_in_cluster_in_placed_phylo"
"SAMEA14269197","Cluster_14902","Not_in_cluster_in_placed_phylo"
"SAMEA14459915","Renamed_cluster_180","Renamed_cluster_180"
"SAMEA14459937","Renamed_cluster_180","Renamed_cluster_180"
"SAMEA14459941","Renamed_cluster_180","Renamed_cluster_180"
"SAMEA14459968","Renamed_cluster_180","Renamed_cluster_180"
"SAMEA14459984","Renamed_cluster_180","Renamed_cluster_180"
"SAMEA14460006","Renamed_cluster_180","Renamed_cluster_180"
"SAMEA14460013","Renamed_cluster_180","Renamed_cluster_180"
"SAMEA14460016","Renamed_cluster_180","Renamed_cluster_180"
"SAMEA14460018","Renamed_cluster_180","Renamed_cluster_180"
"SAMEA14460066","Cluster_14902","Not_in_cluster_in_placed_phylo"
"SAMEA14460081","Cluster_14902","Not_in_cluster_in_placed_phylo"
"SAMEA14460100","Cluster_14902","Not_in_cluster_in_placed_phylo"
"SAMEA14460107","Renamed_cluster_180","Renamed_cluster_180"
"SAMEA14460113","Cluster_14902","Not_in_cluster_in_placed_phylo"
"SAMEA14460123","Renamed_cluster_180","Renamed_cluster_180"
"SAMEA14460124","Renamed_cluster_180","Renamed_cluster_180"
"SAMEA14460130","Renamed_cluster_180","Renamed_cluster_180"
"SAMEA14460153","Cluster_14902","Not_in_cluster_in_placed_phylo"
"SAMEA14460212","Renamed_cluster_180","Renamed_cluster_180"
"SAMEA14460216","Renamed_cluster_180","Renamed_cluster_180"
"SAMEA14460233","Cluster_14902","Not_in_cluster_in_placed_phylo"
"SAMEA14460247","Renamed_cluster_180","Renamed_cluster_180"
"SAMEA14460289","Cluster_14902","Not_in_cluster_in_placed_phylo"
"SAMEA14460291","Cluster_14902","Not_in_cluster_in_placed_phylo"
"SAMEA14460299","Renamed_cluster_180","Renamed_cluster_180"
"SAMEA14460322","Renamed_cluster_180","Renamed_cluster_180"
"SAMEA14460326","Cluster_14902","Not_in_cluster_in_placed_phylo"
"SAMEA3671440","Renamed_cluster_180","Renamed_cluster_180"
"SAMEA6455949","Cluster_14902","Not_in_cluster_in_placed_phylo"
"SAMEA6456246","Renamed_cluster_180","Renamed_cluster_180"
"SAMEA6875524","Cluster_14902","Not_in_cluster_in_placed_phylo"
"SAMEA6875530","Cluster_14902","Not_in_cluster_in_placed_phylo"
"SAMEA6875549","Cluster_14902","Not_in_cluster_in_placed_phylo"
"SAMEA7549341","Renamed_cluster_180","Renamed_cluster_180"
"SAMEA7561376","Cluster_14902","Not_in_cluster_in_placed_phylo"
"SAMEA7561381","Cluster_14902","Not_in_cluster_in_placed_phylo"
"SAMEA7561952","Cluster_14902","Not_in_cluster_in_placed_phylo"
"SAMEA7562289","Renamed_cluster_180","Renamed_cluster_180"
"SAMN09090363","Cluster_14902","Not_in_cluster_in_placed_phylo"
"SAMN09090378","Renamed_cluster_180","Renamed_cluster_180"
"SAMN09090380","Cluster_14902","Not_in_cluster_in_placed_phylo"
"SAMN27763804","Cluster_14902","Not_in_cluster_in_placed_phylo"
"SAMN28538178","Renamed_cluster_180","Renamed_cluster_180"
"SAMN41148707","Cluster_14902","Not_in_cluster_in_placed_phylo"
"SAMEA118265212","Cluster_14383","Not_in_cluster_in_placed_phylo"
"SAMEA7554206","Cluster_14383","Not_in_cluster_in_placed_phylo"
"SAMEA118265115","Cluster_14137","Cluster_14193"
"SAMEA118265233","Renamed_cluster_181","Renamed_cluster_181"
"SAMEA118265335","Renamed_cluster_181","Renamed_cluster_181"
"SAMEA118265476","Renamed_cluster_181","Renamed_cluster_181"
"SAMEA118265480","Renamed_cluster_181","Renamed_cluster_181"
"SAMEA118265485","Renamed_cluster_181","Renamed_cluster_181"
"SAMEA118265528","Renamed_cluster_181","Renamed_cluster_181"
"SAMEA118265588","Renamed_cluster_181","Renamed_cluster_181"
"SAMEA118265595","Renamed_cluster_181","Renamed_cluster_181"
"SAMEA118265848","Renamed_cluster_181","Renamed_cluster_181"
"SAMEA3316434","Renamed_cluster_181","Renamed_cluster_181"
"SAMEA3340435","Renamed_cluster_181","Renamed_cluster_181"
"SAMEA5076056","Renamed_cluster_181","Renamed_cluster_181"
"SAMEA5076084","Renamed_cluster_181","Renamed_cluster_181"
"SAMEA5076093","Renamed_cluster_181","Renamed_cluster_181"
"SAMEA5076097","Renamed_cluster_181","Renamed_cluster_181"
"SAMEA5076098","Renamed_cluster_181","Renamed_cluster_181"
"SAMEA5076113","Renamed_cluster_181","Renamed_cluster_181"
"SAMEA5076121","Renamed_cluster_181","Renamed_cluster_181"
"SAMEA5076141","Renamed_cluster_181","Renamed_cluster_181"
"SAMEA5076144","Renamed_cluster_181","Renamed_cluster_181"
"SAMEA5076163","Renamed_cluster_181","Renamed_cluster_181"
"SAMEA118265277","Renamed_cluster_182","Renamed_cluster_182"
"SAMEA118265448","Renamed_cluster_182","Renamed_cluster_182"
"SAMEA118265584","Renamed_cluster_182","Renamed_cluster_182"
"SAMEA118265596","Renamed_cluster_182","Renamed_cluster_182"
"SAMEA118265604","Renamed_cluster_182","Renamed_cluster_182"
"SAMEA118265667","Renamed_cluster_182","Renamed_cluster_182"
"SAMEA112799021","Cluster_11754","Not_in_cluster_in_placed_phylo"
"SAMEA112799224","Cluster_11754","Not_in_cluster_in_placed_phylo"
"SAMEA112799496","Cluster_11754","Not_in_cluster_in_placed_phylo"
"SAMEA112799756","Cluster_11754","Not_in_cluster_in_placed_phylo"
"SAMEA112799786","Cluster_11754","Not_in_cluster_in_placed_phylo"
"SAMEA112799864","Cluster_11754","Not_in_cluster_in_placed_phylo"
"SAMEA112799898","Cluster_11754","Not_in_cluster_in_placed_phylo"
"SAMEA112799943","Cluster_11754","Not_in_cluster_in_placed_phylo"
"SAMEA112800086","Cluster_11754","Not_in_cluster_in_placed_phylo"
"SAMEA112800452","Cluster_11754","Not_in_cluster_in_placed_phylo"
"SAMEA112800502","Cluster_11754","Not_in_cluster_in_placed_phylo"
"SAMEA112800686","Cluster_11754","Not_in_cluster_in_placed_phylo"
"SAMEA112800983","Cluster_11754","Not_in_cluster_in_placed_phylo"
"SAMEA112801224","Cluster_11754","Not_in_cluster_in_placed_phylo"
"SAMEA112801336","Cluster_11754","Not_in_cluster_in_placed_phylo"
"SAMEA112801374","Cluster_11754","Not_in_cluster_in_placed_phylo"
"SAMEA112801416","Cluster_11754","Not_in_cluster_in_placed_phylo"
"SAMEA112801545","Cluster_11754","Not_in_cluster_in_placed_phylo"
"SAMEA112801706","Cluster_11754","Not_in_cluster_in_placed_phylo"
"SAMEA112801740","Cluster_11754","Not_in_cluster_in_placed_phylo"
"SAMEA112801912","Cluster_11754","Not_in_cluster_in_placed_phylo"
"SAMEA112803859","Cluster_11754","Not_in_cluster_in_placed_phylo"
"SAMEA112804063","Cluster_11754","Not_in_cluster_in_placed_phylo"
"SAMEA14269148","Cluster_11754","Not_in_cluster_in_placed_phylo"
"SAMEA2533934","Cluster_11754","Not_in_cluster_in_placed_phylo"
"SAMEA3252168","Cluster_11754","Not_in_cluster_in_placed_phylo"
"SAMEA3257671","Cluster_11754","Not_in_cluster_in_placed_phylo"
"SAMEA3359344","Renamed_cluster_182","Renamed_cluster_182"
"SAMEA3359395","Renamed_cluster_182","Renamed_cluster_182"
"SAMEA3375492","Renamed_cluster_182","Renamed_cluster_182"
"SAMEA3392408","Cluster_11754","Not_in_cluster_in_placed_phylo"
"SAMEA3445005","Cluster_11754","Not_in_cluster_in_placed_phylo"
"SAMEA3445043","Cluster_11754","Not_in_cluster_in_placed_phylo"
"SAMEA3449647","Cluster_11754","Not_in_cluster_in_placed_phylo"
"SAMEA6875375","Renamed_cluster_182","Renamed_cluster_182"
"SAMEA7547950","Renamed_cluster_182","Renamed_cluster_182"
"SAMEA7548199","Renamed_cluster_182","Renamed_cluster_182"
"SAMEA7549141","Renamed_cluster_182","Renamed_cluster_182"
"SAMEA7549413","Renamed_cluster_182","Renamed_cluster_182"
"SAMEA7549416","Renamed_cluster_182","Renamed_cluster_182"
"SAMEA7549451","Renamed_cluster_182","Renamed_cluster_182"
"SAMEA7550044","Renamed_cluster_182","Renamed_cluster_182"
"SAMEA7550248","Renamed_cluster_182","Renamed_cluster_182"
"SAMEA7550547","Renamed_cluster_182","Renamed_cluster_182"
"SAMEA7550681","Renamed_cluster_182","Renamed_cluster_182"
"SAMEA7552003","Renamed_cluster_182","Renamed_cluster_182"
"SAMEA7552068","Renamed_cluster_182","Renamed_cluster_182"
"SAMEA7552184","Renamed_cluster_182","Renamed_cluster_182"
"SAMEA7552429","Renamed_cluster_182","Renamed_cluster_182"
"SAMEA7552635","Renamed_cluster_182","Renamed_cluster_182"
"SAMEA7552816","Renamed_cluster_182","Renamed_cluster_182"
"SAMEA7552828","Renamed_cluster_182","Renamed_cluster_182"
"SAMEA7553099","Renamed_cluster_182","Renamed_cluster_182"
"SAMEA7553192","Renamed_cluster_182","Renamed_cluster_182"
"SAMEA7553375","Renamed_cluster_182","Renamed_cluster_182"
"SAMEA7553552","Renamed_cluster_182","Renamed_cluster_182"
"SAMEA7553969","Renamed_cluster_182","Renamed_cluster_182"
"SAMEA7554073","Renamed_cluster_182","Renamed_cluster_182"
"SAMEA7554209","Renamed_cluster_182","Renamed_cluster_182"
"SAMEA7554332","Renamed_cluster_182","Renamed_cluster_182"
"SAMEA7554623","Renamed_cluster_182","Renamed_cluster_182"
"SAMEA7554823","Renamed_cluster_182","Renamed_cluster_182"
"SAMEA7554915","Renamed_cluster_182","Renamed_cluster_182"
"SAMEA7555116","Cluster_11754","Not_in_cluster_in_placed_phylo"
"SAMEA7555380","Renamed_cluster_182","Renamed_cluster_182"
"SAMEA7555469","Renamed_cluster_182","Renamed_cluster_182"
"SAMEA7561893","Cluster_11754","Not_in_cluster_in_placed_phylo"
"SAMEA7561938","Renamed_cluster_182","Renamed_cluster_182"
"SAMEA7561987","Renamed_cluster_182","Renamed_cluster_182"
"SAMEA7562072","Cluster_11754","Not_in_cluster_in_placed_phylo"
"SAMEA7562081","Cluster_11754","Not_in_cluster_in_placed_phylo"
"SAMEA7830684","Cluster_11754","Not_in_cluster_in_placed_phylo"
"SAMN06847294","Cluster_11754","Not_in_cluster_in_placed_phylo"
"SAMN07659780","Renamed_cluster_182","Renamed_cluster_182"
"SAMN10458094","Cluster_11754","Not_in_cluster_in_placed_phylo"
"SAMN13961784","Cluster_11754","Not_in_cluster_in_placed_phylo"
"SAMN13961785","Cluster_11754","Not_in_cluster_in_placed_phylo"
"SAMN13961786","Cluster_11754","Not_in_cluster_in_placed_phylo"
"SAMN13961787","Cluster_11754","Not_in_cluster_in_placed_phylo"
"SAMN16966066","Renamed_cluster_182","Renamed_cluster_182"
"SAMN16966075","Renamed_cluster_182","Renamed_cluster_182"
"SAMN16966089","Renamed_cluster_182","Renamed_cluster_182"
"SAMN16966097","Renamed_cluster_182","Renamed_cluster_182"
"SAMN16966154","Renamed_cluster_182","Renamed_cluster_182"
"SAMN16966159","Renamed_cluster_182","Renamed_cluster_182"
"SAMN16966176","Renamed_cluster_182","Renamed_cluster_182"
"SAMN16966189","Renamed_cluster_182","Renamed_cluster_182"
"SAMN16966214","Renamed_cluster_182","Renamed_cluster_182"
"SAMN16966224","Renamed_cluster_182","Renamed_cluster_182"
"SAMN16966233","Renamed_cluster_182","Renamed_cluster_182"
"SAMN16966238","Renamed_cluster_182","Renamed_cluster_182"
"SAMN17277797","Cluster_11754","Not_in_cluster_in_placed_phylo"
"SAMN17277800","Cluster_11754","Not_in_cluster_in_placed_phylo"
"SAMN17277802","Cluster_11754","Not_in_cluster_in_placed_phylo"
"SAMN17277803","Cluster_11754","Not_in_cluster_in_placed_phylo"
"SAMN17277805","Cluster_11754","Not_in_cluster_in_placed_phylo"
"SAMN17277806","Cluster_11754","Not_in_cluster_in_placed_phylo"
"SAMN17277807","Cluster_11754","Not_in_cluster_in_placed_phylo"
"SAMN18035298","Renamed_cluster_182","Renamed_cluster_182"
"SAMN21156925","Cluster_11754","Not_in_cluster_in_placed_phylo"
"SAMN21156926","Cluster_11754","Not_in_cluster_in_placed_phylo"
"SAMN21156927","Cluster_11754","Not_in_cluster_in_placed_phylo"
"SAMN21156928","Cluster_11754","Not_in_cluster_in_placed_phylo"
"SAMN21156929","Cluster_11754","Not_in_cluster_in_placed_phylo"
"SAMN21156930","Cluster_11754","Not_in_cluster_in_placed_phylo"
"SAMN21156931","Cluster_11754","Not_in_cluster_in_placed_phylo"
"SAMN21616669","Renamed_cluster_182","Renamed_cluster_182"
"SAMN21616692","Renamed_cluster_182","Renamed_cluster_182"
"SAMN21616814","Renamed_cluster_182","Renamed_cluster_182"
"SAMN21616898","Renamed_cluster_182","Renamed_cluster_182"
"SAMN21616964","Renamed_cluster_182","Renamed_cluster_182"
"SAMN21616998","Renamed_cluster_182","Renamed_cluster_182"
"SAMN21857526","Renamed_cluster_182","Renamed_cluster_182"
"SAMN21857752","Renamed_cluster_182","Renamed_cluster_182"
"SAMN21880277","Renamed_cluster_182","Renamed_cluster_182"
"SAMN21882831","Renamed_cluster_182","Renamed_cluster_182"
"SAMN24892037","Cluster_11754","Not_in_cluster_in_placed_phylo"
"SAMN24892038","Cluster_11754","Not_in_cluster_in_placed_phylo"
"SAMN24892039","Cluster_11754","Not_in_cluster_in_placed_phylo"
"SAMN24892040","Cluster_11754","Not_in_cluster_in_placed_phylo"
"SAMN24892045","Cluster_11754","Not_in_cluster_in_placed_phylo"
"SAMN24892046","Cluster_11754","Not_in_cluster_in_placed_phylo"
"SAMN24892047","Cluster_11754","Not_in_cluster_in_placed_phylo"
"SAMN24892048","Cluster_11754","Not_in_cluster_in_placed_phylo"
"SAMN24892049","Cluster_11754","Not_in_cluster_in_placed_phylo"
"SAMN24892050","Cluster_11754","Not_in_cluster_in_placed_phylo"
"SAMN24892051","Cluster_11754","Not_in_cluster_in_placed_phylo"
"SAMN24892052","Cluster_11754","Not_in_cluster_in_placed_phylo"
"SAMN24892053","Cluster_11754","Not_in_cluster_in_placed_phylo"
"SAMN24892054","Cluster_11754","Not_in_cluster_in_placed_phylo"
"SAMN24892055","Cluster_11754","Not_in_cluster_in_placed_phylo"
"SAMN24892056","Cluster_11754","Not_in_cluster_in_placed_phylo"
"SAMN27743973","Renamed_cluster_182","Renamed_cluster_182"
"SAMN27762224","Renamed_cluster_182","Renamed_cluster_182"
"SAMN27762526","Renamed_cluster_182","Renamed_cluster_182"
"SAMN27763797","Renamed_cluster_182","Renamed_cluster_182"
"SAMN31257360","Cluster_11754","Not_in_cluster_in_placed_phylo"
"SAMN34257603","Renamed_cluster_182","Renamed_cluster_182"
"SAMN34257604","Renamed_cluster_182","Renamed_cluster_182"
"SAMN34257605","Renamed_cluster_182","Renamed_cluster_182"
"SAMN34257606","Renamed_cluster_182","Renamed_cluster_182"
"SAMN34257607","Renamed_cluster_182","Renamed_cluster_182"
"SAMN35621634","Renamed_cluster_182","Renamed_cluster_182"
"SAMN39286573","Renamed_cluster_182","Renamed_cluster_182"
"SAMN39286575","Renamed_cluster_182","Renamed_cluster_182"
"SAMN39286672","Renamed_cluster_182","Renamed_cluster_182"
"SAMN39286673","Renamed_cluster_182","Renamed_cluster_182"
"SAMN39286675","Renamed_cluster_182","Renamed_cluster_182"
"SAMN39286676","Renamed_cluster_182","Renamed_cluster_182"
"SAMN39286679","Renamed_cluster_182","Renamed_cluster_182"
"SAMN39286680","Renamed_cluster_182","Renamed_cluster_182"
"SAMN39286681","Renamed_cluster_182","Renamed_cluster_182"
"SAMN39286700","Renamed_cluster_182","Renamed_cluster_182"
"SAMN39286857","Renamed_cluster_182","Renamed_cluster_182"
"SAMN39286858","Renamed_cluster_182","Renamed_cluster_182"
"SAMN39286859","Renamed_cluster_182","Renamed_cluster_182"
"SAMN39286868","Renamed_cluster_182","Renamed_cluster_182"
"SAMN39286869","Renamed_cluster_182","Renamed_cluster_182"
"SAMN39286871","Renamed_cluster_182","Renamed_cluster_182"
"SAMN39286872","Renamed_cluster_182","Renamed_cluster_182"
"SAMN39286874","Renamed_cluster_182","Renamed_cluster_182"
"SAMN39286876","Renamed_cluster_182","Renamed_cluster_182"
"SAMN39286921","Renamed_cluster_182","Renamed_cluster_182"
"SAMN39286975","Renamed_cluster_182","Renamed_cluster_182"
"SAMN39287002","Renamed_cluster_182","Renamed_cluster_182"
"SAMN39287018","Renamed_cluster_182","Renamed_cluster_182"
"SAMN39287032","Renamed_cluster_182","Renamed_cluster_182"
"SAMN39287043","Renamed_cluster_182","Renamed_cluster_182"
"SAMN39287073","Renamed_cluster_182","Renamed_cluster_182"
"SAMN39287126","Cluster_11754","Not_in_cluster_in_placed_phylo"
"SAMN40528874","Renamed_cluster_182","Renamed_cluster_182"
"SAMN40566299","Renamed_cluster_182","Renamed_cluster_182"
"SAMN40566304","Renamed_cluster_182","Renamed_cluster_182"
"SAMN40566312","Renamed_cluster_182","Renamed_cluster_182"
"SAMN40566582","Renamed_cluster_182","Renamed_cluster_182"
"SAMN40566597","Renamed_cluster_182","Renamed_cluster_182"
"SAMN40566599","Renamed_cluster_182","Renamed_cluster_182"
"SAMN40566610","Renamed_cluster_182","Renamed_cluster_182"
"SAMN40566612","Renamed_cluster_182","Renamed_cluster_182"
"SAMN40566615","Renamed_cluster_182","Renamed_cluster_182"
"SAMN40566625","Renamed_cluster_182","Renamed_cluster_182"
"SAMN40566626","Renamed_cluster_182","Renamed_cluster_182"
"SAMN40566627","Renamed_cluster_182","Renamed_cluster_182"
"SAMN40566628","Renamed_cluster_182","Renamed_cluster_182"
"SAMN40566629","Renamed_cluster_182","Renamed_cluster_182"
"SAMN40566635","Renamed_cluster_182","Renamed_cluster_182"
"SAMN40566636","Renamed_cluster_182","Renamed_cluster_182"
"SAMN41146489","Renamed_cluster_182","Renamed_cluster_182"
"SAMN41146527","Renamed_cluster_182","Renamed_cluster_182"
"SAMN41146576","Renamed_cluster_182","Renamed_cluster_182"
"SAMN41146593","Renamed_cluster_182","Renamed_cluster_182"
"SAMN41146627","Renamed_cluster_182","Renamed_cluster_182"
"SAMN41146659","Renamed_cluster_182","Renamed_cluster_182"
"SAMN41146661","Renamed_cluster_182","Renamed_cluster_182"
"SAMN41146687","Renamed_cluster_182","Renamed_cluster_182"
"SAMN41148437","Renamed_cluster_182","Renamed_cluster_182"
"SAMN41148481","Renamed_cluster_182","Renamed_cluster_182"
"SAMN41148596","Renamed_cluster_182","Renamed_cluster_182"
"SAMN41148616","Renamed_cluster_182","Renamed_cluster_182"
"SAMN41154449","Renamed_cluster_182","Renamed_cluster_182"
"SAMN41154559","Renamed_cluster_182","Renamed_cluster_182"
"SAMN41154680","Renamed_cluster_182","Renamed_cluster_182"
"SAMN41154720","Renamed_cluster_182","Renamed_cluster_182"
"SAMN41154833","Renamed_cluster_182","Renamed_cluster_182"
"SAMN41154844","Renamed_cluster_182","Renamed_cluster_182"
"SAMN41154879","Renamed_cluster_182","Renamed_cluster_182"
"SAMN41154943","Renamed_cluster_182","Renamed_cluster_182"
"SAMN41154973","Renamed_cluster_182","Renamed_cluster_182"
