Cluster	Samples
Cluster_10	SAMEA5076123,SAMEA5076133,SAMEA5076131,SAMEA5076132,SAMEA6875560
Cluster_100	SAMEA118265295,SAMEA118265537,SAMEA118265538
Cluster_101	SAMEA118265778,SAMEA118265779
Cluster_102	SAMEA118265749,SAMEA118265810
Cluster_103	SAMEA118265672,SAMEA118265238,SAMEA118265786,SAMEA118265394,SAMEA6875169,SAMEA118265414,SAMEA118265594,SAMEA118265477,SAMEA118265850,SAMEA118265247,SAMEA118265784,SAMEA6875171,SAMEA118265492,SAMEA118265643,SAMEA6875170
Cluster_104	SAMEA118265213,SAMEA6875091,SAMEA6875090
Cluster_107	SAMEA6875235,SAMEA6875234,SAMEA118265475
Cluster_108	SAMEA6875443,SAMEA118265220
Cluster_109	SAMEA118265317,SAMEA118265314
Cluster_11	SAMEA118265248,SAMEA118265253,SAMEA118265758
Cluster_110	SAMEA118265207,SAMEA6875662
Cluster_111	SAMEA118265702,SAMEA118265715
Cluster_112	SAMEA118265227,SAMEA6875349
Cluster_115	SAMEA118265434,SAMEA118265290,SAMEA6875585
Cluster_116	SAMEA6875161,SAMEA118265514,SAMEA6875162,SAMEA6875160,SAMEA118265135,SAMEA118265765
Cluster_117	SAMEA118265634,SAMEA6875511
Cluster_118	SAMEA118265473,SAMEA5076164,SAMEA5076111,SAMEA118265449,SAMEA104221066,SAMEA104221062,SAMEA118265340,SAMEA5076139
Cluster_12	SAMEA6875470,SAMEA118265640,SAMEA118265605,SAMEA118265591
Cluster_121	SAMEA118265296,SAMEA118265352,SAMEA118265148,SAMEA118265185,SAMEA6875194,SAMEA118265120,SAMEA6875193
Cluster_123	SAMEA118265260,SAMEA6875516,SAMEA118265560
Cluster_124	SAMEA6875047,SAMEA118265141,SAMEA6875046,SAMEA6875045,SAMEA118265463
Cluster_125	SAMEA6875203,SAMEA118265136,SAMEA118265216,SAMEA118265137,SAMEA118265341,SAMEA118265140,SAMEA6875204
Cluster_126	SAMEA118265172,SAMEA118265105,SAMEA6875149,SAMEA118265488,SAMEA6875148
Cluster_128	SAMEA118265530,SAMEA5076135,SAMEA5076159,SAMEA5076103,SAMEA5076102,SAMEA5076110
Cluster_13	SAMEA6875187,SAMEA118265472,SAMEA6875189,SAMEA6875188
Cluster_130	SAMEA6875432,SAMEA118265686,SAMEA118265577,SAMEA118265239
Cluster_131	SAMEA118265822,SAMEA118265735
Cluster_132	SAMEA6875197,SAMEA6875198,SAMEA118265467,SAMEA118265465
Cluster_133	SAMEA118265228,SAMEA118265760
Cluster_134	SAMEA6875114,SAMEA118265410,SAMEA6875115,SAMEA118265661,SAMEA118265411,SAMEA118265318,SAMEA6875113,SAMEA118265662
Cluster_135	SAMEA6875072,SAMEA118265191,SAMEA118265187,SAMEA6875071
Cluster_136	SAMEA118265570,SAMEA118265401,SAMEA6875362,SAMEA118265161
Cluster_139	SAMEA5076149,SAMEA5076146,SAMEA5076081,SAMEA5076071,SAMEA118265403,SAMEA118265466
Cluster_14	SAMEA118265459,SAMEA118265460
Cluster_140	SAMEA6875030,SAMEA118265653,SAMEA6875029,SAMEA6875031
Cluster_141	SAMEA118265113,SAMEA118265638,SAMEA118265389,SAMEA118265272,SAMEA6875293,SAMEA118265835
Cluster_142	SAMEA118265158,SAMEA118265844
Cluster_144	SAMEA118265436,SAMEA6875269
Cluster_145	SAMEA6875462,SAMEA118265722
Cluster_146	SAMEA6875515,SAMEA118265152
Cluster_149	SAMEA6875558,SAMEA118265773
Cluster_150	SAMEA118265714,SAMEA118265713
Cluster_151	SAMEA118265770,SAMEA6875552
Cluster_152	SAMEA6875476,SAMEA118265131
Cluster_153	SAMEA5076114,SAMEA118265223,SAMEA118265761,SAMEA5076104,SAMEA5076112,SAMEA5076078,SAMEA5076087,SAMEA5076070
Cluster_155	SAMEA118265494,SAMEA6875145
Cluster_156	SAMEA118265419,SAMEA118265413,SAMEA118265163,SAMEA118265427,SAMEA118265412,SAMEA118265266
Cluster_157	SAMEA118265328,SAMEA118265329
Cluster_161	SAMEA118265572,SAMEA6875052
Cluster_162	SAMEA118265559,SAMEA118265166
Cluster_165	SAMEA118265243,SAMEA6875611
Cluster_166	SAMEA6875196,SAMEA118265273,SAMEA118265853,SAMEA6875195,SAMEA118265478
Cluster_167	SAMEA118265630,SAMEA6875564
Cluster_168	SAMEA6875080,SAMEA118265763,SAMEA6875081,SAMEA118265512,SAMEA118265343,SAMEA118265132
Cluster_169	SAMEA6875136,SAMEA6875137,SAMEA118265531
Cluster_17	SAMEA118265372,SAMEA118265371,SAMEA6875665
Cluster_171	SAMEA6875317,SAMEA118265623
Cluster_174	SAMEA118265685,SAMEA118265593
Cluster_177	SAMEA118265130,SAMEA118265432,SAMEA6875527,SAMEA118265431,SAMEA118265820
Cluster_178	SAMEA5076137,SAMEA5076101,SAMEA5076156,SAMEA118265671
Cluster_179	SAMEA6875563,SAMEA118265708
Cluster_181	SAMEA118265333,SAMEA6875504
Cluster_182	SAMEA118265495,SAMEA118265556,SAMEA118265499,SAMEA118265733,SAMEA6875153
Cluster_183	SAMEA118265565,SAMEA6875431
Cluster_185	SAMEA5076079,SAMEA5076125,SAMEA118265869,SAMEA118265334,SAMEA118265322,SAMEA5076168,SAMEA5076059,SAMEA5076076,SAMEA5076115,SAMEA118265437
Cluster_186	SAMEA118265363,SAMEA118265615,SAMEA118265231,G2176m,SAMEA6875620
Cluster_187	SAMEA6875422,SAMEA118265257
Cluster_189	SAMEA118265179,SAMEA118265670,SAMEA6875154,SAMEA118265170,SAMEA118265818,SAMEA6875156,SAMEA118265351,SAMEA6875155,SAMEA118265348
Cluster_19	SAMEA118265192,SAMEA118265271
Cluster_191	SAMEA5076061,SAMEA118265188,SAMEA118265426,SAMEA5076140,SAMEA118265285,SAMEA118265834,SAMEA5076065,SAMEA5076080,SAMEA118265289,SAMEA5076128,SAMEA118265439,SAMEA118265194,SAMEA118265281,SAMEA118265286,SAMEA5076072,SAMEA118265186,SAMEA5076127,SAMEA5076138
Cluster_192	SAMEA118265819,SAMEA5076069,SAMEA5076085,SAMEA118265112,SAMEA5076094,SAMEA118265298,SAMEA5076075,SAMEA5076124,SAMEA5076054
Cluster_193	SAMEA5076142,SAMEA5076165,SAMEA5076151,SAMEA5076074,SAMEA118265234
Cluster_194	SAMEA6875063,SAMEA118265406,SAMEA6875064,SAMEA118265400
Cluster_195	SAMEA118265491,SAMEA118265609
Cluster_196	SAMEA6875152,SAMEA118265599,SAMEA118265417
Cluster_20	SAMEA118265780,SAMEA118265781,SAMEA118265748,SAMEA118265731
Cluster_21	SAMEA118265705,SAMEA118265703
Cluster_23	SAMEA118265543,SAMEA118265542
Cluster_24	SAMEA118265680,SAMEA118265357,SAMEA6875643
Cluster_25	SAMEA6875175,SAMEA114323139,SAMEA118265270,SAMEA6875176,SAMEA6875177
Cluster_27	SAMEA118265346,SAMEA118265342,SAMEA118265344,SAMEA118265327
Cluster_3	SAMEA118265482,SAMEA118265513,SAMEA118265515
Cluster_30	SAMEA5076129,SAMEA5076083,SAMEA118265507,SAMEA118265660,SAMEA5076067,SAMEA5076066,SAMEA5076148,SAMEA5076120,SAMEA118265568
Cluster_31	SAMEA6875166,SAMEA118265111,SAMEA6875167,SAMEA118265836
Cluster_32	SAMEA5076089,SAMEA118265100,SAMEA5076161,SAMEA5076099,SAMEA5076088,SAMEA118265307
Cluster_33	SAMEA118265741,SAMEA118265600
Cluster_34	SAMEA118265470,SAMEA6875172,SAMEA6875173,SAMEA118265122,SAMEA6875174,SAMEA118265809
Cluster_35	SAMEA118265571,SAMEA118265364,SAMEA118265550,SAMEA118265366,SAMEA6875566
Cluster_36	SAMEA118265374,SAMEA118265229
Cluster_38	SAMEA6875577,SAMEA118265385
Cluster_39	SAMEA118265721,SAMEA118265629,SAMEA118265631
Cluster_4	SAMEA118265390,SAMEA118265387
Cluster_40	SAMEA6875468,SAMEA118265226
Cluster_43	SAMEA6875513,SAMEA6875418,SAMEA118265267,SAMEA118265555
Cluster_44	SAMEA118265294,SAMEA118265575,SAMEA118265240,SAMEA118265176,SAMEA6875184,SAMEA6875186,SAMEA118265433,SAMEA118265649,SAMEA6875185,SAMEA118265173,SAMEA118265156,SAMEA118265517,SAMEA118265159,SAMEA118265249,SAMEA118265641
Cluster_45	SAMEA118265684,SAMEA118265682,SAMEA118265683
Cluster_49	SAMEA6875073,SAMEA6875075,SAMEA6875074
Cluster_50	SAMEA5076119,SAMEA118265529,SAMEA5076117,SAMEA5076147,SAMEA5076152
Cluster_51	SAMEA118265274,SAMEA118265184,SAMEA118265288
Cluster_52	SAMEA6875110,SAMEA118265237,SAMEA6875109
Cluster_53	SAMEA118265772,SAMEA118265697,SAMEA118265767
Cluster_56	SAMEA118265369,SAMEA118265368
Cluster_57	SAMEA118265519,SAMEA118265647,SAMEA118265232
Cluster_59	SAMEA6875622,SAMEA118265104,SAMEA118265200,SAMEA118265489
Cluster_60	SAMEA6875306,SAMEA118265143
Cluster_62	SAMEA118265196,SAMEA6875038,SAMEA6875040,SAMEA118265613,SAMEA6875041,SAMEA6875039
Cluster_63	SAMEA118265709,SAMEA6875368,SAMEA118265655,SAMEA118265541
Cluster_64	SAMEA118265198,SAMEA118265461
Cluster_65	SAMEA5076163,SAMEA5076121,SAMEA5076141,SAMEA118265848,SAMEA118265335,SAMEA118265588,SAMEA118265115,SAMEA5076056,SAMEA118265476,SAMEA118265233,SAMEA5076098,SAMEA5076097,SAMEA5076113,SAMEA118265485,SAMEA118265480,SAMEA5076093,SAMEA118265528,SAMEA5076144,SAMEA5076084,SAMEA118265595
Cluster_67	SAMEA118265636,SAMEA118265583
Cluster_68	SAMEA6875223,SAMEA6875222
Cluster_70	SAMEA6875105,SAMEA118265422,SAMEA6875106
Cluster_72	SAMEA5076092,SAMEA118265458,SAMEA5076095,SAMEA118265855
Cluster_73	SAMEA118265675,SAMEA118265521,SAMEA118265740,SAMEA118265415,SAMEA118265673,SAMEA118265744,SAMEA5076068,SAMEA5076130,SAMEA118265813,SAMEA5076166,SAMEA118265829,SAMEA5076157,SAMEA118265567,SAMEA118265532,SAMEA118265846,SAMEA5076162,SAMEA118265218,SAMEA118265645,SAMEA5076091
Cluster_74	SAMEA6875131,SAMEA6875133,SAMEA6875132,SAMEA118265617
Cluster_75	SAMEA118265841,SAMEA118265830
Cluster_76	SAMEA118265564,SAMEA118265563,SAMEA118265574
Cluster_78	SAMEA5076063,SAMEA118265719,SAMEA5076086,SAMEA5076108,SAMEA118265796,SAMEA5076107,SAMEA118265206
Cluster_79	SAMEA6875478,SAMEA118265839
Cluster_8	SAMEA118265337,SAMEA118265338
Cluster_80	SAMEA5076154,SAMEA5076062,SAMEA118265450,SAMEA5076155,SAMEA5076145,SAMEA5076077
Cluster_81	SAMEA118265330,SAMEA118265326,SAMEA118265325,SAMEA118265377
Cluster_83	SAMEA6875651,SAMEA118265336,SAMEA118265462
Cluster_84	SAMEA118265479,SAMEA118265551
Cluster_85	SAMEA118265516,SAMEA118265399,SAMEA118265217,SAMEA6875150,SAMEA6875151
Cluster_86	SAMEA118265701,SAMEA118265862
Cluster_87	SAMEA118265205,SAMEA118265802,SAMEA6875318
Cluster_88	SAMEA5076116,SAMEA118265795,SAMEA5076060,SAMEA5076126,SAMEA5076109,SAMEA5076122
Cluster_89	SAMEA118265418,SAMEA118265297,SAMEA6875640,SAMEA118265421
Cluster_9	SAMEA6875143,SAMEA6875144,SAMEA6875142,SAMEA118265618,SAMEA118265619
Cluster_90	SAMEA118265277,SAMEA118265596,SAMEA118265584,SAMEA118265667,SAMEA118265604,SAMEA118265448,SAMEA6875375
Cluster_92	SAMEA118265843,SAMEA118265845
Cluster_93	SAMEA118265867,SAMEA6875089,SAMEA6875088
Cluster_94	SAMEA6875103,SAMEA118265378,SAMEA6875104,SAMEA6875102
Cluster_95	SAMEA118265124,SAMEA6875121,SAMEA118265278,SAMEA118265544,SAMEA118265590,SAMEA118265118,SAMEA6875120,SAMEA118265547
Cluster_96	SAMEA118265510,SAMEA6875397,SAMEA118265177
Cluster_97	SAMEA118265668,SAMEA118265679,SAMEA6875246,SAMEA118265756,SAMEA118265353
Cluster_98	SAMEA118265311,SAMEA118265313,SAMEA6875240,SAMEA6875241,SAMEA118265310,SAMEA118265319
Cluster_99	SAMEA118265356,SAMEA118265359,SAMEA118265379,SAMEA6875554,SAMEA118265347,SAMEA118265370
