"Samples","Filogenia1","Filogenia2"
"SAMEA118265368","Renamed_cluster_99","Renamed_cluster_99"
"SAMEA118265369","Renamed_cluster_99","Renamed_cluster_99"
"SAMEA118265697","Renamed_cluster_98","Renamed_cluster_98"
"SAMEA118265767","Renamed_cluster_98","Renamed_cluster_98"
"SAMEA118265772","Renamed_cluster_98","Renamed_cluster_98"
"SAMEA118265237","Renamed_cluster_97","Renamed_cluster_97"
"SAMEA6875109","Renamed_cluster_97","Renamed_cluster_97"
"SAMEA6875110","Renamed_cluster_97","Renamed_cluster_97"
"SAMEA118265184","Renamed_cluster_96","Renamed_cluster_96"
"SAMEA118265274","Renamed_cluster_96","Renamed_cluster_96"
"SAMEA118265288","Renamed_cluster_96","Renamed_cluster_96"
"SAMEA118265529","Renamed_cluster_95","Renamed_cluster_95"
"SAMEA5076117","Renamed_cluster_95","Renamed_cluster_95"
"SAMEA5076119","Renamed_cluster_95","Renamed_cluster_95"
"SAMEA5076147","Renamed_cluster_95","Renamed_cluster_95"
"SAMEA5076152","Renamed_cluster_95","Renamed_cluster_95"
"SAMEA6875073","Renamed_cluster_94","Renamed_cluster_94"
"SAMEA6875074","Renamed_cluster_94","Renamed_cluster_94"
"SAMEA6875075","Renamed_cluster_94","Renamed_cluster_94"
"SAMEA118265682","Renamed_cluster_93","Renamed_cluster_93"
"SAMEA118265683","Renamed_cluster_93","Renamed_cluster_93"
"SAMEA118265684","Renamed_cluster_93","Renamed_cluster_93"
"SAMEA118265156","Renamed_cluster_92","Renamed_cluster_92"
"SAMEA118265159","Renamed_cluster_92","Renamed_cluster_92"
"SAMEA118265173","Renamed_cluster_92","Renamed_cluster_92"
"SAMEA118265176","Renamed_cluster_92","Renamed_cluster_92"
"SAMEA118265240","Renamed_cluster_92","Renamed_cluster_92"
"SAMEA118265249","Renamed_cluster_92","Renamed_cluster_92"
"SAMEA118265294","Renamed_cluster_92","Renamed_cluster_92"
"SAMEA118265433","Renamed_cluster_92","Renamed_cluster_92"
"SAMEA118265517","Renamed_cluster_92","Renamed_cluster_92"
"SAMEA118265575","Renamed_cluster_92","Renamed_cluster_92"
"SAMEA118265641","Renamed_cluster_92","Renamed_cluster_92"
"SAMEA118265649","Renamed_cluster_92","Renamed_cluster_92"
"SAMEA6875184","Renamed_cluster_92","Renamed_cluster_92"
"SAMEA6875185","Renamed_cluster_92","Renamed_cluster_92"
"SAMEA6875186","Renamed_cluster_92","Renamed_cluster_92"
"SAMEA118265267","Renamed_cluster_91","Renamed_cluster_91"
"SAMEA118265555","Renamed_cluster_91","Renamed_cluster_91"
"SAMEA6875418","Renamed_cluster_91","Renamed_cluster_91"
"SAMEA6875513","Renamed_cluster_91","Renamed_cluster_91"
"SAMEA118265226","Renamed_cluster_90","Renamed_cluster_90"
"SAMEA6875468","Renamed_cluster_90","Renamed_cluster_90"
"SAMEA118265314","Renamed_cluster_9","Renamed_cluster_9"
"SAMEA118265317","Renamed_cluster_9","Renamed_cluster_9"
"SAMEA118265387","Renamed_cluster_89","Renamed_cluster_89"
"SAMEA118265390","Renamed_cluster_89","Renamed_cluster_89"
"SAMEA118265629","Renamed_cluster_88","Renamed_cluster_88"
"SAMEA118265631","Renamed_cluster_88","Renamed_cluster_88"
"SAMEA118265721","Renamed_cluster_88","Renamed_cluster_88"
"SAMEA118265385","Renamed_cluster_87","Renamed_cluster_87"
"SAMEA6875577","Renamed_cluster_87","Renamed_cluster_87"
"SAMEA118265229","Renamed_cluster_86","Renamed_cluster_86"
"SAMEA118265374","Renamed_cluster_86","Renamed_cluster_86"
"SAMEA118265364","Renamed_cluster_85","Renamed_cluster_85"
"SAMEA118265366","Renamed_cluster_85","Renamed_cluster_85"
"SAMEA118265550","Renamed_cluster_85","Renamed_cluster_85"
"SAMEA118265571","Renamed_cluster_85","Renamed_cluster_85"
"SAMEA6875566","Renamed_cluster_85","Renamed_cluster_85"
"SAMEA118265122","Renamed_cluster_84","Renamed_cluster_84"
"SAMEA118265470","Renamed_cluster_84","Renamed_cluster_84"
"SAMEA118265809","Renamed_cluster_84","Renamed_cluster_84"
"SAMEA6875172","Renamed_cluster_84","Renamed_cluster_84"
"SAMEA6875173","Renamed_cluster_84","Renamed_cluster_84"
"SAMEA6875174","Renamed_cluster_84","Renamed_cluster_84"
"SAMEA118265600","Renamed_cluster_83","Renamed_cluster_83"
"SAMEA118265741","Renamed_cluster_83","Renamed_cluster_83"
"SAMEA118265100","Renamed_cluster_82","Renamed_cluster_82"
"SAMEA118265307","Renamed_cluster_82","Renamed_cluster_82"
"SAMEA5076088","Renamed_cluster_82","Renamed_cluster_82"
"SAMEA5076089","Renamed_cluster_82","Renamed_cluster_82"
"SAMEA5076099","Renamed_cluster_82","Renamed_cluster_82"
"SAMEA5076161","Renamed_cluster_82","Renamed_cluster_82"
"SAMEA118265111","Renamed_cluster_81","Renamed_cluster_81"
"SAMEA118265836","Renamed_cluster_81","Renamed_cluster_81"
"SAMEA6875166","Renamed_cluster_81","Renamed_cluster_81"
"SAMEA6875167","Renamed_cluster_81","Renamed_cluster_81"
"SAMEA118265507","Renamed_cluster_80","Renamed_cluster_80"
"SAMEA118265568","Renamed_cluster_80","Renamed_cluster_80"
"SAMEA118265660","Renamed_cluster_80","Renamed_cluster_80"
"SAMEA5076066","Renamed_cluster_80","Renamed_cluster_80"
"SAMEA5076067","Renamed_cluster_80","Renamed_cluster_80"
"SAMEA5076083","Renamed_cluster_80","Renamed_cluster_80"
"SAMEA5076120","Renamed_cluster_80","Renamed_cluster_80"
"SAMEA5076129","Renamed_cluster_80","Renamed_cluster_80"
"SAMEA5076148","Renamed_cluster_80","Renamed_cluster_80"
"SAMEA118265220","Renamed_cluster_8","Renamed_cluster_8"
"SAMEA6875443","Renamed_cluster_8","Renamed_cluster_8"
"SAMEA118265482","Renamed_cluster_79","Renamed_cluster_79"
"SAMEA118265513","Renamed_cluster_79","Renamed_cluster_79"
"SAMEA118265515","Renamed_cluster_79","Renamed_cluster_79"
"SAMEA118265327","Renamed_cluster_78","Renamed_cluster_78"
"SAMEA118265342","Renamed_cluster_78","Renamed_cluster_78"
"SAMEA118265344","Renamed_cluster_78","Renamed_cluster_78"
"SAMEA118265346","Renamed_cluster_78","Renamed_cluster_78"
"SAMEA118265270","Renamed_cluster_77","Renamed_cluster_77"
"SAMEA114323139","Renamed_cluster_77","Renamed_cluster_77"
"SAMEA6875175","Renamed_cluster_77","Renamed_cluster_77"
"SAMEA6875176","Renamed_cluster_77","Renamed_cluster_77"
"SAMEA6875177","Renamed_cluster_77","Renamed_cluster_77"
"SAMEA118265357","Renamed_cluster_76","Renamed_cluster_76"
"SAMEA118265680","Renamed_cluster_76","Renamed_cluster_76"
"SAMEA6875643","Renamed_cluster_76","Renamed_cluster_76"
"SAMEA118265542","Renamed_cluster_75","Renamed_cluster_75"
"SAMEA118265543","Renamed_cluster_75","Renamed_cluster_75"
"SAMEA118265703","Renamed_cluster_74","Renamed_cluster_74"
"SAMEA118265705","Renamed_cluster_74","Renamed_cluster_74"
"SAMEA118265731","Renamed_cluster_73","Renamed_cluster_73"
"SAMEA118265748","Renamed_cluster_73","Renamed_cluster_73"
"SAMEA118265780","Renamed_cluster_73","Renamed_cluster_73"
"SAMEA118265781","Renamed_cluster_73","Renamed_cluster_73"
"SAMEA118265417","Renamed_cluster_72","Renamed_cluster_72"
"SAMEA118265599","Renamed_cluster_72","Renamed_cluster_72"
"SAMEA6875152","Renamed_cluster_72","Renamed_cluster_72"
"SAMEA118265491","Renamed_cluster_71","Renamed_cluster_71"
"SAMEA118265609","Renamed_cluster_71","Renamed_cluster_71"
"SAMEA118265400","Renamed_cluster_70","Renamed_cluster_70"
"SAMEA118265406","Renamed_cluster_70","Renamed_cluster_70"
"SAMEA6875063","Renamed_cluster_70","Renamed_cluster_70"
"SAMEA6875064","Renamed_cluster_70","Renamed_cluster_70"
"SAMEA118265475","Renamed_cluster_7","Renamed_cluster_7"
"SAMEA6875234","Renamed_cluster_7","Renamed_cluster_7"
"SAMEA6875235","Renamed_cluster_7","Renamed_cluster_7"
"SAMEA118265234","Renamed_cluster_69","Renamed_cluster_69"
"SAMEA5076074","Renamed_cluster_69","Renamed_cluster_69"
"SAMEA5076142","Renamed_cluster_69","Renamed_cluster_69"
"SAMEA5076151","Renamed_cluster_69","Renamed_cluster_69"
"SAMEA5076165","Renamed_cluster_69","Renamed_cluster_69"
"SAMEA118265192","Renamed_cluster_68","Renamed_cluster_68"
"SAMEA118265271","Renamed_cluster_68","Renamed_cluster_68"
"SAMEA118265170","Renamed_cluster_67","Renamed_cluster_67"
"SAMEA118265179","Renamed_cluster_67","Renamed_cluster_67"
"SAMEA118265348","Renamed_cluster_67","Renamed_cluster_67"
"SAMEA118265351","Renamed_cluster_67","Renamed_cluster_67"
"SAMEA118265670","Renamed_cluster_67","Renamed_cluster_67"
"SAMEA118265818","Renamed_cluster_67","Renamed_cluster_67"
"SAMEA6875154","Renamed_cluster_67","Renamed_cluster_67"
"SAMEA6875155","Renamed_cluster_67","Renamed_cluster_67"
"SAMEA6875156","Renamed_cluster_67","Renamed_cluster_67"
"SAMEA118265257","Renamed_cluster_66","Renamed_cluster_66"
"SAMEA6875422","Renamed_cluster_66","Renamed_cluster_66"
"SAMEA118265231","Renamed_cluster_65","Renamed_cluster_65"
"G2176m","Renamed_cluster_65","Renamed_cluster_65"
"SAMEA118265363","Renamed_cluster_65","Renamed_cluster_65"
"SAMEA118265615","Renamed_cluster_65","Renamed_cluster_65"
"SAMEA6875620","Renamed_cluster_65","Renamed_cluster_65"
"SAMEA118265322","Renamed_cluster_64","Renamed_cluster_64"
"SAMEA118265334","Renamed_cluster_64","Renamed_cluster_64"
"SAMEA118265437","Renamed_cluster_64","Renamed_cluster_64"
"SAMEA118265869","Renamed_cluster_64","Renamed_cluster_64"
"SAMEA5076059","Renamed_cluster_64","Renamed_cluster_64"
"SAMEA5076076","Renamed_cluster_64","Renamed_cluster_64"
"SAMEA5076079","Renamed_cluster_64","Renamed_cluster_64"
"SAMEA5076115","Renamed_cluster_64","Renamed_cluster_64"
"SAMEA5076125","Renamed_cluster_64","Renamed_cluster_64"
"SAMEA5076168","Renamed_cluster_64","Renamed_cluster_64"
"SAMEA118265565","Renamed_cluster_63","Renamed_cluster_63"
"SAMEA6875431","Renamed_cluster_63","Renamed_cluster_63"
"SAMEA118265495","Renamed_cluster_62","Renamed_cluster_62"
"SAMEA118265499","Renamed_cluster_62","Renamed_cluster_62"
"SAMEA118265556","Renamed_cluster_62","Renamed_cluster_62"
"SAMEA118265733","Renamed_cluster_62","Renamed_cluster_62"
"SAMEA6875153","Renamed_cluster_62","Renamed_cluster_62"
"SAMEA118265333","Renamed_cluster_61","Renamed_cluster_61"
"SAMEA6875504","Renamed_cluster_61","Renamed_cluster_61"
"SAMEA118265708","Renamed_cluster_60","Renamed_cluster_60"
"SAMEA6875563","Renamed_cluster_60","Renamed_cluster_60"
"SAMEA118265213","Renamed_cluster_6","Renamed_cluster_6"
"SAMEA6875090","Renamed_cluster_6","Renamed_cluster_6"
"SAMEA6875091","Renamed_cluster_6","Renamed_cluster_6"
"SAMEA118265671","Renamed_cluster_59","Renamed_cluster_59"
"SAMEA5076101","Renamed_cluster_59","Renamed_cluster_59"
"SAMEA5076137","Renamed_cluster_59","Renamed_cluster_59"
"SAMEA5076156","Renamed_cluster_59","Renamed_cluster_59"
"SAMEA118265130","Renamed_cluster_58","Renamed_cluster_58"
"SAMEA118265431","Renamed_cluster_58","Renamed_cluster_58"
"SAMEA118265432","Renamed_cluster_58","Renamed_cluster_58"
"SAMEA118265820","Renamed_cluster_58","Renamed_cluster_58"
"SAMEA6875527","Renamed_cluster_58","Renamed_cluster_58"
"SAMEA118265593","Renamed_cluster_57","Renamed_cluster_57"
"SAMEA118265685","Renamed_cluster_57","Renamed_cluster_57"
"SAMEA118265623","Renamed_cluster_56","Renamed_cluster_56"
"SAMEA6875317","Renamed_cluster_56","Renamed_cluster_56"
"SAMEA118265371","Renamed_cluster_55","Renamed_cluster_55"
"SAMEA118265372","Renamed_cluster_55","Renamed_cluster_55"
"SAMEA6875665","Renamed_cluster_55","Renamed_cluster_55"
"SAMEA118265531","Renamed_cluster_54","Renamed_cluster_54"
"SAMEA6875136","Renamed_cluster_54","Renamed_cluster_54"
"SAMEA6875137","Renamed_cluster_54","Renamed_cluster_54"
"SAMEA118265132","Renamed_cluster_53","Renamed_cluster_53"
"SAMEA118265343","Renamed_cluster_53","Renamed_cluster_53"
"SAMEA118265512","Renamed_cluster_53","Renamed_cluster_53"
"SAMEA118265763","Renamed_cluster_53","Renamed_cluster_53"
"SAMEA6875080","Renamed_cluster_53","Renamed_cluster_53"
"SAMEA6875081","Renamed_cluster_53","Renamed_cluster_53"
"SAMEA118265630","Renamed_cluster_52","Renamed_cluster_52"
"SAMEA6875564","Renamed_cluster_52","Renamed_cluster_52"
"SAMEA118265273","Renamed_cluster_51","Renamed_cluster_51"
"SAMEA118265478","Renamed_cluster_51","Renamed_cluster_51"
"SAMEA118265853","Renamed_cluster_51","Renamed_cluster_51"
"SAMEA6875195","Renamed_cluster_51","Renamed_cluster_51"
"SAMEA6875196","Renamed_cluster_51","Renamed_cluster_51"
"SAMEA118265243","Renamed_cluster_50","Renamed_cluster_50"
"SAMEA6875611","Renamed_cluster_50","Renamed_cluster_50"
"SAMEA118265238","Renamed_cluster_5","Renamed_cluster_5"
"SAMEA118265247","Renamed_cluster_5","Renamed_cluster_5"
"SAMEA118265394","Renamed_cluster_5","Renamed_cluster_5"
"SAMEA118265414","Renamed_cluster_5","Renamed_cluster_5"
"SAMEA118265477","Renamed_cluster_5","Renamed_cluster_5"
"SAMEA118265492","Renamed_cluster_5","Renamed_cluster_5"
"SAMEA118265594","Renamed_cluster_5","Renamed_cluster_5"
"SAMEA118265643","Renamed_cluster_5","Renamed_cluster_5"
"SAMEA118265672","Renamed_cluster_5","Renamed_cluster_5"
"SAMEA118265784","Renamed_cluster_5","Renamed_cluster_5"
"SAMEA118265786","Renamed_cluster_5","Renamed_cluster_5"
"SAMEA118265850","Renamed_cluster_5","Renamed_cluster_5"
"SAMEA6875169","Renamed_cluster_5","Renamed_cluster_5"
"SAMEA6875170","Renamed_cluster_5","Renamed_cluster_5"
"SAMEA6875171","Renamed_cluster_5","Renamed_cluster_5"
"SAMEA118265166","Renamed_cluster_49","Renamed_cluster_49"
"SAMEA118265559","Renamed_cluster_49","Renamed_cluster_49"
"SAMEA118265572","Renamed_cluster_48","Renamed_cluster_48"
"SAMEA6875052","Renamed_cluster_48","Renamed_cluster_48"
"SAMEA118265328","Renamed_cluster_47","Renamed_cluster_47"
"SAMEA118265329","Renamed_cluster_47","Renamed_cluster_47"
"SAMEA118265163","Renamed_cluster_46","Renamed_cluster_46"
"SAMEA118265266","Renamed_cluster_46","Renamed_cluster_46"
"SAMEA118265412","Renamed_cluster_46","Renamed_cluster_46"
"SAMEA118265413","Renamed_cluster_46","Renamed_cluster_46"
"SAMEA118265419","Renamed_cluster_46","Renamed_cluster_46"
"SAMEA118265427","Renamed_cluster_46","Renamed_cluster_46"
"SAMEA118265494","Renamed_cluster_45","Renamed_cluster_45"
"SAMEA6875145","Renamed_cluster_45","Renamed_cluster_45"
"SAMEA118265223","Renamed_cluster_44","Renamed_cluster_44"
"SAMEA118265761","Renamed_cluster_44","Renamed_cluster_44"
"SAMEA5076070","Renamed_cluster_44","Renamed_cluster_44"
"SAMEA5076078","Renamed_cluster_44","Renamed_cluster_44"
"SAMEA5076087","Renamed_cluster_44","Renamed_cluster_44"
"SAMEA5076104","Renamed_cluster_44","Renamed_cluster_44"
"SAMEA5076112","Renamed_cluster_44","Renamed_cluster_44"
"SAMEA5076114","Renamed_cluster_44","Renamed_cluster_44"
"SAMEA118265131","Renamed_cluster_43","Renamed_cluster_43"
"SAMEA6875476","Renamed_cluster_43","Renamed_cluster_43"
"SAMEA118265770","Renamed_cluster_42","Renamed_cluster_42"
"SAMEA6875552","Renamed_cluster_42","Renamed_cluster_42"
"SAMEA118265713","Renamed_cluster_41","Renamed_cluster_41"
"SAMEA118265714","Renamed_cluster_41","Renamed_cluster_41"
"SAMEA118265773","Renamed_cluster_40","Renamed_cluster_40"
"SAMEA6875558","Renamed_cluster_40","Renamed_cluster_40"
"SAMEA118265749","Renamed_cluster_4","Renamed_cluster_4"
"SAMEA118265810","Renamed_cluster_4","Renamed_cluster_4"
"SAMEA118265152","Renamed_cluster_39","Renamed_cluster_39"
"SAMEA6875515","Renamed_cluster_39","Renamed_cluster_39"
"SAMEA118265722","Renamed_cluster_38","Renamed_cluster_38"
"SAMEA6875462","Renamed_cluster_38","Renamed_cluster_38"
"SAMEA118265436","Renamed_cluster_37","Renamed_cluster_37"
"SAMEA6875269","Renamed_cluster_37","Renamed_cluster_37"
"SAMEA118265158","Renamed_cluster_36","Renamed_cluster_36"
"SAMEA118265844","Renamed_cluster_36","Renamed_cluster_36"
"SAMEA118265113","Renamed_cluster_35","Renamed_cluster_35"
"SAMEA118265272","Renamed_cluster_35","Renamed_cluster_35"
"SAMEA118265389","Renamed_cluster_35","Renamed_cluster_35"
"SAMEA118265638","Renamed_cluster_35","Renamed_cluster_35"
"SAMEA118265835","Renamed_cluster_35","Renamed_cluster_35"
"SAMEA6875293","Renamed_cluster_35","Renamed_cluster_35"
"SAMEA118265653","Renamed_cluster_34","Renamed_cluster_34"
"SAMEA6875029","Renamed_cluster_34","Renamed_cluster_34"
"SAMEA6875030","Renamed_cluster_34","Renamed_cluster_34"
"SAMEA6875031","Renamed_cluster_34","Renamed_cluster_34"
"SAMEA118265459","Renamed_cluster_33","Renamed_cluster_33"
"SAMEA118265460","Renamed_cluster_33","Renamed_cluster_33"
"SAMEA118265403","Renamed_cluster_32","Renamed_cluster_32"
"SAMEA118265466","Renamed_cluster_32","Renamed_cluster_32"
"SAMEA5076071","Renamed_cluster_32","Renamed_cluster_32"
"SAMEA5076081","Renamed_cluster_32","Renamed_cluster_32"
"SAMEA5076146","Renamed_cluster_32","Renamed_cluster_32"
"SAMEA5076149","Renamed_cluster_32","Renamed_cluster_32"
"SAMEA118265161","Renamed_cluster_31","Renamed_cluster_31"
"SAMEA118265401","Renamed_cluster_31","Renamed_cluster_31"
"SAMEA118265570","Renamed_cluster_31","Renamed_cluster_31"
"SAMEA6875362","Renamed_cluster_31","Renamed_cluster_31"
"SAMEA118265187","Renamed_cluster_30","Renamed_cluster_30"
"SAMEA118265191","Renamed_cluster_30","Renamed_cluster_30"
"SAMEA6875071","Renamed_cluster_30","Renamed_cluster_30"
"SAMEA6875072","Renamed_cluster_30","Renamed_cluster_30"
"SAMEA118265778","Renamed_cluster_3","Renamed_cluster_3"
"SAMEA118265779","Renamed_cluster_3","Renamed_cluster_3"
"SAMEA118265318","Renamed_cluster_29","Renamed_cluster_29"
"SAMEA118265410","Renamed_cluster_29","Renamed_cluster_29"
"SAMEA118265411","Renamed_cluster_29","Renamed_cluster_29"
"SAMEA118265661","Renamed_cluster_29","Renamed_cluster_29"
"SAMEA118265662","Renamed_cluster_29","Renamed_cluster_29"
"SAMEA6875113","Renamed_cluster_29","Renamed_cluster_29"
"SAMEA6875114","Renamed_cluster_29","Renamed_cluster_29"
"SAMEA6875115","Renamed_cluster_29","Renamed_cluster_29"
"SAMEA118265228","Renamed_cluster_28","Renamed_cluster_28"
"SAMEA118265760","Renamed_cluster_28","Renamed_cluster_28"
"SAMEA118265465","Renamed_cluster_27","Renamed_cluster_27"
"SAMEA118265467","Renamed_cluster_27","Renamed_cluster_27"
"SAMEA6875197","Renamed_cluster_27","Renamed_cluster_27"
"SAMEA6875198","Renamed_cluster_27","Renamed_cluster_27"
"SAMEA118265735","Renamed_cluster_26","Renamed_cluster_26"
"SAMEA118265822","Renamed_cluster_26","Renamed_cluster_26"
"SAMEA118265239","Renamed_cluster_25","Renamed_cluster_25"
"SAMEA118265577","Renamed_cluster_25","Renamed_cluster_25"
"SAMEA118265686","Renamed_cluster_25","Renamed_cluster_25"
"SAMEA6875432","Renamed_cluster_25","Renamed_cluster_25"
"SAMEA118265472","Renamed_cluster_24","Renamed_cluster_24"
"SAMEA6875187","Renamed_cluster_24","Renamed_cluster_24"
"SAMEA6875188","Renamed_cluster_24","Renamed_cluster_24"
"SAMEA6875189","Renamed_cluster_24","Renamed_cluster_24"
"SAMEA118265530","Renamed_cluster_23","Renamed_cluster_23"
"SAMEA5076102","Renamed_cluster_23","Renamed_cluster_23"
"SAMEA5076103","Renamed_cluster_23","Renamed_cluster_23"
"SAMEA5076110","Renamed_cluster_23","Renamed_cluster_23"
"SAMEA5076135","Renamed_cluster_23","Renamed_cluster_23"
"SAMEA5076159","Renamed_cluster_23","Renamed_cluster_23"
"SAMEA118265105","Renamed_cluster_22","Renamed_cluster_22"
"SAMEA118265172","Renamed_cluster_22","Renamed_cluster_22"
"SAMEA118265488","Renamed_cluster_22","Renamed_cluster_22"
"SAMEA6875148","Renamed_cluster_22","Renamed_cluster_22"
"SAMEA6875149","Renamed_cluster_22","Renamed_cluster_22"
"SAMEA118265136","Renamed_cluster_21","Renamed_cluster_21"
"SAMEA118265137","Renamed_cluster_21","Renamed_cluster_21"
"SAMEA118265140","Renamed_cluster_21","Renamed_cluster_21"
"SAMEA118265216","Renamed_cluster_21","Renamed_cluster_21"
"SAMEA118265341","Renamed_cluster_21","Renamed_cluster_21"
"SAMEA6875203","Renamed_cluster_21","Renamed_cluster_21"
"SAMEA6875204","Renamed_cluster_21","Renamed_cluster_21"
"SAMEA118265141","Renamed_cluster_20","Renamed_cluster_20"
"SAMEA118265463","Renamed_cluster_20","Renamed_cluster_20"
"SAMEA6875045","Renamed_cluster_20","Renamed_cluster_20"
"SAMEA6875046","Renamed_cluster_20","Renamed_cluster_20"
"SAMEA6875047","Renamed_cluster_20","Renamed_cluster_20"
"SAMEA118265295","Renamed_cluster_2","Renamed_cluster_2"
"SAMEA118265537","Renamed_cluster_2","Renamed_cluster_2"
"SAMEA118265538","Renamed_cluster_2","Renamed_cluster_2"
"SAMEA118265260","Renamed_cluster_19","Renamed_cluster_19"
"SAMEA118265560","Renamed_cluster_19","Renamed_cluster_19"
"SAMEA6875516","Renamed_cluster_19","Renamed_cluster_19"
"SAMEA118265591","Renamed_cluster_18","Renamed_cluster_18"
"SAMEA118265605","Renamed_cluster_18","Renamed_cluster_18"
"SAMEA118265640","Renamed_cluster_18","Renamed_cluster_18"
"SAMEA6875470","Renamed_cluster_18","Renamed_cluster_18"
"SAMEA118265340","Renamed_cluster_17","Renamed_cluster_17"
"SAMEA118265449","Renamed_cluster_17","Renamed_cluster_17"
"SAMEA118265473","Renamed_cluster_17","Renamed_cluster_17"
"SAMEA104221062","Renamed_cluster_17","Renamed_cluster_17"
"SAMEA104221066","Renamed_cluster_17","Renamed_cluster_17"
"SAMEA5076111","Renamed_cluster_17","Renamed_cluster_17"
"SAMEA5076139","Renamed_cluster_17","Renamed_cluster_17"
"SAMEA5076164","Renamed_cluster_17","Renamed_cluster_17"
"SAMEA118265634","Renamed_cluster_16","Renamed_cluster_16"
"SAMEA6875511","Renamed_cluster_16","Renamed_cluster_16"
"SAMEA118265135","Renamed_cluster_15","Renamed_cluster_15"
"SAMEA118265514","Renamed_cluster_15","Renamed_cluster_15"
"SAMEA118265765","Renamed_cluster_15","Renamed_cluster_15"
"SAMEA6875160","Renamed_cluster_15","Renamed_cluster_15"
"SAMEA6875161","Renamed_cluster_15","Renamed_cluster_15"
"SAMEA6875162","Renamed_cluster_15","Renamed_cluster_15"
"SAMEA118265290","Renamed_cluster_14","Renamed_cluster_14"
"SAMEA118265434","Renamed_cluster_14","Renamed_cluster_14"
"SAMEA6875585","Renamed_cluster_14","Renamed_cluster_14"
"SAMEA118265347","Renamed_cluster_135","Renamed_cluster_135"
"SAMEA118265356","Renamed_cluster_135","Renamed_cluster_135"
"SAMEA118265359","Renamed_cluster_135","Renamed_cluster_135"
"SAMEA118265370","Renamed_cluster_135","Renamed_cluster_135"
"SAMEA118265379","Renamed_cluster_135","Renamed_cluster_135"
"SAMEA6875554","Renamed_cluster_135","Renamed_cluster_135"
"SAMEA118265310","Renamed_cluster_134","Renamed_cluster_134"
"SAMEA118265311","Renamed_cluster_134","Renamed_cluster_134"
"SAMEA118265313","Renamed_cluster_134","Renamed_cluster_134"
"SAMEA118265319","Renamed_cluster_134","Renamed_cluster_134"
"SAMEA6875240","Renamed_cluster_134","Renamed_cluster_134"
"SAMEA6875241","Renamed_cluster_134","Renamed_cluster_134"
"SAMEA118265353","Renamed_cluster_133","Renamed_cluster_133"
"SAMEA118265668","Renamed_cluster_133","Renamed_cluster_133"
"SAMEA118265679","Renamed_cluster_133","Renamed_cluster_133"
"SAMEA118265756","Renamed_cluster_133","Renamed_cluster_133"
"SAMEA6875246","Renamed_cluster_133","Renamed_cluster_133"
"SAMEA118265177","Renamed_cluster_132","Renamed_cluster_132"
"SAMEA118265510","Renamed_cluster_132","Renamed_cluster_132"
"SAMEA6875397","Renamed_cluster_132","Renamed_cluster_132"
"SAMEA118265118","Renamed_cluster_131","Renamed_cluster_131"
"SAMEA118265124","Renamed_cluster_131","Renamed_cluster_131"
"SAMEA118265278","Renamed_cluster_131","Renamed_cluster_131"
"SAMEA118265544","Renamed_cluster_131","Renamed_cluster_131"
"SAMEA118265547","Renamed_cluster_131","Renamed_cluster_131"
"SAMEA118265590","Renamed_cluster_131","Renamed_cluster_131"
"SAMEA6875120","Renamed_cluster_131","Renamed_cluster_131"
"SAMEA6875121","Renamed_cluster_131","Renamed_cluster_131"
"SAMEA118265378","Renamed_cluster_130","Renamed_cluster_130"
"SAMEA6875102","Renamed_cluster_130","Renamed_cluster_130"
"SAMEA6875103","Renamed_cluster_130","Renamed_cluster_130"
"SAMEA6875104","Renamed_cluster_130","Renamed_cluster_130"
"SAMEA118265227","Renamed_cluster_13","Renamed_cluster_13"
"SAMEA6875349","Renamed_cluster_13","Renamed_cluster_13"
"SAMEA118265867","Renamed_cluster_129","Renamed_cluster_129"
"SAMEA6875088","Renamed_cluster_129","Renamed_cluster_129"
"SAMEA6875089","Renamed_cluster_129","Renamed_cluster_129"
"SAMEA118265843","Renamed_cluster_128","Renamed_cluster_128"
"SAMEA118265845","Renamed_cluster_128","Renamed_cluster_128"
"SAMEA118265277","Renamed_cluster_127","Renamed_cluster_127"
"SAMEA118265448","Renamed_cluster_127","Renamed_cluster_127"
"SAMEA118265584","Renamed_cluster_127","Renamed_cluster_127"
"SAMEA118265596","Renamed_cluster_127","Renamed_cluster_127"
"SAMEA118265604","Renamed_cluster_127","Renamed_cluster_127"
"SAMEA118265667","Renamed_cluster_127","Renamed_cluster_127"
"SAMEA6875375","Renamed_cluster_127","Renamed_cluster_127"
"SAMEA118265618","Renamed_cluster_126","Renamed_cluster_126"
"SAMEA118265619","Renamed_cluster_126","Renamed_cluster_126"
"SAMEA6875142","Renamed_cluster_126","Renamed_cluster_126"
"SAMEA6875143","Renamed_cluster_126","Renamed_cluster_126"
"SAMEA6875144","Renamed_cluster_126","Renamed_cluster_126"
"SAMEA118265297","Renamed_cluster_125","Renamed_cluster_125"
"SAMEA118265418","Renamed_cluster_125","Renamed_cluster_125"
"SAMEA118265421","Renamed_cluster_125","Renamed_cluster_125"
"SAMEA6875640","Renamed_cluster_125","Renamed_cluster_125"
"SAMEA118265795","Renamed_cluster_124","Renamed_cluster_124"
"SAMEA5076060","Renamed_cluster_124","Renamed_cluster_124"
"SAMEA5076109","Renamed_cluster_124","Renamed_cluster_124"
"SAMEA5076116","Renamed_cluster_124","Renamed_cluster_124"
"SAMEA5076122","Renamed_cluster_124","Renamed_cluster_124"
"SAMEA5076126","Renamed_cluster_124","Renamed_cluster_124"
"SAMEA118265205","Renamed_cluster_123","Renamed_cluster_123"
"SAMEA118265802","Renamed_cluster_123","Renamed_cluster_123"
"SAMEA6875318","Renamed_cluster_123","Renamed_cluster_123"
"SAMEA118265701","Renamed_cluster_122","Renamed_cluster_122"
"SAMEA118265862","Renamed_cluster_122","Renamed_cluster_122"
"SAMEA118265217","Renamed_cluster_121","Renamed_cluster_121"
"SAMEA118265399","Renamed_cluster_121","Renamed_cluster_121"
"SAMEA118265516","Renamed_cluster_121","Renamed_cluster_121"
"SAMEA6875150","Renamed_cluster_121","Renamed_cluster_121"
"SAMEA6875151","Renamed_cluster_121","Renamed_cluster_121"
"SAMEA118265479","Renamed_cluster_120","Renamed_cluster_120"
"SAMEA118265551","Renamed_cluster_120","Renamed_cluster_120"
"SAMEA118265702","Renamed_cluster_12","Renamed_cluster_12"
"SAMEA118265715","Renamed_cluster_12","Renamed_cluster_12"
"SAMEA118265336","Renamed_cluster_119","Renamed_cluster_119"
"SAMEA118265462","Renamed_cluster_119","Renamed_cluster_119"
"SAMEA6875651","Renamed_cluster_119","Renamed_cluster_119"
"SAMEA118265325","Renamed_cluster_118","Renamed_cluster_118"
"SAMEA118265326","Renamed_cluster_118","Renamed_cluster_118"
"SAMEA118265330","Renamed_cluster_118","Renamed_cluster_118"
"SAMEA118265377","Renamed_cluster_118","Renamed_cluster_118"
"SAMEA118265450","Renamed_cluster_117","Renamed_cluster_117"
"SAMEA5076062","Renamed_cluster_117","Renamed_cluster_117"
"SAMEA5076077","Renamed_cluster_117","Renamed_cluster_117"
"SAMEA5076145","Renamed_cluster_117","Renamed_cluster_117"
"SAMEA5076154","Renamed_cluster_117","Renamed_cluster_117"
"SAMEA5076155","Renamed_cluster_117","Renamed_cluster_117"
"SAMEA118265337","Renamed_cluster_116","Renamed_cluster_116"
"SAMEA118265338","Renamed_cluster_116","Renamed_cluster_116"
"SAMEA118265839","Renamed_cluster_115","Renamed_cluster_115"
"SAMEA6875478","Renamed_cluster_115","Renamed_cluster_115"
"SAMEA118265206","Renamed_cluster_114","Renamed_cluster_114"
"SAMEA118265719","Renamed_cluster_114","Renamed_cluster_114"
"SAMEA118265796","Renamed_cluster_114","Renamed_cluster_114"
"SAMEA5076063","Renamed_cluster_114","Renamed_cluster_114"
"SAMEA5076086","Renamed_cluster_114","Renamed_cluster_114"
"SAMEA5076107","Renamed_cluster_114","Renamed_cluster_114"
"SAMEA5076108","Renamed_cluster_114","Renamed_cluster_114"
"SAMEA118265563","Renamed_cluster_113","Renamed_cluster_113"
"SAMEA118265564","Renamed_cluster_113","Renamed_cluster_113"
"SAMEA118265574","Renamed_cluster_113","Renamed_cluster_113"
"SAMEA118265830","Renamed_cluster_112","Renamed_cluster_112"
"SAMEA118265841","Renamed_cluster_112","Renamed_cluster_112"
"SAMEA118265617","Renamed_cluster_111","Renamed_cluster_111"
"SAMEA6875131","Renamed_cluster_111","Renamed_cluster_111"
"SAMEA6875132","Renamed_cluster_111","Renamed_cluster_111"
"SAMEA6875133","Renamed_cluster_111","Renamed_cluster_111"
"SAMEA118265218","Renamed_cluster_110","Renamed_cluster_110"
"SAMEA118265415","Renamed_cluster_110","Renamed_cluster_110"
"SAMEA118265521","Renamed_cluster_110","Renamed_cluster_110"
"SAMEA118265532","Renamed_cluster_110","Renamed_cluster_110"
"SAMEA118265567","Renamed_cluster_110","Renamed_cluster_110"
"SAMEA118265645","Renamed_cluster_110","Renamed_cluster_110"
"SAMEA118265673","Renamed_cluster_110","Renamed_cluster_110"
"SAMEA118265675","Renamed_cluster_110","Renamed_cluster_110"
"SAMEA118265740","Renamed_cluster_110","Renamed_cluster_110"
"SAMEA118265744","Renamed_cluster_110","Renamed_cluster_110"
"SAMEA118265813","Renamed_cluster_110","Renamed_cluster_110"
"SAMEA118265829","Renamed_cluster_110","Renamed_cluster_110"
"SAMEA118265846","Renamed_cluster_110","Renamed_cluster_110"
"SAMEA5076068","Renamed_cluster_110","Renamed_cluster_110"
"SAMEA5076091","Renamed_cluster_110","Renamed_cluster_110"
"SAMEA5076130","Renamed_cluster_110","Renamed_cluster_110"
"SAMEA5076157","Renamed_cluster_110","Renamed_cluster_110"
"SAMEA5076162","Renamed_cluster_110","Renamed_cluster_110"
"SAMEA5076166","Renamed_cluster_110","Renamed_cluster_110"
"SAMEA118265207","Renamed_cluster_11","Renamed_cluster_11"
"SAMEA6875662","Renamed_cluster_11","Renamed_cluster_11"
"SAMEA118265458","Renamed_cluster_109","Renamed_cluster_109"
"SAMEA118265855","Renamed_cluster_109","Renamed_cluster_109"
"SAMEA5076092","Renamed_cluster_109","Renamed_cluster_109"
"SAMEA5076095","Renamed_cluster_109","Renamed_cluster_109"
"SAMEA118265422","Renamed_cluster_108","Renamed_cluster_108"
"SAMEA6875105","Renamed_cluster_108","Renamed_cluster_108"
"SAMEA6875106","Renamed_cluster_108","Renamed_cluster_108"
"SAMEA6875222","Renamed_cluster_107","Renamed_cluster_107"
"SAMEA6875223","Renamed_cluster_107","Renamed_cluster_107"
"SAMEA118265583","Renamed_cluster_106","Renamed_cluster_106"
"SAMEA118265636","Renamed_cluster_106","Renamed_cluster_106"
"SAMEA118265198","Renamed_cluster_105","Renamed_cluster_105"
"SAMEA118265461","Renamed_cluster_105","Renamed_cluster_105"
"SAMEA118265541","Renamed_cluster_104","Renamed_cluster_104"
"SAMEA118265655","Renamed_cluster_104","Renamed_cluster_104"
"SAMEA118265709","Renamed_cluster_104","Renamed_cluster_104"
"SAMEA6875368","Renamed_cluster_104","Renamed_cluster_104"
"SAMEA118265196","Renamed_cluster_103","Renamed_cluster_103"
"SAMEA118265613","Renamed_cluster_103","Renamed_cluster_103"
"SAMEA6875038","Renamed_cluster_103","Renamed_cluster_103"
"SAMEA6875039","Renamed_cluster_103","Renamed_cluster_103"
"SAMEA6875040","Renamed_cluster_103","Renamed_cluster_103"
"SAMEA6875041","Renamed_cluster_103","Renamed_cluster_103"
"SAMEA118265143","Renamed_cluster_102","Renamed_cluster_102"
"SAMEA6875306","Renamed_cluster_102","Renamed_cluster_102"
"SAMEA118265104","Renamed_cluster_101","Renamed_cluster_101"
"SAMEA118265200","Renamed_cluster_101","Renamed_cluster_101"
"SAMEA118265489","Renamed_cluster_101","Renamed_cluster_101"
"SAMEA6875622","Renamed_cluster_101","Renamed_cluster_101"
"SAMEA118265232","Renamed_cluster_100","Renamed_cluster_100"
"SAMEA118265519","Renamed_cluster_100","Renamed_cluster_100"
"SAMEA118265647","Renamed_cluster_100","Renamed_cluster_100"
"SAMEA118265248","Renamed_cluster_10","Renamed_cluster_10"
"SAMEA118265253","Renamed_cluster_10","Renamed_cluster_10"
"SAMEA118265758","Renamed_cluster_10","Renamed_cluster_10"
"SAMEA5076123","Renamed_cluster_1","Renamed_cluster_1"
"SAMEA5076131","Renamed_cluster_1","Renamed_cluster_1"
"SAMEA5076132","Renamed_cluster_1","Renamed_cluster_1"
"SAMEA5076133","Renamed_cluster_1","Renamed_cluster_1"
"SAMEA6875560","Renamed_cluster_1","Renamed_cluster_1"
"SAMEA118265842","Not_in_cluster_in_regular_phylo","Cluster_192"
"SAMEA5076106","Not_in_cluster_in_regular_phylo","Cluster_169"
"SAMEA118265115","Renamed_cluster_136","Renamed_cluster_136"
"SAMEA118265233","Renamed_cluster_136","Renamed_cluster_136"
"SAMEA118265335","Renamed_cluster_136","Renamed_cluster_136"
"SAMEA118265476","Renamed_cluster_136","Renamed_cluster_136"
"SAMEA118265480","Renamed_cluster_136","Renamed_cluster_136"
"SAMEA118265485","Renamed_cluster_136","Renamed_cluster_136"
"SAMEA118265528","Renamed_cluster_136","Renamed_cluster_136"
"SAMEA118265588","Renamed_cluster_136","Renamed_cluster_136"
"SAMEA118265595","Renamed_cluster_136","Renamed_cluster_136"
"SAMEA118265848","Renamed_cluster_136","Renamed_cluster_136"
"SAMEA5076056","Renamed_cluster_136","Renamed_cluster_136"
"SAMEA5076084","Renamed_cluster_136","Renamed_cluster_136"
"SAMEA5076093","Renamed_cluster_136","Renamed_cluster_136"
"SAMEA5076097","Renamed_cluster_136","Renamed_cluster_136"
"SAMEA5076098","Renamed_cluster_136","Renamed_cluster_136"
"SAMEA5076113","Renamed_cluster_136","Renamed_cluster_136"
"SAMEA5076121","Renamed_cluster_136","Renamed_cluster_136"
"SAMEA5076141","Renamed_cluster_136","Renamed_cluster_136"
"SAMEA5076144","Renamed_cluster_136","Renamed_cluster_136"
"SAMEA5076163","Renamed_cluster_136","Renamed_cluster_136"
"SAMEA118265112","Renamed_cluster_137","Renamed_cluster_137"
"SAMEA118265298","Renamed_cluster_137","Renamed_cluster_137"
"SAMEA118265819","Renamed_cluster_137","Renamed_cluster_137"
"SAMEA5076054","Renamed_cluster_137","Renamed_cluster_137"
"SAMEA5076069","Renamed_cluster_137","Renamed_cluster_137"
"SAMEA5076075","Renamed_cluster_137","Renamed_cluster_137"
"SAMEA5076085","Renamed_cluster_137","Renamed_cluster_137"
"SAMEA5076094","Renamed_cluster_137","Renamed_cluster_137"
"SAMEA5076124","Renamed_cluster_137","Renamed_cluster_137"
"SAMEA118265186","Renamed_cluster_138","Renamed_cluster_138"
"SAMEA118265188","Renamed_cluster_138","Renamed_cluster_138"
"SAMEA118265194","Renamed_cluster_138","Renamed_cluster_138"
"SAMEA118265281","Renamed_cluster_138","Renamed_cluster_138"
"SAMEA118265285","Renamed_cluster_138","Renamed_cluster_138"
"SAMEA118265286","Renamed_cluster_138","Renamed_cluster_138"
"SAMEA118265289","Renamed_cluster_138","Renamed_cluster_138"
"SAMEA118265426","Renamed_cluster_138","Renamed_cluster_138"
"SAMEA118265439","Renamed_cluster_138","Renamed_cluster_138"
"SAMEA118265834","Renamed_cluster_138","Renamed_cluster_138"
"SAMEA5076061","Renamed_cluster_138","Renamed_cluster_138"
"SAMEA5076065","Renamed_cluster_138","Renamed_cluster_138"
"SAMEA5076072","Renamed_cluster_138","Renamed_cluster_138"
"SAMEA5076080","Renamed_cluster_138","Renamed_cluster_138"
"SAMEA5076127","Renamed_cluster_138","Renamed_cluster_138"
"SAMEA5076128","Renamed_cluster_138","Renamed_cluster_138"
"SAMEA5076138","Renamed_cluster_138","Renamed_cluster_138"
"SAMEA5076140","Renamed_cluster_138","Renamed_cluster_138"
"SAMEA118265120","Renamed_cluster_139","Renamed_cluster_139"
"SAMEA118265148","Cluster_121","Not_in_cluster_in_placed_phylo"
"SAMEA118265185","Renamed_cluster_139","Renamed_cluster_139"
"SAMEA118265296","Renamed_cluster_139","Renamed_cluster_139"
"SAMEA118265352","Renamed_cluster_139","Renamed_cluster_139"
"SAMEA6875193","Cluster_121","Not_in_cluster_in_placed_phylo"
"SAMEA6875194","Renamed_cluster_139","Renamed_cluster_139"
