Cluster	Samples
Cluster_10	SAMEA5076123,SAMEA5076133,SAMEA5076131,SAMEA5076132,SAMEA6875560
Cluster_100	G2211,G2798Lib2,G2801
Cluster_101	G3268,G3270
Cluster_102	G3218,G3327
Cluster_103	G3062,G2137,G3278,G2416,SAMEA6875169,G2460,G2932,G2632,G3652,G2152,G3276,SAMEA6875171,G2671,G3020,SAMEA6875170
Cluster_104	G2091,SAMEA6875091,SAMEA6875090
Cluster_107	SAMEA6875235,SAMEA6875234,G2630
Cluster_108	SAMEA6875443,G2099
Cluster_109	G2241,G2237
Cluster_11	G2154,G2160,G3231
Cluster_110	G2080,SAMEA6875662
Cluster_111	G3125,G3153
Cluster_112	G2117,SAMEA6875349
Cluster_115	G2486,G2202,SAMEA6875585
Cluster_116	SAMEA6875161,G2743,SAMEA6875162,SAMEA6875160,G1914,G3241
Cluster_117	G3000,SAMEA6875511
Cluster_118	G2624,SAMEA5076164,SAMEA5076111,G2532,SAMEA104221066,SAMEA104221062,G2280,SAMEA5076139
Cluster_12	SAMEA6875470,G3017,G2953,G2924
Cluster_121	G2213,G2300m,G1955,G2034,SAMEA6875194,G1865,SAMEA6875193
Cluster_123	G2168,SAMEA6875516,G2848
Cluster_124	SAMEA6875047,G1923,SAMEA6875046,SAMEA6875045,G2602
Cluster_125	SAMEA6875203,G1915,G2095,G1916,G2281,G1922,SAMEA6875204
Cluster_126	G2019,G1566,SAMEA6875149,G2660,SAMEA6875148
Cluster_128	G2783,SAMEA5076135,SAMEA5076159,SAMEA5076103,SAMEA5076102,SAMEA5076110
Cluster_13	SAMEA6875187,G2623,SAMEA6875189,SAMEA6875188
Cluster_130	SAMEA6875432,G3091,G2873,G2138
Cluster_131	G3385,G3192
Cluster_132	SAMEA6875197,SAMEA6875198,G2610,G2606
Cluster_133	G2119,G3235
Cluster_134	SAMEA6875114,G2456,SAMEA6875115,G3048,G2457,G2243,SAMEA6875113,G3049
Cluster_135	SAMEA6875072,G2044,G2037,SAMEA6875071
Cluster_136	G2861,G2436,SAMEA6875362,G1989
Cluster_139	SAMEA5076149,SAMEA5076146,SAMEA5076081,SAMEA5076071,G2443,G2607
Cluster_14	G2571,G2579
Cluster_140	SAMEA6875030,G3036,SAMEA6875029,SAMEA6875031
Cluster_141	G1857m,G3007,G2410,G2184,SAMEA6875293,G3506
Cluster_142	G1985,G3517
Cluster_144	G2491,SAMEA6875269
Cluster_145	SAMEA6875462,G3170
Cluster_146	SAMEA6875515,G1969
Cluster_149	SAMEA6875558,G3259
Cluster_150	G3152,G3151
Cluster_151	G3252,SAMEA6875552
Cluster_152	SAMEA6875476,G1909
Cluster_153	SAMEA5076114,G2105,G3236,SAMEA5076104,SAMEA5076112,SAMEA5076078,SAMEA5076087,SAMEA5076070
Cluster_155	G2684,SAMEA6875145
Cluster_156	G2466,G2459m,G1992,G2476,G2458m,G2177
Cluster_157	G2259,G2261
Cluster_161	G2867,SAMEA6875052
Cluster_162	G2847,G1998
Cluster_165	G2146,SAMEA6875611
Cluster_166	SAMEA6875196,G2185,G3656,SAMEA6875195,G2636
Cluster_167	G2990,SAMEA6875564
Cluster_168	SAMEA6875080,G3239,SAMEA6875081,G2730,G2290,G1911
Cluster_169	SAMEA6875136,SAMEA6875137,G2785
Cluster_17	G2332,G2328,SAMEA6875665
Cluster_171	SAMEA6875317,G2979
Cluster_174	G3090,G2931
Cluster_177	G1908,G2483m,SAMEA6875527,G2481,G3376
Cluster_178	SAMEA5076137,SAMEA5076101,SAMEA5076156,G3061
Cluster_179	SAMEA6875563,G3135
Cluster_181	G2266,SAMEA6875504
Cluster_182	G2685,G2837,G2698,G3188,SAMEA6875153
Cluster_183	G2853,SAMEA6875431
Cluster_185	SAMEA5076079,SAMEA5076125,G3714,G2271,G2248,SAMEA5076168,SAMEA5076059,SAMEA5076076,SAMEA5076115,G2496
Cluster_186	G2314,G2965,G2125,G2176m,SAMEA6875620
Cluster_187	SAMEA6875422,G2165
Cluster_189	G2026,G3060,SAMEA6875154,G2016,G3373,SAMEA6875156,G2298,SAMEA6875155,G2295
Cluster_19	G2047,G2183
Cluster_191	SAMEA5076061,G2038,G2475,SAMEA5076140,G2197m,G3505,SAMEA5076065,SAMEA5076080,G2201,SAMEA5076128,G2498m,G2049,G2193,G2198,SAMEA5076072,G2036,SAMEA5076127,SAMEA5076138
Cluster_192	G3374,SAMEA5076069,SAMEA5076085,G1855m,SAMEA5076094,G2215,SAMEA5076075,SAMEA5076124,SAMEA5076054
Cluster_193	SAMEA5076142,SAMEA5076165,SAMEA5076151,SAMEA5076074,G2133
Cluster_194	SAMEA6875063,G2451,SAMEA6875064,G2435
Cluster_195	G2669,G2957
Cluster_196	SAMEA6875152,G2943,G2464
Cluster_20	G3272,G3273,G3217,G3186
Cluster_21	G3130,G3128
Cluster_23	G2807,G2806
Cluster_24	G3085,G2307,SAMEA6875643
Cluster_25	SAMEA6875175,G2284,G2182,SAMEA6875176,SAMEA6875177
Cluster_27	G2293,G2289,G2291,G2258
Cluster_3	G2648,G2740,G2749
Cluster_30	SAMEA5076129,SAMEA5076083,G2725,G3046,SAMEA5076067,SAMEA5076066,SAMEA5076148,SAMEA5076120,G2856
Cluster_31	SAMEA6875166,G1854,SAMEA6875167,G3507
Cluster_32	SAMEA5076089,G1273,SAMEA5076161,SAMEA5076099,SAMEA5076088,G2230
Cluster_33	G3205,G2947
Cluster_34	G2620,SAMEA6875172,SAMEA6875173,G1867m,SAMEA6875174,G3322
Cluster_35	G2862,G2316,G2822,G2318,SAMEA6875566
Cluster_36	G2334,G2120
Cluster_38	SAMEA6875577,G2383
Cluster_39	G3169,G2987,G2991
Cluster_4	G2411,G2397
Cluster_40	SAMEA6875468,G2114
Cluster_43	SAMEA6875513,SAMEA6875418,G2179,G2836
Cluster_44	G2209,G2871,G2143,G2023m,SAMEA6875184,SAMEA6875186,G2485,G3031,SAMEA6875185,G2020,G1983m,G2755,G1986,G2155m,G3018
Cluster_45	G3089,G3087,G3088
Cluster_49	SAMEA6875073,SAMEA6875075,SAMEA6875074
Cluster_50	SAMEA5076119,G2780,SAMEA5076117,SAMEA5076147,SAMEA5076152
Cluster_51	G2186,G2033,G2200
Cluster_52	SAMEA6875110,G2136,SAMEA6875109
Cluster_53	G3257,G3116,G3243
Cluster_56	G2324,G2320
Cluster_57	G2759,G3026,G2126
Cluster_59	SAMEA6875622,G1558,G2065,G2661
Cluster_60	SAMEA6875306,G1935
Cluster_62	G2054m,SAMEA6875038,SAMEA6875040,G2962,SAMEA6875041,SAMEA6875039
Cluster_63	G3136,SAMEA6875368,G3039,G2805
Cluster_64	G2062,G2580
Cluster_65	SAMEA5076163,SAMEA5076121,SAMEA5076141,G3649,G2273,G2920,G1859,SAMEA5076056,G2631,G2130,SAMEA5076098,SAMEA5076097,SAMEA5076113,G2654,G2641,SAMEA5076093,G2779,SAMEA5076144,SAMEA5076084,G2936
Cluster_67	G3003,G2894
Cluster_68	SAMEA6875223,SAMEA6875222
Cluster_70	SAMEA6875105,G2470,SAMEA6875106
Cluster_72	SAMEA5076092,G2567,SAMEA5076095,G3658
Cluster_73	G3072,G2765,G3202,G2462,G3064,G3210,SAMEA5076068,SAMEA5076130,G3358,SAMEA5076166,G3500,SAMEA5076157,G2855,G2786,G3519,SAMEA5076162,G2097,G3023,SAMEA5076091
Cluster_74	SAMEA6875131,SAMEA6875133,SAMEA6875132,G2969
Cluster_75	G3514,G3501
Cluster_76	G2852,G2851,G2870
Cluster_78	SAMEA5076063,G3164,SAMEA5076086,SAMEA5076108,G3292,SAMEA5076107,G2079
Cluster_79	SAMEA6875478,G3512
Cluster_8	G2276,G2278
Cluster_80	SAMEA5076154,SAMEA5076062,G2533,SAMEA5076155,SAMEA5076145,SAMEA5076077
Cluster_81	G2263,G2255,G2254,G2341
Cluster_83	SAMEA6875651,G2275,G2581
Cluster_84	G2638,G2827
Cluster_85	G2750,G2430,G2096,SAMEA6875150,SAMEA6875151
Cluster_86	G3124,G3699
Cluster_87	G2074,G3305,SAMEA6875318
Cluster_88	SAMEA5076116,G3290,SAMEA5076060,SAMEA5076126,SAMEA5076109,SAMEA5076122
Cluster_89	G2465m,G2214,SAMEA6875640,G2469
Cluster_9	SAMEA6875143,SAMEA6875144,SAMEA6875142,G2970,G2971
Cluster_90	G2189,G2937,G2910,G3054,G2951,G2528,SAMEA6875375
Cluster_92	G3516,G3518
Cluster_93	G3705,SAMEA6875089,SAMEA6875088
Cluster_94	SAMEA6875103,G2343Lib2,SAMEA6875104,SAMEA6875102
Cluster_95	G1869m,SAMEA6875121,G2190,G2808,G2922,G1863,SAMEA6875120,G2813
Cluster_96	G2728,SAMEA6875397,G2024
Cluster_97	G3057,G3083,SAMEA6875246,G3229,G2301
Cluster_98	G2234,G2236,SAMEA6875240,SAMEA6875241,G2233,G2244
Cluster_99	G2306,G2309,G2344,SAMEA6875554,G2294,G2326
