"Samples","Filogenia1","Filogenia2"
"G2320","Renamed_cluster_99","Renamed_cluster_99"
"G2324","Renamed_cluster_99","Renamed_cluster_99"
"G3116","Renamed_cluster_98","Renamed_cluster_98"
"G3243","Renamed_cluster_98","Renamed_cluster_98"
"G3257","Renamed_cluster_98","Renamed_cluster_98"
"G2136","Renamed_cluster_97","Renamed_cluster_97"
"SAMEA6875109","Renamed_cluster_97","Renamed_cluster_97"
"SAMEA6875110","Renamed_cluster_97","Renamed_cluster_97"
"G2033","Renamed_cluster_96","Renamed_cluster_96"
"G2186","Renamed_cluster_96","Renamed_cluster_96"
"G2200","Renamed_cluster_96","Renamed_cluster_96"
"G2780","Renamed_cluster_95","Renamed_cluster_95"
"SAMEA5076117","Renamed_cluster_95","Renamed_cluster_95"
"SAMEA5076119","Renamed_cluster_95","Renamed_cluster_95"
"SAMEA5076147","Renamed_cluster_95","Renamed_cluster_95"
"SAMEA5076152","Renamed_cluster_95","Renamed_cluster_95"
"SAMEA6875073","Renamed_cluster_94","Renamed_cluster_94"
"SAMEA6875074","Renamed_cluster_94","Renamed_cluster_94"
"SAMEA6875075","Renamed_cluster_94","Renamed_cluster_94"
"G3087","Renamed_cluster_93","Renamed_cluster_93"
"G3088","Renamed_cluster_93","Renamed_cluster_93"
"G3089","Renamed_cluster_93","Renamed_cluster_93"
"G1983m","Renamed_cluster_92","Renamed_cluster_92"
"G1986","Renamed_cluster_92","Renamed_cluster_92"
"G2020","Renamed_cluster_92","Renamed_cluster_92"
"G2023m","Renamed_cluster_92","Renamed_cluster_92"
"G2143","Renamed_cluster_92","Renamed_cluster_92"
"G2155m","Renamed_cluster_92","Renamed_cluster_92"
"G2209","Renamed_cluster_92","Renamed_cluster_92"
"G2485","Renamed_cluster_92","Renamed_cluster_92"
"G2755","Renamed_cluster_92","Renamed_cluster_92"
"G2871","Renamed_cluster_92","Renamed_cluster_92"
"G3018","Renamed_cluster_92","Renamed_cluster_92"
"G3031","Renamed_cluster_92","Renamed_cluster_92"
"SAMEA6875184","Renamed_cluster_92","Renamed_cluster_92"
"SAMEA6875185","Renamed_cluster_92","Renamed_cluster_92"
"SAMEA6875186","Renamed_cluster_92","Renamed_cluster_92"
"G2179","Renamed_cluster_91","Renamed_cluster_91"
"G2836","Renamed_cluster_91","Renamed_cluster_91"
"SAMEA6875418","Renamed_cluster_91","Renamed_cluster_91"
"SAMEA6875513","Renamed_cluster_91","Renamed_cluster_91"
"G2114","Renamed_cluster_90","Renamed_cluster_90"
"SAMEA6875468","Renamed_cluster_90","Renamed_cluster_90"
"G2237","Renamed_cluster_9","Renamed_cluster_9"
"G2241","Renamed_cluster_9","Renamed_cluster_9"
"G2397","Renamed_cluster_89","Renamed_cluster_89"
"G2411","Renamed_cluster_89","Renamed_cluster_89"
"G2987","Renamed_cluster_88","Renamed_cluster_88"
"G2991","Renamed_cluster_88","Renamed_cluster_88"
"G3169","Renamed_cluster_88","Renamed_cluster_88"
"G2383","Renamed_cluster_87","Renamed_cluster_87"
"SAMEA6875577","Renamed_cluster_87","Renamed_cluster_87"
"G2120","Renamed_cluster_86","Renamed_cluster_86"
"G2334","Renamed_cluster_86","Renamed_cluster_86"
"G2316","Renamed_cluster_85","Renamed_cluster_85"
"G2318","Renamed_cluster_85","Renamed_cluster_85"
"G2822","Renamed_cluster_85","Renamed_cluster_85"
"G2862","Renamed_cluster_85","Renamed_cluster_85"
"SAMEA6875566","Renamed_cluster_85","Renamed_cluster_85"
"G1867m","Renamed_cluster_84","Renamed_cluster_84"
"G2620","Renamed_cluster_84","Renamed_cluster_84"
"G3322","Renamed_cluster_84","Renamed_cluster_84"
"SAMEA6875172","Renamed_cluster_84","Renamed_cluster_84"
"SAMEA6875173","Renamed_cluster_84","Renamed_cluster_84"
"SAMEA6875174","Renamed_cluster_84","Renamed_cluster_84"
"G2947","Renamed_cluster_83","Renamed_cluster_83"
"G3205","Renamed_cluster_83","Renamed_cluster_83"
"G1273","Renamed_cluster_82","Renamed_cluster_82"
"G2230","Renamed_cluster_82","Renamed_cluster_82"
"SAMEA5076088","Renamed_cluster_82","Renamed_cluster_82"
"SAMEA5076089","Renamed_cluster_82","Renamed_cluster_82"
"SAMEA5076099","Renamed_cluster_82","Renamed_cluster_82"
"SAMEA5076161","Renamed_cluster_82","Renamed_cluster_82"
"G1854","Renamed_cluster_81","Renamed_cluster_81"
"G3507","Renamed_cluster_81","Renamed_cluster_81"
"SAMEA6875166","Renamed_cluster_81","Renamed_cluster_81"
"SAMEA6875167","Renamed_cluster_81","Renamed_cluster_81"
"G2725","Renamed_cluster_80","Renamed_cluster_80"
"G2856","Renamed_cluster_80","Renamed_cluster_80"
"G3046","Renamed_cluster_80","Renamed_cluster_80"
"SAMEA5076066","Renamed_cluster_80","Renamed_cluster_80"
"SAMEA5076067","Renamed_cluster_80","Renamed_cluster_80"
"SAMEA5076083","Renamed_cluster_80","Renamed_cluster_80"
"SAMEA5076120","Renamed_cluster_80","Renamed_cluster_80"
"SAMEA5076129","Renamed_cluster_80","Renamed_cluster_80"
"SAMEA5076148","Renamed_cluster_80","Renamed_cluster_80"
"G2099","Renamed_cluster_8","Renamed_cluster_8"
"SAMEA6875443","Renamed_cluster_8","Renamed_cluster_8"
"G2648","Renamed_cluster_79","Renamed_cluster_79"
"G2740","Renamed_cluster_79","Renamed_cluster_79"
"G2749","Renamed_cluster_79","Renamed_cluster_79"
"G2258","Renamed_cluster_78","Renamed_cluster_78"
"G2289","Renamed_cluster_78","Renamed_cluster_78"
"G2291","Renamed_cluster_78","Renamed_cluster_78"
"G2293","Renamed_cluster_78","Renamed_cluster_78"
"G2182","Renamed_cluster_77","Renamed_cluster_77"
"G2284","Renamed_cluster_77","Renamed_cluster_77"
"SAMEA6875175","Renamed_cluster_77","Renamed_cluster_77"
"SAMEA6875176","Renamed_cluster_77","Renamed_cluster_77"
"SAMEA6875177","Renamed_cluster_77","Renamed_cluster_77"
"G2307","Renamed_cluster_76","Renamed_cluster_76"
"G3085","Renamed_cluster_76","Renamed_cluster_76"
"SAMEA6875643","Renamed_cluster_76","Renamed_cluster_76"
"G2806","Renamed_cluster_75","Renamed_cluster_75"
"G2807","Renamed_cluster_75","Renamed_cluster_75"
"G3128","Renamed_cluster_74","Renamed_cluster_74"
"G3130","Renamed_cluster_74","Renamed_cluster_74"
"G3186","Renamed_cluster_73","Renamed_cluster_73"
"G3217","Renamed_cluster_73","Renamed_cluster_73"
"G3272","Renamed_cluster_73","Renamed_cluster_73"
"G3273","Renamed_cluster_73","Renamed_cluster_73"
"G2464","Renamed_cluster_72","Renamed_cluster_72"
"G2943","Renamed_cluster_72","Renamed_cluster_72"
"SAMEA6875152","Renamed_cluster_72","Renamed_cluster_72"
"G2669","Renamed_cluster_71","Renamed_cluster_71"
"G2957","Renamed_cluster_71","Renamed_cluster_71"
"G2435","Renamed_cluster_70","Renamed_cluster_70"
"G2451","Renamed_cluster_70","Renamed_cluster_70"
"SAMEA6875063","Renamed_cluster_70","Renamed_cluster_70"
"SAMEA6875064","Renamed_cluster_70","Renamed_cluster_70"
"G2630","Renamed_cluster_7","Renamed_cluster_7"
"SAMEA6875234","Renamed_cluster_7","Renamed_cluster_7"
"SAMEA6875235","Renamed_cluster_7","Renamed_cluster_7"
"G2133","Renamed_cluster_69","Renamed_cluster_69"
"SAMEA5076074","Renamed_cluster_69","Renamed_cluster_69"
"SAMEA5076142","Renamed_cluster_69","Renamed_cluster_69"
"SAMEA5076151","Renamed_cluster_69","Renamed_cluster_69"
"SAMEA5076165","Renamed_cluster_69","Renamed_cluster_69"
"G2047","Renamed_cluster_68","Renamed_cluster_68"
"G2183","Renamed_cluster_68","Renamed_cluster_68"
"G2016","Renamed_cluster_67","Renamed_cluster_67"
"G2026","Renamed_cluster_67","Renamed_cluster_67"
"G2295","Renamed_cluster_67","Renamed_cluster_67"
"G2298","Renamed_cluster_67","Renamed_cluster_67"
"G3060","Renamed_cluster_67","Renamed_cluster_67"
"G3373","Renamed_cluster_67","Renamed_cluster_67"
"SAMEA6875154","Renamed_cluster_67","Renamed_cluster_67"
"SAMEA6875155","Renamed_cluster_67","Renamed_cluster_67"
"SAMEA6875156","Renamed_cluster_67","Renamed_cluster_67"
"G2165","Renamed_cluster_66","Renamed_cluster_66"
"SAMEA6875422","Renamed_cluster_66","Renamed_cluster_66"
"G2125","Renamed_cluster_65","Renamed_cluster_65"
"G2176m","Renamed_cluster_65","Renamed_cluster_65"
"G2314","Renamed_cluster_65","Renamed_cluster_65"
"G2965","Renamed_cluster_65","Renamed_cluster_65"
"SAMEA6875620","Renamed_cluster_65","Renamed_cluster_65"
"G2248","Renamed_cluster_64","Renamed_cluster_64"
"G2271","Renamed_cluster_64","Renamed_cluster_64"
"G2496","Renamed_cluster_64","Renamed_cluster_64"
"G3714","Renamed_cluster_64","Renamed_cluster_64"
"SAMEA5076059","Renamed_cluster_64","Renamed_cluster_64"
"SAMEA5076076","Renamed_cluster_64","Renamed_cluster_64"
"SAMEA5076079","Renamed_cluster_64","Renamed_cluster_64"
"SAMEA5076115","Renamed_cluster_64","Renamed_cluster_64"
"SAMEA5076125","Renamed_cluster_64","Renamed_cluster_64"
"SAMEA5076168","Renamed_cluster_64","Renamed_cluster_64"
"G2853","Renamed_cluster_63","Renamed_cluster_63"
"SAMEA6875431","Renamed_cluster_63","Renamed_cluster_63"
"G2685","Renamed_cluster_62","Renamed_cluster_62"
"G2698","Renamed_cluster_62","Renamed_cluster_62"
"G2837","Renamed_cluster_62","Renamed_cluster_62"
"G3188","Renamed_cluster_62","Renamed_cluster_62"
"SAMEA6875153","Renamed_cluster_62","Renamed_cluster_62"
"G2266","Renamed_cluster_61","Renamed_cluster_61"
"SAMEA6875504","Renamed_cluster_61","Renamed_cluster_61"
"G3135","Renamed_cluster_60","Renamed_cluster_60"
"SAMEA6875563","Renamed_cluster_60","Renamed_cluster_60"
"G2091","Renamed_cluster_6","Renamed_cluster_6"
"SAMEA6875090","Renamed_cluster_6","Renamed_cluster_6"
"SAMEA6875091","Renamed_cluster_6","Renamed_cluster_6"
"G3061","Renamed_cluster_59","Renamed_cluster_59"
"SAMEA5076101","Renamed_cluster_59","Renamed_cluster_59"
"SAMEA5076137","Renamed_cluster_59","Renamed_cluster_59"
"SAMEA5076156","Renamed_cluster_59","Renamed_cluster_59"
"G1908","Renamed_cluster_58","Renamed_cluster_58"
"G2481","Renamed_cluster_58","Renamed_cluster_58"
"G2483m","Renamed_cluster_58","Renamed_cluster_58"
"G3376","Renamed_cluster_58","Renamed_cluster_58"
"SAMEA6875527","Renamed_cluster_58","Renamed_cluster_58"
"G2931","Renamed_cluster_57","Renamed_cluster_57"
"G3090","Renamed_cluster_57","Renamed_cluster_57"
"G2979","Renamed_cluster_56","Renamed_cluster_56"
"SAMEA6875317","Renamed_cluster_56","Renamed_cluster_56"
"G2328","Renamed_cluster_55","Renamed_cluster_55"
"G2332","Renamed_cluster_55","Renamed_cluster_55"
"SAMEA6875665","Renamed_cluster_55","Renamed_cluster_55"
"G2785","Renamed_cluster_54","Renamed_cluster_54"
"SAMEA6875136","Renamed_cluster_54","Renamed_cluster_54"
"SAMEA6875137","Renamed_cluster_54","Renamed_cluster_54"
"G1911","Renamed_cluster_53","Renamed_cluster_53"
"G2290","Renamed_cluster_53","Renamed_cluster_53"
"G2730","Renamed_cluster_53","Renamed_cluster_53"
"G3239","Renamed_cluster_53","Renamed_cluster_53"
"SAMEA6875080","Renamed_cluster_53","Renamed_cluster_53"
"SAMEA6875081","Renamed_cluster_53","Renamed_cluster_53"
"G2990","Renamed_cluster_52","Renamed_cluster_52"
"SAMEA6875564","Renamed_cluster_52","Renamed_cluster_52"
"G2185","Renamed_cluster_51","Renamed_cluster_51"
"G2636","Renamed_cluster_51","Renamed_cluster_51"
"G3656","Renamed_cluster_51","Renamed_cluster_51"
"SAMEA6875195","Renamed_cluster_51","Renamed_cluster_51"
"SAMEA6875196","Renamed_cluster_51","Renamed_cluster_51"
"G2146","Renamed_cluster_50","Renamed_cluster_50"
"SAMEA6875611","Renamed_cluster_50","Renamed_cluster_50"
"G2137","Renamed_cluster_5","Renamed_cluster_5"
"G2152","Renamed_cluster_5","Renamed_cluster_5"
"G2416","Renamed_cluster_5","Renamed_cluster_5"
"G2460","Renamed_cluster_5","Renamed_cluster_5"
"G2632","Renamed_cluster_5","Renamed_cluster_5"
"G2671","Renamed_cluster_5","Renamed_cluster_5"
"G2932","Renamed_cluster_5","Renamed_cluster_5"
"G3020","Renamed_cluster_5","Renamed_cluster_5"
"G3062","Renamed_cluster_5","Renamed_cluster_5"
"G3276","Renamed_cluster_5","Renamed_cluster_5"
"G3278","Renamed_cluster_5","Renamed_cluster_5"
"G3652","Renamed_cluster_5","Renamed_cluster_5"
"SAMEA6875169","Renamed_cluster_5","Renamed_cluster_5"
"SAMEA6875170","Renamed_cluster_5","Renamed_cluster_5"
"SAMEA6875171","Renamed_cluster_5","Renamed_cluster_5"
"G1998","Renamed_cluster_49","Renamed_cluster_49"
"G2847","Renamed_cluster_49","Renamed_cluster_49"
"G2867","Renamed_cluster_48","Renamed_cluster_48"
"SAMEA6875052","Renamed_cluster_48","Renamed_cluster_48"
"G2259","Renamed_cluster_47","Renamed_cluster_47"
"G2261","Renamed_cluster_47","Renamed_cluster_47"
"G1992","Renamed_cluster_46","Renamed_cluster_46"
"G2177","Renamed_cluster_46","Renamed_cluster_46"
"G2458m","Renamed_cluster_46","Renamed_cluster_46"
"G2459m","Renamed_cluster_46","Renamed_cluster_46"
"G2466","Renamed_cluster_46","Renamed_cluster_46"
"G2476","Renamed_cluster_46","Renamed_cluster_46"
"G2684","Renamed_cluster_45","Renamed_cluster_45"
"SAMEA6875145","Renamed_cluster_45","Renamed_cluster_45"
"G2105","Renamed_cluster_44","Renamed_cluster_44"
"G3236","Renamed_cluster_44","Renamed_cluster_44"
"SAMEA5076070","Renamed_cluster_44","Renamed_cluster_44"
"SAMEA5076078","Renamed_cluster_44","Renamed_cluster_44"
"SAMEA5076087","Renamed_cluster_44","Renamed_cluster_44"
"SAMEA5076104","Renamed_cluster_44","Renamed_cluster_44"
"SAMEA5076112","Renamed_cluster_44","Renamed_cluster_44"
"SAMEA5076114","Renamed_cluster_44","Renamed_cluster_44"
"G1909","Renamed_cluster_43","Renamed_cluster_43"
"SAMEA6875476","Renamed_cluster_43","Renamed_cluster_43"
"G3252","Renamed_cluster_42","Renamed_cluster_42"
"SAMEA6875552","Renamed_cluster_42","Renamed_cluster_42"
"G3151","Renamed_cluster_41","Renamed_cluster_41"
"G3152","Renamed_cluster_41","Renamed_cluster_41"
"G3259","Renamed_cluster_40","Renamed_cluster_40"
"SAMEA6875558","Renamed_cluster_40","Renamed_cluster_40"
"G3218","Renamed_cluster_4","Renamed_cluster_4"
"G3327","Renamed_cluster_4","Renamed_cluster_4"
"G1969","Renamed_cluster_39","Renamed_cluster_39"
"SAMEA6875515","Renamed_cluster_39","Renamed_cluster_39"
"G3170","Renamed_cluster_38","Renamed_cluster_38"
"SAMEA6875462","Renamed_cluster_38","Renamed_cluster_38"
"G2491","Renamed_cluster_37","Renamed_cluster_37"
"SAMEA6875269","Renamed_cluster_37","Renamed_cluster_37"
"G1985","Renamed_cluster_36","Renamed_cluster_36"
"G3517","Renamed_cluster_36","Renamed_cluster_36"
"G1857m","Renamed_cluster_35","Renamed_cluster_35"
"G2184","Renamed_cluster_35","Renamed_cluster_35"
"G2410","Renamed_cluster_35","Renamed_cluster_35"
"G3007","Renamed_cluster_35","Renamed_cluster_35"
"G3506","Renamed_cluster_35","Renamed_cluster_35"
"SAMEA6875293","Renamed_cluster_35","Renamed_cluster_35"
"G3036","Renamed_cluster_34","Renamed_cluster_34"
"SAMEA6875029","Renamed_cluster_34","Renamed_cluster_34"
"SAMEA6875030","Renamed_cluster_34","Renamed_cluster_34"
"SAMEA6875031","Renamed_cluster_34","Renamed_cluster_34"
"G2571","Renamed_cluster_33","Renamed_cluster_33"
"G2579","Renamed_cluster_33","Renamed_cluster_33"
"G2443","Renamed_cluster_32","Renamed_cluster_32"
"G2607","Renamed_cluster_32","Renamed_cluster_32"
"SAMEA5076071","Renamed_cluster_32","Renamed_cluster_32"
"SAMEA5076081","Renamed_cluster_32","Renamed_cluster_32"
"SAMEA5076146","Renamed_cluster_32","Renamed_cluster_32"
"SAMEA5076149","Renamed_cluster_32","Renamed_cluster_32"
"G1989","Renamed_cluster_31","Renamed_cluster_31"
"G2436","Renamed_cluster_31","Renamed_cluster_31"
"G2861","Renamed_cluster_31","Renamed_cluster_31"
"SAMEA6875362","Renamed_cluster_31","Renamed_cluster_31"
"G2037","Renamed_cluster_30","Renamed_cluster_30"
"G2044","Renamed_cluster_30","Renamed_cluster_30"
"SAMEA6875071","Renamed_cluster_30","Renamed_cluster_30"
"SAMEA6875072","Renamed_cluster_30","Renamed_cluster_30"
"G3268","Renamed_cluster_3","Renamed_cluster_3"
"G3270","Renamed_cluster_3","Renamed_cluster_3"
"G2243","Renamed_cluster_29","Renamed_cluster_29"
"G2456","Renamed_cluster_29","Renamed_cluster_29"
"G2457","Renamed_cluster_29","Renamed_cluster_29"
"G3048","Renamed_cluster_29","Renamed_cluster_29"
"G3049","Renamed_cluster_29","Renamed_cluster_29"
"SAMEA6875113","Renamed_cluster_29","Renamed_cluster_29"
"SAMEA6875114","Renamed_cluster_29","Renamed_cluster_29"
"SAMEA6875115","Renamed_cluster_29","Renamed_cluster_29"
"G2119","Renamed_cluster_28","Renamed_cluster_28"
"G3235","Renamed_cluster_28","Renamed_cluster_28"
"G2606","Renamed_cluster_27","Renamed_cluster_27"
"G2610","Renamed_cluster_27","Renamed_cluster_27"
"SAMEA6875197","Renamed_cluster_27","Renamed_cluster_27"
"SAMEA6875198","Renamed_cluster_27","Renamed_cluster_27"
"G3192","Renamed_cluster_26","Renamed_cluster_26"
"G3385","Renamed_cluster_26","Renamed_cluster_26"
"G2138","Renamed_cluster_25","Renamed_cluster_25"
"G2873","Renamed_cluster_25","Renamed_cluster_25"
"G3091","Renamed_cluster_25","Renamed_cluster_25"
"SAMEA6875432","Renamed_cluster_25","Renamed_cluster_25"
"G2623","Renamed_cluster_24","Renamed_cluster_24"
"SAMEA6875187","Renamed_cluster_24","Renamed_cluster_24"
"SAMEA6875188","Renamed_cluster_24","Renamed_cluster_24"
"SAMEA6875189","Renamed_cluster_24","Renamed_cluster_24"
"G2783","Renamed_cluster_23","Renamed_cluster_23"
"SAMEA5076102","Renamed_cluster_23","Renamed_cluster_23"
"SAMEA5076103","Renamed_cluster_23","Renamed_cluster_23"
"SAMEA5076110","Renamed_cluster_23","Renamed_cluster_23"
"SAMEA5076135","Renamed_cluster_23","Renamed_cluster_23"
"SAMEA5076159","Renamed_cluster_23","Renamed_cluster_23"
"G1566","Renamed_cluster_22","Renamed_cluster_22"
"G2019","Renamed_cluster_22","Renamed_cluster_22"
"G2660","Renamed_cluster_22","Renamed_cluster_22"
"SAMEA6875148","Renamed_cluster_22","Renamed_cluster_22"
"SAMEA6875149","Renamed_cluster_22","Renamed_cluster_22"
"G1915","Renamed_cluster_21","Renamed_cluster_21"
"G1916","Renamed_cluster_21","Renamed_cluster_21"
"G1922","Renamed_cluster_21","Renamed_cluster_21"
"G2095","Renamed_cluster_21","Renamed_cluster_21"
"G2281","Renamed_cluster_21","Renamed_cluster_21"
"SAMEA6875203","Renamed_cluster_21","Renamed_cluster_21"
"SAMEA6875204","Renamed_cluster_21","Renamed_cluster_21"
"G1923","Renamed_cluster_20","Renamed_cluster_20"
"G2602","Renamed_cluster_20","Renamed_cluster_20"
"SAMEA6875045","Renamed_cluster_20","Renamed_cluster_20"
"SAMEA6875046","Renamed_cluster_20","Renamed_cluster_20"
"SAMEA6875047","Renamed_cluster_20","Renamed_cluster_20"
"G2211","Renamed_cluster_2","Renamed_cluster_2"
"G2798Lib2","Renamed_cluster_2","Renamed_cluster_2"
"G2801","Renamed_cluster_2","Renamed_cluster_2"
"G2168","Renamed_cluster_19","Renamed_cluster_19"
"G2848","Renamed_cluster_19","Renamed_cluster_19"
"SAMEA6875516","Renamed_cluster_19","Renamed_cluster_19"
"G2924","Renamed_cluster_18","Renamed_cluster_18"
"G2953","Renamed_cluster_18","Renamed_cluster_18"
"G3017","Renamed_cluster_18","Renamed_cluster_18"
"SAMEA6875470","Renamed_cluster_18","Renamed_cluster_18"
"G2280","Renamed_cluster_17","Renamed_cluster_17"
"G2532","Renamed_cluster_17","Renamed_cluster_17"
"G2624","Renamed_cluster_17","Renamed_cluster_17"
"SAMEA104221062","Renamed_cluster_17","Renamed_cluster_17"
"SAMEA104221066","Renamed_cluster_17","Renamed_cluster_17"
"SAMEA5076111","Renamed_cluster_17","Renamed_cluster_17"
"SAMEA5076139","Renamed_cluster_17","Renamed_cluster_17"
"SAMEA5076164","Renamed_cluster_17","Renamed_cluster_17"
"G3000","Renamed_cluster_16","Renamed_cluster_16"
"SAMEA6875511","Renamed_cluster_16","Renamed_cluster_16"
"G1914","Renamed_cluster_15","Renamed_cluster_15"
"G2743","Renamed_cluster_15","Renamed_cluster_15"
"G3241","Renamed_cluster_15","Renamed_cluster_15"
"SAMEA6875160","Renamed_cluster_15","Renamed_cluster_15"
"SAMEA6875161","Renamed_cluster_15","Renamed_cluster_15"
"SAMEA6875162","Renamed_cluster_15","Renamed_cluster_15"
"G2202","Renamed_cluster_14","Renamed_cluster_14"
"G2486","Renamed_cluster_14","Renamed_cluster_14"
"SAMEA6875585","Renamed_cluster_14","Renamed_cluster_14"
"G2294","Renamed_cluster_135","Renamed_cluster_135"
"G2306","Renamed_cluster_135","Renamed_cluster_135"
"G2309","Renamed_cluster_135","Renamed_cluster_135"
"G2326","Renamed_cluster_135","Renamed_cluster_135"
"G2344","Renamed_cluster_135","Renamed_cluster_135"
"SAMEA6875554","Renamed_cluster_135","Renamed_cluster_135"
"G2233","Renamed_cluster_134","Renamed_cluster_134"
"G2234","Renamed_cluster_134","Renamed_cluster_134"
"G2236","Renamed_cluster_134","Renamed_cluster_134"
"G2244","Renamed_cluster_134","Renamed_cluster_134"
"SAMEA6875240","Renamed_cluster_134","Renamed_cluster_134"
"SAMEA6875241","Renamed_cluster_134","Renamed_cluster_134"
"G2301","Renamed_cluster_133","Renamed_cluster_133"
"G3057","Renamed_cluster_133","Renamed_cluster_133"
"G3083","Renamed_cluster_133","Renamed_cluster_133"
"G3229","Renamed_cluster_133","Renamed_cluster_133"
"SAMEA6875246","Renamed_cluster_133","Renamed_cluster_133"
"G2024","Renamed_cluster_132","Renamed_cluster_132"
"G2728","Renamed_cluster_132","Renamed_cluster_132"
"SAMEA6875397","Renamed_cluster_132","Renamed_cluster_132"
"G1863","Renamed_cluster_131","Renamed_cluster_131"
"G1869m","Renamed_cluster_131","Renamed_cluster_131"
"G2190","Renamed_cluster_131","Renamed_cluster_131"
"G2808","Renamed_cluster_131","Renamed_cluster_131"
"G2813","Renamed_cluster_131","Renamed_cluster_131"
"G2922","Renamed_cluster_131","Renamed_cluster_131"
"SAMEA6875120","Renamed_cluster_131","Renamed_cluster_131"
"SAMEA6875121","Renamed_cluster_131","Renamed_cluster_131"
"G2343Lib2","Renamed_cluster_130","Renamed_cluster_130"
"SAMEA6875102","Renamed_cluster_130","Renamed_cluster_130"
"SAMEA6875103","Renamed_cluster_130","Renamed_cluster_130"
"SAMEA6875104","Renamed_cluster_130","Renamed_cluster_130"
"G2117","Renamed_cluster_13","Renamed_cluster_13"
"SAMEA6875349","Renamed_cluster_13","Renamed_cluster_13"
"G3705","Renamed_cluster_129","Renamed_cluster_129"
"SAMEA6875088","Renamed_cluster_129","Renamed_cluster_129"
"SAMEA6875089","Renamed_cluster_129","Renamed_cluster_129"
"G3516","Renamed_cluster_128","Renamed_cluster_128"
"G3518","Renamed_cluster_128","Renamed_cluster_128"
"G2189","Renamed_cluster_127","Renamed_cluster_127"
"G2528","Renamed_cluster_127","Renamed_cluster_127"
"G2910","Renamed_cluster_127","Renamed_cluster_127"
"G2937","Renamed_cluster_127","Renamed_cluster_127"
"G2951","Renamed_cluster_127","Renamed_cluster_127"
"G3054","Renamed_cluster_127","Renamed_cluster_127"
"SAMEA6875375","Renamed_cluster_127","Renamed_cluster_127"
"G2970","Renamed_cluster_126","Renamed_cluster_126"
"G2971","Renamed_cluster_126","Renamed_cluster_126"
"SAMEA6875142","Renamed_cluster_126","Renamed_cluster_126"
"SAMEA6875143","Renamed_cluster_126","Renamed_cluster_126"
"SAMEA6875144","Renamed_cluster_126","Renamed_cluster_126"
"G2214","Renamed_cluster_125","Renamed_cluster_125"
"G2465m","Renamed_cluster_125","Renamed_cluster_125"
"G2469","Renamed_cluster_125","Renamed_cluster_125"
"SAMEA6875640","Renamed_cluster_125","Renamed_cluster_125"
"G3290","Renamed_cluster_124","Renamed_cluster_124"
"SAMEA5076060","Renamed_cluster_124","Renamed_cluster_124"
"SAMEA5076109","Renamed_cluster_124","Renamed_cluster_124"
"SAMEA5076116","Renamed_cluster_124","Renamed_cluster_124"
"SAMEA5076122","Renamed_cluster_124","Renamed_cluster_124"
"SAMEA5076126","Renamed_cluster_124","Renamed_cluster_124"
"G2074","Renamed_cluster_123","Renamed_cluster_123"
"G3305","Renamed_cluster_123","Renamed_cluster_123"
"SAMEA6875318","Renamed_cluster_123","Renamed_cluster_123"
"G3124","Renamed_cluster_122","Renamed_cluster_122"
"G3699","Renamed_cluster_122","Renamed_cluster_122"
"G2096","Renamed_cluster_121","Renamed_cluster_121"
"G2430","Renamed_cluster_121","Renamed_cluster_121"
"G2750","Renamed_cluster_121","Renamed_cluster_121"
"SAMEA6875150","Renamed_cluster_121","Renamed_cluster_121"
"SAMEA6875151","Renamed_cluster_121","Renamed_cluster_121"
"G2638","Renamed_cluster_120","Renamed_cluster_120"
"G2827","Renamed_cluster_120","Renamed_cluster_120"
"G3125","Renamed_cluster_12","Renamed_cluster_12"
"G3153","Renamed_cluster_12","Renamed_cluster_12"
"G2275","Renamed_cluster_119","Renamed_cluster_119"
"G2581","Renamed_cluster_119","Renamed_cluster_119"
"SAMEA6875651","Renamed_cluster_119","Renamed_cluster_119"
"G2254","Renamed_cluster_118","Renamed_cluster_118"
"G2255","Renamed_cluster_118","Renamed_cluster_118"
"G2263","Renamed_cluster_118","Renamed_cluster_118"
"G2341","Renamed_cluster_118","Renamed_cluster_118"
"G2533","Renamed_cluster_117","Renamed_cluster_117"
"SAMEA5076062","Renamed_cluster_117","Renamed_cluster_117"
"SAMEA5076077","Renamed_cluster_117","Renamed_cluster_117"
"SAMEA5076145","Renamed_cluster_117","Renamed_cluster_117"
"SAMEA5076154","Renamed_cluster_117","Renamed_cluster_117"
"SAMEA5076155","Renamed_cluster_117","Renamed_cluster_117"
"G2276","Renamed_cluster_116","Renamed_cluster_116"
"G2278","Renamed_cluster_116","Renamed_cluster_116"
"G3512","Renamed_cluster_115","Renamed_cluster_115"
"SAMEA6875478","Renamed_cluster_115","Renamed_cluster_115"
"G2079","Renamed_cluster_114","Renamed_cluster_114"
"G3164","Renamed_cluster_114","Renamed_cluster_114"
"G3292","Renamed_cluster_114","Renamed_cluster_114"
"SAMEA5076063","Renamed_cluster_114","Renamed_cluster_114"
"SAMEA5076086","Renamed_cluster_114","Renamed_cluster_114"
"SAMEA5076107","Renamed_cluster_114","Renamed_cluster_114"
"SAMEA5076108","Renamed_cluster_114","Renamed_cluster_114"
"G2851","Renamed_cluster_113","Renamed_cluster_113"
"G2852","Renamed_cluster_113","Renamed_cluster_113"
"G2870","Renamed_cluster_113","Renamed_cluster_113"
"G3501","Renamed_cluster_112","Renamed_cluster_112"
"G3514","Renamed_cluster_112","Renamed_cluster_112"
"G2969","Renamed_cluster_111","Renamed_cluster_111"
"SAMEA6875131","Renamed_cluster_111","Renamed_cluster_111"
"SAMEA6875132","Renamed_cluster_111","Renamed_cluster_111"
"SAMEA6875133","Renamed_cluster_111","Renamed_cluster_111"
"G2097","Renamed_cluster_110","Renamed_cluster_110"
"G2462","Renamed_cluster_110","Renamed_cluster_110"
"G2765","Renamed_cluster_110","Renamed_cluster_110"
"G2786","Renamed_cluster_110","Renamed_cluster_110"
"G2855","Renamed_cluster_110","Renamed_cluster_110"
"G3023","Renamed_cluster_110","Renamed_cluster_110"
"G3064","Renamed_cluster_110","Renamed_cluster_110"
"G3072","Renamed_cluster_110","Renamed_cluster_110"
"G3202","Renamed_cluster_110","Renamed_cluster_110"
"G3210","Renamed_cluster_110","Renamed_cluster_110"
"G3358","Renamed_cluster_110","Renamed_cluster_110"
"G3500","Renamed_cluster_110","Renamed_cluster_110"
"G3519","Renamed_cluster_110","Renamed_cluster_110"
"SAMEA5076068","Renamed_cluster_110","Renamed_cluster_110"
"SAMEA5076091","Renamed_cluster_110","Renamed_cluster_110"
"SAMEA5076130","Renamed_cluster_110","Renamed_cluster_110"
"SAMEA5076157","Renamed_cluster_110","Renamed_cluster_110"
"SAMEA5076162","Renamed_cluster_110","Renamed_cluster_110"
"SAMEA5076166","Renamed_cluster_110","Renamed_cluster_110"
"G2080","Renamed_cluster_11","Renamed_cluster_11"
"SAMEA6875662","Renamed_cluster_11","Renamed_cluster_11"
"G2567","Renamed_cluster_109","Renamed_cluster_109"
"G3658","Renamed_cluster_109","Renamed_cluster_109"
"SAMEA5076092","Renamed_cluster_109","Renamed_cluster_109"
"SAMEA5076095","Renamed_cluster_109","Renamed_cluster_109"
"G2470","Renamed_cluster_108","Renamed_cluster_108"
"SAMEA6875105","Renamed_cluster_108","Renamed_cluster_108"
"SAMEA6875106","Renamed_cluster_108","Renamed_cluster_108"
"SAMEA6875222","Renamed_cluster_107","Renamed_cluster_107"
"SAMEA6875223","Renamed_cluster_107","Renamed_cluster_107"
"G2894","Renamed_cluster_106","Renamed_cluster_106"
"G3003","Renamed_cluster_106","Renamed_cluster_106"
"G2062","Renamed_cluster_105","Renamed_cluster_105"
"G2580","Renamed_cluster_105","Renamed_cluster_105"
"G2805","Renamed_cluster_104","Renamed_cluster_104"
"G3039","Renamed_cluster_104","Renamed_cluster_104"
"G3136","Renamed_cluster_104","Renamed_cluster_104"
"SAMEA6875368","Renamed_cluster_104","Renamed_cluster_104"
"G2054m","Renamed_cluster_103","Renamed_cluster_103"
"G2962","Renamed_cluster_103","Renamed_cluster_103"
"SAMEA6875038","Renamed_cluster_103","Renamed_cluster_103"
"SAMEA6875039","Renamed_cluster_103","Renamed_cluster_103"
"SAMEA6875040","Renamed_cluster_103","Renamed_cluster_103"
"SAMEA6875041","Renamed_cluster_103","Renamed_cluster_103"
"G1935","Renamed_cluster_102","Renamed_cluster_102"
"SAMEA6875306","Renamed_cluster_102","Renamed_cluster_102"
"G1558","Renamed_cluster_101","Renamed_cluster_101"
"G2065","Renamed_cluster_101","Renamed_cluster_101"
"G2661","Renamed_cluster_101","Renamed_cluster_101"
"SAMEA6875622","Renamed_cluster_101","Renamed_cluster_101"
"G2126","Renamed_cluster_100","Renamed_cluster_100"
"G2759","Renamed_cluster_100","Renamed_cluster_100"
"G3026","Renamed_cluster_100","Renamed_cluster_100"
"G2154","Renamed_cluster_10","Renamed_cluster_10"
"G2160","Renamed_cluster_10","Renamed_cluster_10"
"G3231","Renamed_cluster_10","Renamed_cluster_10"
"SAMEA5076123","Renamed_cluster_1","Renamed_cluster_1"
"SAMEA5076131","Renamed_cluster_1","Renamed_cluster_1"
"SAMEA5076132","Renamed_cluster_1","Renamed_cluster_1"
"SAMEA5076133","Renamed_cluster_1","Renamed_cluster_1"
"SAMEA6875560","Renamed_cluster_1","Renamed_cluster_1"
"G3515","Not_in_cluster_in_regular_phylo","Cluster_192"
"SAMEA5076106","Not_in_cluster_in_regular_phylo","Cluster_169"
"G1859","Renamed_cluster_136","Renamed_cluster_136"
"G2130","Renamed_cluster_136","Renamed_cluster_136"
"G2273","Renamed_cluster_136","Renamed_cluster_136"
"G2631","Renamed_cluster_136","Renamed_cluster_136"
"G2641","Renamed_cluster_136","Renamed_cluster_136"
"G2654","Renamed_cluster_136","Renamed_cluster_136"
"G2779","Renamed_cluster_136","Renamed_cluster_136"
"G2920","Renamed_cluster_136","Renamed_cluster_136"
"G2936","Renamed_cluster_136","Renamed_cluster_136"
"G3649","Renamed_cluster_136","Renamed_cluster_136"
"SAMEA5076056","Renamed_cluster_136","Renamed_cluster_136"
"SAMEA5076084","Renamed_cluster_136","Renamed_cluster_136"
"SAMEA5076093","Renamed_cluster_136","Renamed_cluster_136"
"SAMEA5076097","Renamed_cluster_136","Renamed_cluster_136"
"SAMEA5076098","Renamed_cluster_136","Renamed_cluster_136"
"SAMEA5076113","Renamed_cluster_136","Renamed_cluster_136"
"SAMEA5076121","Renamed_cluster_136","Renamed_cluster_136"
"SAMEA5076141","Renamed_cluster_136","Renamed_cluster_136"
"SAMEA5076144","Renamed_cluster_136","Renamed_cluster_136"
"SAMEA5076163","Renamed_cluster_136","Renamed_cluster_136"
"G1855m","Renamed_cluster_137","Renamed_cluster_137"
"G2215","Renamed_cluster_137","Renamed_cluster_137"
"G3374","Renamed_cluster_137","Renamed_cluster_137"
"SAMEA5076054","Renamed_cluster_137","Renamed_cluster_137"
"SAMEA5076069","Renamed_cluster_137","Renamed_cluster_137"
"SAMEA5076075","Renamed_cluster_137","Renamed_cluster_137"
"SAMEA5076085","Renamed_cluster_137","Renamed_cluster_137"
"SAMEA5076094","Renamed_cluster_137","Renamed_cluster_137"
"SAMEA5076124","Renamed_cluster_137","Renamed_cluster_137"
"G2036","Renamed_cluster_138","Renamed_cluster_138"
"G2038","Renamed_cluster_138","Renamed_cluster_138"
"G2049","Renamed_cluster_138","Renamed_cluster_138"
"G2193","Renamed_cluster_138","Renamed_cluster_138"
"G2197m","Renamed_cluster_138","Renamed_cluster_138"
"G2198","Renamed_cluster_138","Renamed_cluster_138"
"G2201","Renamed_cluster_138","Renamed_cluster_138"
"G2475","Renamed_cluster_138","Renamed_cluster_138"
"G2498m","Renamed_cluster_138","Renamed_cluster_138"
"G3505","Renamed_cluster_138","Renamed_cluster_138"
"SAMEA5076061","Renamed_cluster_138","Renamed_cluster_138"
"SAMEA5076065","Renamed_cluster_138","Renamed_cluster_138"
"SAMEA5076072","Renamed_cluster_138","Renamed_cluster_138"
"SAMEA5076080","Renamed_cluster_138","Renamed_cluster_138"
"SAMEA5076127","Renamed_cluster_138","Renamed_cluster_138"
"SAMEA5076128","Renamed_cluster_138","Renamed_cluster_138"
"SAMEA5076138","Renamed_cluster_138","Renamed_cluster_138"
"SAMEA5076140","Renamed_cluster_138","Renamed_cluster_138"
"G1865","Renamed_cluster_139","Renamed_cluster_139"
"G1955","Cluster_121","Not_in_cluster_in_placed_phylo"
"G2034","Renamed_cluster_139","Renamed_cluster_139"
"G2213","Renamed_cluster_139","Renamed_cluster_139"
"G2300m","Renamed_cluster_139","Renamed_cluster_139"
"SAMEA6875193","Cluster_121","Not_in_cluster_in_placed_phylo"
"SAMEA6875194","Renamed_cluster_139","Renamed_cluster_139"
