Cluster	Samples
Cluster_1	SAMEA6875082,SAMEA6875083
Cluster_2	G2856,G2725,G3046,SAMEA5076120,SAMEA5076067,SAMEA5076148,SAMEA5076083,SAMEA5076129,SAMEA5076066
Cluster_3	SAMEA6875065,SAMEA6875066
Cluster_4	G1558,SAMEA6875622,G2661,G2065
Cluster_5	SAMEA6875056,SAMEA6875054,SAMEA6875055
Cluster_6	SAMEA6875061,SAMEA6875062
Cluster_7	SAMEA6875189,G2623,SAMEA6875188,SAMEA6875187
Cluster_8	G2749,G2740,G2648
Cluster_9	SAMEA6875068,SAMEA6875070,SAMEA6875069,SAMEA6875067
Cluster_10	SAMEA5076132,SAMEA5076131,SAMEA5076123,SAMEA5076133,SAMEA6875560
Cluster_11	G3231,G2154,G2160
Cluster_12	G1314,SAMEA6875343
Cluster_13	SAMEA5076140,G2198,SAMEA5076065,SAMEA5076127,G2049,SAMEA5076072,G3505,G2498m,G2038,G2197m,SAMEA5076128,G2201,SAMEA5076080,SAMEA5076138,G2193,G2036,G2475
Cluster_14	SAMEA6875643,G2307,G3085
Cluster_15	G2571,G2579
Cluster_16	G2276,G2278
Cluster_17	SAMEA6875078,SAMEA6875076,SAMEA6875077,SAMEA6875079
Cluster_18	SAMEA6875043,SAMEA6875042,SAMEA6875044
Cluster_19	SAMEA5076088,SAMEA5076099,G1273,SAMEA5076161,SAMEA5076089,G2230
Cluster_20	G2182,SAMEA6875176,SAMEA6875177,G2284,SAMEA6875175
Cluster_21	G2332,G2328,SAMEA6875665
Cluster_22	G2528,G2189,SAMEA6875375,G2910,G2951,G3054,G2937
Cluster_23	SAMEA6875096,SAMEA6875097
Cluster_24	SAMEA6875101,SAMEA6875100
Cluster_25	G2183,G2047
Cluster_26	G2806,G2807
Cluster_27	G3273,G3272,G3186,G3217
Cluster_28	SAMEA6875084,SAMEA6875085
Cluster_29	G3128,G3130
Cluster_30	G2411,G2397
Cluster_31	G2953,G2924,G3017,SAMEA6875470
Cluster_32	G2289,G2293,G2291,G2258
Cluster_33	SAMEA6875037,SAMEA6875036,SAMEA6875035
Cluster_34	G2971,SAMEA6875144,SAMEA6875142,SAMEA6875143,G2970
Cluster_35	G2155m,G1986,G2020,SAMEA6875185,G2023m,G3031,G1983m,G2143,G2871,SAMEA6875186,G2755,G2485,G3018,G2209,SAMEA6875184
Cluster_36	G2186,G2200,G2033
Cluster_37	SAMEA6875167,G1854,G3507,SAMEA6875166
Cluster_38	SAMEA5076100,SAMEA5076090
Cluster_39	SAMEA6875192,SAMEA6875191,SAMEA6875190
Cluster_40	SAMEA6875087,SAMEA6875086
Cluster_41	SAMEA6875236,SAMEA6875237
Cluster_42	SAMEA5076092,SAMEA5076095,G3658,G2567
Cluster_43	SAMEA6875223,SAMEA6875222
Cluster_44	G2894,G3003
Cluster_45	SAMEA6875224,SAMEA6875225
Cluster_46	SAMEA6875105,G2470,SAMEA6875106
Cluster_47	SAMEA6875057,SAMEA6875058
Cluster_48	SAMEA6875306,G1935
Cluster_49	G2255,G2263,G2341,G2254
Cluster_50	G2136,SAMEA6875110,SAMEA6875109
Cluster_51	SAMEA6875513,SAMEA6875418,G2179,G2836
Cluster_52	G2580,G2062
Cluster_53	SAMEA6875226,SAMEA6875227
Cluster_54	SAMEA6875024,SAMEA6875023,SAMEA6875025
Cluster_55	G2120,G2334
Cluster_56	SAMEA6875174,G1867m,G3322,SAMEA6875172,SAMEA6875173,G2620
Cluster_57	SAMEA6875577,G2383
Cluster_58	SAMEA6875468,G2114
Cluster_59	SAMEA5076119,SAMEA5076152,G2780,SAMEA5076117,SAMEA5076147
Cluster_60	G2922,G1863,G2808,G1869m,G2813,SAMEA6875121,G2190,SAMEA6875120
Cluster_61	G3088,G3087,G3089
Cluster_62	SAMEA6875028,SAMEA6875026,SAMEA6875027
Cluster_63	SAMEA6875074,SAMEA6875075,SAMEA6875073
Cluster_64	G3026,G2126,G2759
Cluster_65	G3257,G3243,G3116
Cluster_66	G2324,G2320
Cluster_67	SAMEA6875232,SAMEA6875233
Cluster_68	G2987,G3169,G2991
Cluster_69	SAMEA6875032,SAMEA6875033,SAMEA6875034
Cluster_70	G2947,G3205
Cluster_71	SAMEA6875211,SAMEA6875212,G1514
Cluster_72	G2862,SAMEA6875566,G2822,G2318,G2316
Cluster_73	SAMEA6875119,SAMEA6875118
Cluster_74	G3699,G3124
Cluster_75	SAMEA5076062,G2533,SAMEA5076145,SAMEA5076155,SAMEA5076077,SAMEA5076154
Cluster_76	G2096,G2430,SAMEA6875150,SAMEA6875151,G2750
Cluster_77	G2870,G2851,G2852
Cluster_78	SAMEA6875088,SAMEA6875089,G3705
Cluster_79	SAMEA6875122,SAMEA6875123
Cluster_80	SAMEA6875397,G2728,G2024
Cluster_81	SAMEA5076063,SAMEA5076107,G3292,SAMEA5076108,G3164,G2079,SAMEA5076086
Cluster_82	G2469,SAMEA6875640,G2214,G2465m
Cluster_83	SAMEA5076126,SAMEA5076116,SAMEA5076060,SAMEA5076109,G3290,SAMEA5076122
Cluster_84	G3516,G3518
Cluster_85	SAMEA6875103,SAMEA6875102,G2343Lib2,SAMEA6875104
Cluster_86	SAMEA6875132,SAMEA6875133,G2969,SAMEA6875131
Cluster_87	G2638,G2827
Cluster_88	G2581,G2275,SAMEA6875651
Cluster_89	G3229,G2301,G3083,G3057,SAMEA6875246
Cluster_90	SAMEA6875240,G2244,G2234,G2233,G2236,SAMEA6875241
Cluster_91	G3039,SAMEA6875368,G3136,G2805
Cluster_92	G3305,SAMEA6875318,G2074
Cluster_93	SAMEA6875217,SAMEA6875219,SAMEA6875218
Cluster_94	G3514,G3501
Cluster_95	SAMEA6875231,SAMEA6875230
Cluster_96	SAMEA5076130,SAMEA5076091,G3064,G3202,G2786,SAMEA5076157,G2765,G3023,G3210,G3358,G2855,G2462,G3519,SAMEA5076162,SAMEA5076166,G3072,G2097,G3500,SAMEA5076068
Cluster_97	G2798Lib2,G2801,G2211
Cluster_98	G3268,G3270
Cluster_99	G3327,G3218
Cluster_100	G2481,SAMEA6875527,G1908,G2483m,G3376
Cluster_101	G2630,SAMEA6875235,SAMEA6875234
Cluster_102	G2099,SAMEA6875443
Cluster_103	SAMEA6875111,SAMEA6875112
Cluster_104	SAMEA6875090,SAMEA6875091,G2091
Cluster_105	G2624,SAMEA5076164,SAMEA5076111,G2532,SAMEA104221066,SAMEA104221062,G2280,SAMEA5076139
Cluster_107	G2660,G2019,SAMEA6875148,G1566,SAMEA6875149
Cluster_108	SAMEA6875215,SAMEA6875216
Cluster_109	SAMEA6875207,SAMEA6875208
Cluster_110	G1914,G2743,SAMEA6875162,SAMEA6875161,G3241,SAMEA6875160
Cluster_111	G3125,G3153
Cluster_112	G2213,G1865,G2300m,SAMEA6875194,G2034
Cluster_113	G2241,G2237
Cluster_114	SAMEA6875099,SAMEA6875098
Cluster_115	SAMEA5076158,SAMEA5076160,SAMEA5076153,SAMEA5076057
Cluster_116	G2117,SAMEA6875349
Cluster_117	G3000,SAMEA6875511
Cluster_118	SAMEA6875031,SAMEA6875030,G3036,SAMEA6875029
Cluster_119	G2306,G2344,G2326,SAMEA6875554,G2309,G2294
Cluster_120	G3235,G2119
Cluster_121	SAMEA5076146,SAMEA5076071,SAMEA5076149,G2443,SAMEA5076081,G2607
Cluster_122	SAMEA6875182,SAMEA6875181,SAMEA6875183
Cluster_123	SAMEA6875159,SAMEA6875157,SAMEA6875158
Cluster_124	SAMEA6875362,G2436,G1989,G2861
Cluster_125	G2932,G2416,G3276,G2671,SAMEA6875169,G3020,G3652,SAMEA6875170,G2152,G2460,SAMEA6875171,G3062,G2137,G3278,G2632
Cluster_126	SAMEA6875072,G2044,G2037,SAMEA6875071
Cluster_127	SAMEA6875045,SAMEA6875047,SAMEA6875046,G1923,G2602
Cluster_128	SAMEA6875048,SAMEA6875050,SAMEA6875049
Cluster_129	SAMEA6875432,G2138,G2873,G3091
Cluster_130	G3385,G3192
Cluster_131	SAMEA6875124,SAMEA6875125
Cluster_132	G2080,SAMEA6875662
Cluster_133	SAMEA5076110,SAMEA5076135,SAMEA5076159,G2783,SAMEA5076103,SAMEA5076102
Cluster_134	G2848,G2168,SAMEA6875516
Cluster_135	G2610,SAMEA6875198,SAMEA6875197,G2606
Cluster_136	G1915,SAMEA6875203,G2095,G1922,SAMEA6875204,G2281,G1916
Cluster_137	SAMEA6875116,SAMEA6875117
Cluster_138	SAMEA6875053,SAMEA6875051
Cluster_140	G2491,SAMEA6875269
Cluster_141	G2184,SAMEA6875293,G1857m,G3007,G2410,G3506
Cluster_142	G3151,G3152
Cluster_143	SAMEA6875041,SAMEA6875038,G2962,SAMEA6875039,G2054m,SAMEA6875040
Cluster_144	SAMEA6875165,SAMEA6875163
Cluster_145	G1992,G2459m,G2177,G2466,G2476,G2458m
Cluster_146	G2259,G2261
Cluster_147	G3517,G1985
Cluster_148	SAMEA6875515,G1969
Cluster_149	SAMEA6875128,SAMEA6875129,SAMEA6875130
Cluster_150	SAMEA6875476,G1909
Cluster_151	SAMEA6875206,SAMEA6875205
Cluster_152	SAMEA5076112,SAMEA5076114,SAMEA5076087,SAMEA5076078,G2105,SAMEA5076104,SAMEA5076070,G3236
Cluster_153	SAMEA5076064,SAMEA5076118,SAMEA5076167,SAMEA5076082
Cluster_154	SAMEA6875114,G2243,SAMEA6875115,G2456,G3049,G3048,SAMEA6875113,G2457
Cluster_155	SAMEA6875094,SAMEA6875095
Cluster_156	SAMEA6875209,SAMEA6875210
Cluster_157	SAMEA6875136,G2785,SAMEA6875137
Cluster_158	G2290,G3239,G1911,SAMEA6875081,G2730,SAMEA6875080
Cluster_159	G2990,SAMEA6875564
Cluster_160	SAMEA6875213,SAMEA6875214
Cluster_161	SAMEA6875531,G1866m
Cluster_162	SAMEA6875108,SAMEA6875107
Cluster_163	G2867,SAMEA6875052
Cluster_164	G1998,G2847
Cluster_165	SAMEA6875585,G2486,G2202
Cluster_166	SAMEA6875611,G2146
Cluster_167	SAMEA6875199,SAMEA6875200
Cluster_168	G2979,SAMEA6875317
Cluster_169	SAMEA5076106,G2130,G2654,SAMEA5076163,G1859,G2631,SAMEA5076098,SAMEA5076093,G2641,SAMEA5076141,G2779,SAMEA5076097,SAMEA5076084,G2920,G3649,G2273,SAMEA5076144,SAMEA5076121,SAMEA5076113,SAMEA5076056,G2936
Cluster_170	SAMEA6875462,G3170
Cluster_171	G3259,SAMEA6875558
Cluster_172	G3512,SAMEA6875478
Cluster_173	G2684,SAMEA6875145
Cluster_196	G2669,G2957
Cluster_174	SAMEA6875552,G3252
Cluster_175	SAMEA6875135,SAMEA6875134
Cluster_176	G2931,G3090
Cluster_177	SAMEA6875127,SAMEA6875126
Cluster_178	G1898,SAMEA6875650
Cluster_179	SAMEA5076137,SAMEA5076156,SAMEA5076101,G3061
Cluster_180	SAMEA6875178,SAMEA6875180
Cluster_181	G3656,SAMEA6875196,G2636,G2185,SAMEA6875195
Cluster_182	G2685,G2698,SAMEA6875153,G2837,G3188
Cluster_197	SAMEA6875152,G2943,G2464
Cluster_183	G3135,SAMEA6875563
Cluster_184	SAMEA6875504,G2266
Cluster_185	SAMEA5076059,SAMEA5076079,SAMEA5076076,SAMEA5076168,G2271,SAMEA5076115,G3714,G2248,SAMEA5076125,G2496
Cluster_186	SAMEA6875140,SAMEA6875141
Cluster_187	G2314,G2965,SAMEA6875620,G2125,G2176m
Cluster_188	SAMEA6875422,G2165
Cluster_189	SAMEA5076142,SAMEA5076151,SAMEA5076074,SAMEA5076165,G2133
Cluster_190	SAMEA6875154,G3060,G2295,SAMEA6875155,SAMEA6875156,G3373,G2298,G2016,G2026
Cluster_191	G2853,SAMEA6875431
Cluster_192	SAMEA5076085,SAMEA5076124,SAMEA5076069,G2215,SAMEA5076054,SAMEA5076094,G1855m,SAMEA5076075,G3374,G3515
Cluster_193	SAMEA6875201,SAMEA6875202
Cluster_195	SAMEA6875063,SAMEA6875064,G2435,G2451
