"Samples","Filogenia1","Filogenia2"
"SAMN19688333","Renamed_cluster_99","Renamed_cluster_99"
"SAMN19688351","Renamed_cluster_99","Renamed_cluster_99"
"SAMN19658141","Renamed_cluster_98","Renamed_cluster_98"
"SAMN19688225","Renamed_cluster_98","Renamed_cluster_98"
"SAMN19657694","Renamed_cluster_97","Renamed_cluster_97"
"SAMN19688244","Renamed_cluster_97","Renamed_cluster_97"
"SAMN19657395","Renamed_cluster_96","Renamed_cluster_96"
"SAMN19657656","Renamed_cluster_96","Renamed_cluster_96"
"SAMN19657958","Renamed_cluster_96","Renamed_cluster_96"
"SAMN19688216","Renamed_cluster_96","Renamed_cluster_96"
"SAMN19688218","Renamed_cluster_96","Renamed_cluster_96"
"SAMN19688278","Renamed_cluster_96","Renamed_cluster_96"
"SAMN19688286","Renamed_cluster_96","Renamed_cluster_96"
"SAMN19688295","Renamed_cluster_96","Renamed_cluster_96"
"SAMN19688320","Renamed_cluster_96","Renamed_cluster_96"
"SAMN19688355","Renamed_cluster_96","Renamed_cluster_96"
"SAMN19688672","Renamed_cluster_96","Renamed_cluster_96"
"SAMN19688129","Renamed_cluster_95","Renamed_cluster_95"
"SAMN19688131","Renamed_cluster_95","Renamed_cluster_95"
"SAMN19657939","Renamed_cluster_94","Renamed_cluster_94"
"SAMN19658127","Renamed_cluster_94","Renamed_cluster_94"
"SAMN19658132","Renamed_cluster_94","Renamed_cluster_94"
"SAMN19688567","Renamed_cluster_93","Renamed_cluster_93"
"SAMN19694171","Renamed_cluster_93","Renamed_cluster_93"
"SAMN19657530","Renamed_cluster_92","Renamed_cluster_92"
"SAMN19657902","Renamed_cluster_92","Renamed_cluster_92"
"SAMN19657904","Renamed_cluster_92","Renamed_cluster_92"
"SAMN19657634","Renamed_cluster_91","Renamed_cluster_91"
"SAMN19687906","Renamed_cluster_91","Renamed_cluster_91"
"SAMN19657464","Renamed_cluster_90","Renamed_cluster_90"
"SAMN19657593","Renamed_cluster_90","Renamed_cluster_90"
"SAMN19657746","Renamed_cluster_90","Renamed_cluster_90"
"SAMN19688360","Renamed_cluster_90","Renamed_cluster_90"
"SAMN19688049","Renamed_cluster_9","Renamed_cluster_9"
"SAMN19688635","Renamed_cluster_9","Renamed_cluster_9"
"SAMN19657947","Renamed_cluster_89","Renamed_cluster_89"
"SAMN19688457","Renamed_cluster_89","Renamed_cluster_89"
"SAMN19688620","Renamed_cluster_89","Renamed_cluster_89"
"SAMN19694048","Renamed_cluster_89","Renamed_cluster_89"
"SAMN19657268","Renamed_cluster_88","Renamed_cluster_88"
"SAMN19657609","Renamed_cluster_88","Renamed_cluster_88"
"SAMN19657749","Renamed_cluster_88","Renamed_cluster_88"
"SAMN19657989","Renamed_cluster_88","Renamed_cluster_88"
"SAMN19658010","Renamed_cluster_88","Renamed_cluster_88"
"SAMN19688157","Renamed_cluster_88","Renamed_cluster_88"
"SAMN19688224","Renamed_cluster_88","Renamed_cluster_88"
"SAMN19687879","Renamed_cluster_87","Renamed_cluster_87"
"SAMN19688269","Renamed_cluster_87","Renamed_cluster_87"
"SAMN19688516","Renamed_cluster_86","Renamed_cluster_86"
"SAMN19688684","Renamed_cluster_86","Renamed_cluster_86"
"SAMN19657227","Renamed_cluster_85","Renamed_cluster_85"
"SAMN19657332","Renamed_cluster_85","Renamed_cluster_85"
"SAMN19657340","Renamed_cluster_85","Renamed_cluster_85"
"SAMN19657400","Renamed_cluster_85","Renamed_cluster_85"
"SAMN19657401","Renamed_cluster_85","Renamed_cluster_85"
"SAMN19657435","Renamed_cluster_85","Renamed_cluster_85"
"SAMN19657447","Renamed_cluster_85","Renamed_cluster_85"
"SAMN19657499","Renamed_cluster_85","Renamed_cluster_85"
"SAMN19657622","Renamed_cluster_85","Renamed_cluster_85"
"SAMN19657688","Renamed_cluster_85","Renamed_cluster_85"
"SAMN19657784","Renamed_cluster_85","Renamed_cluster_85"
"SAMN19657836","Renamed_cluster_85","Renamed_cluster_85"
"SAMN19657842","Renamed_cluster_85","Renamed_cluster_85"
"SAMN19657909","Renamed_cluster_85","Renamed_cluster_85"
"SAMN19657953","Renamed_cluster_85","Renamed_cluster_85"
"SAMN19657979","Renamed_cluster_85","Renamed_cluster_85"
"SAMN19657992","Renamed_cluster_85","Renamed_cluster_85"
"SAMN19658055","Renamed_cluster_85","Renamed_cluster_85"
"SAMN19658133","Renamed_cluster_85","Renamed_cluster_85"
"SAMN19658135","Renamed_cluster_85","Renamed_cluster_85"
"SAMN19658137","Renamed_cluster_85","Renamed_cluster_85"
"SAMN19687964","Renamed_cluster_85","Renamed_cluster_85"
"SAMN19688151","Renamed_cluster_85","Renamed_cluster_85"
"SAMN19688245","Renamed_cluster_85","Renamed_cluster_85"
"SAMN19688321","Renamed_cluster_85","Renamed_cluster_85"
"SAMN19688437","Renamed_cluster_85","Renamed_cluster_85"
"SAMN19688438","Renamed_cluster_85","Renamed_cluster_85"
"SAMN19688446","Renamed_cluster_85","Renamed_cluster_85"
"SAMN19688489","Renamed_cluster_85","Renamed_cluster_85"
"SAMN19688502","Renamed_cluster_85","Renamed_cluster_85"
"SAMN19688570","Renamed_cluster_85","Renamed_cluster_85"
"SAMN19688610","Renamed_cluster_85","Renamed_cluster_85"
"SAMN19688657","Renamed_cluster_85","Renamed_cluster_85"
"SAMN19688667","Renamed_cluster_85","Renamed_cluster_85"
"SAMN19688724","Renamed_cluster_85","Renamed_cluster_85"
"SAMN19694100","Renamed_cluster_85","Renamed_cluster_85"
"SAMN19694175","Renamed_cluster_85","Renamed_cluster_85"
"SAMN19687799","Renamed_cluster_84","Renamed_cluster_84"
"SAMN19687841","Renamed_cluster_84","Renamed_cluster_84"
"SAMN19688068","Renamed_cluster_83","Renamed_cluster_83"
"SAMN19688069","Renamed_cluster_83","Renamed_cluster_83"
"SAMN19657170","Renamed_cluster_82","Renamed_cluster_82"
"SAMN19657178","Renamed_cluster_82","Renamed_cluster_82"
"SAMN19657193","Renamed_cluster_82","Renamed_cluster_82"
"SAMN19657199","Renamed_cluster_82","Renamed_cluster_82"
"SAMN19657211","Renamed_cluster_82","Renamed_cluster_82"
"SAMN19657225","Renamed_cluster_82","Renamed_cluster_82"
"SAMN19657235","Renamed_cluster_82","Renamed_cluster_82"
"SAMN19657248","Renamed_cluster_82","Renamed_cluster_82"
"SAMN19657260","Renamed_cluster_82","Renamed_cluster_82"
"SAMN19657320","Renamed_cluster_82","Renamed_cluster_82"
"SAMN19657348","Renamed_cluster_82","Renamed_cluster_82"
"SAMN19657358","Renamed_cluster_82","Renamed_cluster_82"
"SAMN19657405","Renamed_cluster_82","Renamed_cluster_82"
"SAMN19657416","Renamed_cluster_82","Renamed_cluster_82"
"SAMN19657429","Renamed_cluster_82","Renamed_cluster_82"
"SAMN19657451","Renamed_cluster_82","Renamed_cluster_82"
"SAMN19657465","Renamed_cluster_82","Renamed_cluster_82"
"SAMN19657470","Renamed_cluster_82","Renamed_cluster_82"
"SAMN19657478","Renamed_cluster_82","Renamed_cluster_82"
"SAMN19657565","Renamed_cluster_82","Renamed_cluster_82"
"SAMN19657572","Renamed_cluster_82","Renamed_cluster_82"
"SAMN19657575","Renamed_cluster_82","Renamed_cluster_82"
"SAMN19657621","Renamed_cluster_82","Renamed_cluster_82"
"SAMN19657624","Renamed_cluster_82","Renamed_cluster_82"
"SAMN19657645","Renamed_cluster_82","Renamed_cluster_82"
"SAMN19657672","Renamed_cluster_82","Renamed_cluster_82"
"SAMN19657677","Renamed_cluster_82","Renamed_cluster_82"
"SAMN19657700","Renamed_cluster_82","Renamed_cluster_82"
"SAMN19657716","Renamed_cluster_82","Renamed_cluster_82"
"SAMN19657741","Renamed_cluster_82","Renamed_cluster_82"
"SAMN19657754","Renamed_cluster_82","Renamed_cluster_82"
"SAMN19657761","Renamed_cluster_82","Renamed_cluster_82"
"SAMN19657787","Renamed_cluster_82","Renamed_cluster_82"
"SAMN19657820","Renamed_cluster_82","Renamed_cluster_82"
"SAMN19657860","Renamed_cluster_82","Renamed_cluster_82"
"SAMN19657878","Renamed_cluster_82","Renamed_cluster_82"
"SAMN19657910","Renamed_cluster_82","Renamed_cluster_82"
"SAMN19657915","Renamed_cluster_82","Renamed_cluster_82"
"SAMN19657962","Renamed_cluster_82","Renamed_cluster_82"
"SAMN19657966","Renamed_cluster_82","Renamed_cluster_82"
"SAMN19657990","Renamed_cluster_82","Renamed_cluster_82"
"SAMN19658004","Renamed_cluster_82","Renamed_cluster_82"
"SAMN19658007","Renamed_cluster_82","Renamed_cluster_82"
"SAMN19658014","Renamed_cluster_82","Renamed_cluster_82"
"SAMN19658017","Renamed_cluster_82","Renamed_cluster_82"
"SAMN19658038","Renamed_cluster_82","Renamed_cluster_82"
"SAMN19658052","Renamed_cluster_82","Renamed_cluster_82"
"SAMN19658093","Renamed_cluster_82","Renamed_cluster_82"
"SAMN19658105","Renamed_cluster_82","Renamed_cluster_82"
"SAMN19658142","Renamed_cluster_82","Renamed_cluster_82"
"SAMN19658143","Renamed_cluster_82","Renamed_cluster_82"
"SAMN19687776","Renamed_cluster_82","Renamed_cluster_82"
"SAMN19687785","Renamed_cluster_82","Renamed_cluster_82"
"SAMN19687808","Renamed_cluster_82","Renamed_cluster_82"
"SAMN19687842","Renamed_cluster_82","Renamed_cluster_82"
"SAMN19687857","Renamed_cluster_82","Renamed_cluster_82"
"SAMN19687898","Renamed_cluster_82","Renamed_cluster_82"
"SAMN19687941","Renamed_cluster_82","Renamed_cluster_82"
"SAMN19687951","Renamed_cluster_82","Renamed_cluster_82"
"SAMN19688083","Renamed_cluster_82","Renamed_cluster_82"
"SAMN19688086","Renamed_cluster_82","Renamed_cluster_82"
"SAMN19688180","Renamed_cluster_82","Renamed_cluster_82"
"SAMN19688190","Renamed_cluster_82","Renamed_cluster_82"
"SAMN19688242","Renamed_cluster_82","Renamed_cluster_82"
"SAMN19688338","Renamed_cluster_82","Renamed_cluster_82"
"SAMN19688359","Renamed_cluster_82","Renamed_cluster_82"
"SAMN19688365","Renamed_cluster_82","Renamed_cluster_82"
"SAMN19688463","Renamed_cluster_82","Renamed_cluster_82"
"SAMN19688541","Renamed_cluster_82","Renamed_cluster_82"
"SAMN19688593","Renamed_cluster_82","Renamed_cluster_82"
"SAMN19688596","Renamed_cluster_82","Renamed_cluster_82"
"SAMN19688598","Renamed_cluster_82","Renamed_cluster_82"
"SAMN19688606","Renamed_cluster_82","Renamed_cluster_82"
"SAMN19688636","Renamed_cluster_82","Renamed_cluster_82"
"SAMN19688658","Renamed_cluster_82","Renamed_cluster_82"
"SAMN19688674","Renamed_cluster_82","Renamed_cluster_82"
"SAMN19688703","Renamed_cluster_82","Renamed_cluster_82"
"SAMN19688705","Renamed_cluster_82","Renamed_cluster_82"
"SAMN19694016","Renamed_cluster_82","Renamed_cluster_82"
"SAMN19694027","Renamed_cluster_82","Renamed_cluster_82"
"SAMN19694038","Renamed_cluster_82","Renamed_cluster_82"
"SAMN19694064","Renamed_cluster_82","Renamed_cluster_82"
"SAMN19694085","Renamed_cluster_82","Renamed_cluster_82"
"SAMN19694189","Renamed_cluster_82","Renamed_cluster_82"
"SAMN19657240","Renamed_cluster_81","Renamed_cluster_81"
"SAMN19658113","Renamed_cluster_81","Renamed_cluster_81"
"SAMN19688378","Renamed_cluster_81","Renamed_cluster_81"
"SAMN19688409","Renamed_cluster_81","Renamed_cluster_81"
"SAMN19688442","Renamed_cluster_81","Renamed_cluster_81"
"SAMN19688513","Renamed_cluster_81","Renamed_cluster_81"
"SAMN19688542","Renamed_cluster_81","Renamed_cluster_81"
"SAMN19688553","Renamed_cluster_81","Renamed_cluster_81"
"SAMN19688607","Renamed_cluster_81","Renamed_cluster_81"
"SAMN19694204","Renamed_cluster_81","Renamed_cluster_81"
"SAMN19657422","Renamed_cluster_80","Renamed_cluster_80"
"SAMN19657571","Renamed_cluster_80","Renamed_cluster_80"
"SAMN19657629","Renamed_cluster_8","Renamed_cluster_8"
"SAMN19688488","Renamed_cluster_8","Renamed_cluster_8"
"SAMN19688408","Renamed_cluster_79","Renamed_cluster_79"
"SAMN19688482","Renamed_cluster_79","Renamed_cluster_79"
"SAMN19694151","Renamed_cluster_79","Renamed_cluster_79"
"SAMN19694237","Renamed_cluster_79","Renamed_cluster_79"
"SAMN19658018","Renamed_cluster_78","Renamed_cluster_78"
"SAMN19688292","Renamed_cluster_78","Renamed_cluster_78"
"SAMN19687806","Renamed_cluster_77","Renamed_cluster_77"
"SAMN19687922","Renamed_cluster_77","Renamed_cluster_77"
"SAMN19657750","Renamed_cluster_76","Renamed_cluster_76"
"SAMN19657914","Renamed_cluster_76","Renamed_cluster_76"
"SAMN19688192","Renamed_cluster_76","Renamed_cluster_76"
"SAMN19688364","Renamed_cluster_76","Renamed_cluster_76"
"SAMN19688375","Renamed_cluster_76","Renamed_cluster_76"
"SAMN19688379","Renamed_cluster_76","Renamed_cluster_76"
"SAMN19688383","Renamed_cluster_76","Renamed_cluster_76"
"SAMN19688386","Renamed_cluster_76","Renamed_cluster_76"
"SAMN19688387","Renamed_cluster_76","Renamed_cluster_76"
"SAMN19688396","Renamed_cluster_76","Renamed_cluster_76"
"SAMN19688398","Renamed_cluster_76","Renamed_cluster_76"
"SAMN19688417","Renamed_cluster_76","Renamed_cluster_76"
"SAMN19688426","Renamed_cluster_76","Renamed_cluster_76"
"SAMN19688429","Renamed_cluster_76","Renamed_cluster_76"
"SAMN19688444","Renamed_cluster_76","Renamed_cluster_76"
"SAMN19688449","Renamed_cluster_76","Renamed_cluster_76"
"SAMN19688454","Renamed_cluster_76","Renamed_cluster_76"
"SAMN19688456","Renamed_cluster_76","Renamed_cluster_76"
"SAMN19688458","Renamed_cluster_76","Renamed_cluster_76"
"SAMN19688460","Renamed_cluster_76","Renamed_cluster_76"
"SAMN19688467","Renamed_cluster_76","Renamed_cluster_76"
"SAMN19688473","Renamed_cluster_76","Renamed_cluster_76"
"SAMN19688474","Renamed_cluster_76","Renamed_cluster_76"
"SAMN19688475","Renamed_cluster_76","Renamed_cluster_76"
"SAMN19688476","Renamed_cluster_76","Renamed_cluster_76"
"SAMN19688485","Renamed_cluster_76","Renamed_cluster_76"
"SAMN19688486","Renamed_cluster_76","Renamed_cluster_76"
"SAMN19688487","Renamed_cluster_76","Renamed_cluster_76"
"SAMN19688491","Renamed_cluster_76","Renamed_cluster_76"
"SAMN19688499","Renamed_cluster_76","Renamed_cluster_76"
"SAMN19688500","Renamed_cluster_76","Renamed_cluster_76"
"SAMN19688508","Renamed_cluster_76","Renamed_cluster_76"
"SAMN19688509","Renamed_cluster_76","Renamed_cluster_76"
"SAMN19688511","Renamed_cluster_76","Renamed_cluster_76"
"SAMN19688540","Renamed_cluster_76","Renamed_cluster_76"
"SAMN19688546","Renamed_cluster_76","Renamed_cluster_76"
"SAMN19688561","Renamed_cluster_76","Renamed_cluster_76"
"SAMN19688566","Renamed_cluster_76","Renamed_cluster_76"
"SAMN19688583","Renamed_cluster_76","Renamed_cluster_76"
"SAMN19688584","Renamed_cluster_76","Renamed_cluster_76"
"SAMN19688585","Renamed_cluster_76","Renamed_cluster_76"
"SAMN19688592","Renamed_cluster_76","Renamed_cluster_76"
"SAMN19688597","Renamed_cluster_76","Renamed_cluster_76"
"SAMN19688600","Renamed_cluster_76","Renamed_cluster_76"
"SAMN19688604","Renamed_cluster_76","Renamed_cluster_76"
"SAMN19688613","Renamed_cluster_76","Renamed_cluster_76"
"SAMN19688616","Renamed_cluster_76","Renamed_cluster_76"
"SAMN19688622","Renamed_cluster_76","Renamed_cluster_76"
"SAMN19688623","Renamed_cluster_76","Renamed_cluster_76"
"SAMN19688630","Renamed_cluster_76","Renamed_cluster_76"
"SAMN19688633","Renamed_cluster_76","Renamed_cluster_76"
"SAMN19688680","Renamed_cluster_76","Renamed_cluster_76"
"SAMN19688694","Renamed_cluster_76","Renamed_cluster_76"
"SAMN19694010","Renamed_cluster_76","Renamed_cluster_76"
"SAMN19694024","Renamed_cluster_76","Renamed_cluster_76"
"SAMN19694071","Renamed_cluster_76","Renamed_cluster_76"
"SAMN19694083","Renamed_cluster_76","Renamed_cluster_76"
"SAMN19694090","Renamed_cluster_76","Renamed_cluster_76"
"SAMN19694103","Renamed_cluster_76","Renamed_cluster_76"
"SAMN19694105","Renamed_cluster_76","Renamed_cluster_76"
"SAMN19694106","Renamed_cluster_76","Renamed_cluster_76"
"SAMN19694111","Renamed_cluster_76","Renamed_cluster_76"
"SAMN19694112","Renamed_cluster_76","Renamed_cluster_76"
"SAMN19694113","Renamed_cluster_76","Renamed_cluster_76"
"SAMN19694115","Renamed_cluster_76","Renamed_cluster_76"
"SAMN19694117","Renamed_cluster_76","Renamed_cluster_76"
"SAMN19694126","Renamed_cluster_76","Renamed_cluster_76"
"SAMN19694132","Renamed_cluster_76","Renamed_cluster_76"
"SAMN19694134","Renamed_cluster_76","Renamed_cluster_76"
"SAMN19694135","Renamed_cluster_76","Renamed_cluster_76"
"SAMN19694136","Renamed_cluster_76","Renamed_cluster_76"
"SAMN19694144","Renamed_cluster_76","Renamed_cluster_76"
"SAMN19694152","Renamed_cluster_76","Renamed_cluster_76"
"SAMN19694155","Renamed_cluster_76","Renamed_cluster_76"
"SAMN19694159","Renamed_cluster_76","Renamed_cluster_76"
"SAMN19694178","Renamed_cluster_76","Renamed_cluster_76"
"SAMN19694179","Renamed_cluster_76","Renamed_cluster_76"
"SAMN19694193","Renamed_cluster_76","Renamed_cluster_76"
"SAMN19694202","Renamed_cluster_76","Renamed_cluster_76"
"SAMN19694206","Renamed_cluster_76","Renamed_cluster_76"
"SAMN19694207","Renamed_cluster_76","Renamed_cluster_76"
"SAMN19694208","Renamed_cluster_76","Renamed_cluster_76"
"SAMN19694209","Renamed_cluster_76","Renamed_cluster_76"
"SAMN19694211","Renamed_cluster_76","Renamed_cluster_76"
"SAMN19694213","Renamed_cluster_76","Renamed_cluster_76"
"SAMN19694215","Renamed_cluster_76","Renamed_cluster_76"
"SAMN19694219","Renamed_cluster_76","Renamed_cluster_76"
"SAMN19694227","Renamed_cluster_76","Renamed_cluster_76"
"SAMN19694233","Renamed_cluster_76","Renamed_cluster_76"
"SAMN19694236","Renamed_cluster_76","Renamed_cluster_76"
"SAMN19694243","Renamed_cluster_76","Renamed_cluster_76"
"SAMN19657956","Renamed_cluster_75","Renamed_cluster_75"
"SAMN19694049","Renamed_cluster_75","Renamed_cluster_75"
"SAMN19657204","Renamed_cluster_74","Renamed_cluster_74"
"SAMN19657250","Renamed_cluster_74","Renamed_cluster_74"
"SAMN19657500","Renamed_cluster_74","Renamed_cluster_74"
"SAMN19657614","Renamed_cluster_74","Renamed_cluster_74"
"SAMN19657949","Renamed_cluster_74","Renamed_cluster_74"
"SAMN19657981","Renamed_cluster_74","Renamed_cluster_74"
"SAMN19688522","Renamed_cluster_74","Renamed_cluster_74"
"SAMN19688565","Renamed_cluster_74","Renamed_cluster_74"
"SAMN19657407","Renamed_cluster_73","Renamed_cluster_73"
"SAMN19688163","Renamed_cluster_73","Renamed_cluster_73"
"SAMN19657206","Renamed_cluster_72","Renamed_cluster_72"
"SAMN19657222","Renamed_cluster_72","Renamed_cluster_72"
"SAMN19657287","Renamed_cluster_72","Renamed_cluster_72"
"SAMN19657319","Renamed_cluster_72","Renamed_cluster_72"
"SAMN19657372","Renamed_cluster_72","Renamed_cluster_72"
"SAMN19657385","Renamed_cluster_72","Renamed_cluster_72"
"SAMN19657489","Renamed_cluster_72","Renamed_cluster_72"
"SAMN19657516","Renamed_cluster_72","Renamed_cluster_72"
"SAMN19657521","Renamed_cluster_72","Renamed_cluster_72"
"SAMN19657526","Renamed_cluster_72","Renamed_cluster_72"
"SAMN19657611","Renamed_cluster_72","Renamed_cluster_72"
"SAMN19657642","Renamed_cluster_72","Renamed_cluster_72"
"SAMN19657879","Renamed_cluster_72","Renamed_cluster_72"
"SAMN19658081","Renamed_cluster_72","Renamed_cluster_72"
"SAMN19658139","Renamed_cluster_72","Renamed_cluster_72"
"SAMN19687938","Renamed_cluster_72","Renamed_cluster_72"
"SAMN19688136","Renamed_cluster_72","Renamed_cluster_72"
"SAMN19688266","Renamed_cluster_72","Renamed_cluster_72"
"SAMN19688339","Renamed_cluster_72","Renamed_cluster_72"
"SAMN19688661","Renamed_cluster_72","Renamed_cluster_72"
"SAMN19688732","Renamed_cluster_72","Renamed_cluster_72"
"SAMN19657160","Renamed_cluster_71","Renamed_cluster_71"
"SAMN19657167","Renamed_cluster_71","Renamed_cluster_71"
"SAMN19657244","Renamed_cluster_71","Renamed_cluster_71"
"SAMN19657258","Renamed_cluster_71","Renamed_cluster_71"
"SAMN19657306","Renamed_cluster_71","Renamed_cluster_71"
"SAMN19657316","Renamed_cluster_71","Renamed_cluster_71"
"SAMN19657331","Renamed_cluster_71","Renamed_cluster_71"
"SAMN19657361","Renamed_cluster_71","Renamed_cluster_71"
"SAMN19657381","Renamed_cluster_71","Renamed_cluster_71"
"SAMN19657433","Renamed_cluster_71","Renamed_cluster_71"
"SAMN19657527","Renamed_cluster_71","Renamed_cluster_71"
"SAMN19657558","Renamed_cluster_71","Renamed_cluster_71"
"SAMN19657576","Renamed_cluster_71","Renamed_cluster_71"
"SAMN19657601","Renamed_cluster_71","Renamed_cluster_71"
"SAMN19657751","Renamed_cluster_71","Renamed_cluster_71"
"SAMN19658023","Renamed_cluster_71","Renamed_cluster_71"
"SAMN19658084","Renamed_cluster_71","Renamed_cluster_71"
"SAMN19687971","Renamed_cluster_71","Renamed_cluster_71"
"SAMN19688063","Renamed_cluster_71","Renamed_cluster_71"
"SAMN19688289","Renamed_cluster_71","Renamed_cluster_71"
"SAMN19688308","Renamed_cluster_71","Renamed_cluster_71"
"SAMN19688331","Renamed_cluster_71","Renamed_cluster_71"
"SAMN19688407","Renamed_cluster_71","Renamed_cluster_71"
"SAMN19688412","Renamed_cluster_71","Renamed_cluster_71"
"SAMN19688578","Renamed_cluster_71","Renamed_cluster_71"
"SAMN19688681","Renamed_cluster_71","Renamed_cluster_71"
"SAMN19688688","Renamed_cluster_71","Renamed_cluster_71"
"SAMN19688763","Renamed_cluster_71","Renamed_cluster_71"
"SAMN19688765","Renamed_cluster_71","Renamed_cluster_71"
"SAMN19694098","Renamed_cluster_71","Renamed_cluster_71"
"SAMN19694104","Renamed_cluster_71","Renamed_cluster_71"
"SAMN19657496","Renamed_cluster_70","Renamed_cluster_70"
"SAMN19657498","Renamed_cluster_70","Renamed_cluster_70"
"SAMN19657682","Renamed_cluster_7","Renamed_cluster_7"
"SAMN19687839","Renamed_cluster_7","Renamed_cluster_7"
"SAMN19687956","Renamed_cluster_7","Renamed_cluster_7"
"SAMN19687970","Renamed_cluster_7","Renamed_cluster_7"
"SAMN19688425","Renamed_cluster_7","Renamed_cluster_7"
"SAMN19657421","Renamed_cluster_69","Renamed_cluster_69"
"SAMN19657643","Renamed_cluster_69","Renamed_cluster_69"
"SAMN19657156","Renamed_cluster_68","Renamed_cluster_68"
"SAMN19688288","Renamed_cluster_68","Renamed_cluster_68"
"SAMN19657293","Renamed_cluster_67","Renamed_cluster_67"
"SAMN19657322","Renamed_cluster_67","Renamed_cluster_67"
"SAMN19657562","Renamed_cluster_67","Renamed_cluster_67"
"SAMN19657675","Renamed_cluster_67","Renamed_cluster_67"
"SAMN19657691","Renamed_cluster_67","Renamed_cluster_67"
"SAMN19657739","Renamed_cluster_67","Renamed_cluster_67"
"SAMN19657866","Renamed_cluster_67","Renamed_cluster_67"
"SAMN19687825","Renamed_cluster_67","Renamed_cluster_67"
"SAMN19688427","Renamed_cluster_67","Renamed_cluster_67"
"SAMN19688480","Renamed_cluster_67","Renamed_cluster_67"
"SAMN19688550","Renamed_cluster_67","Renamed_cluster_67"
"SAMN19657786","Renamed_cluster_66","Renamed_cluster_66"
"SAMN19658131","Renamed_cluster_66","Renamed_cluster_66"
"SAMN19657726","Renamed_cluster_65","Renamed_cluster_65"
"SAMN19688318","Renamed_cluster_65","Renamed_cluster_65"
"SAMN19657175","Renamed_cluster_64","Renamed_cluster_64"
"SAMN19657300","Renamed_cluster_64","Renamed_cluster_64"
"SAMN19657355","Renamed_cluster_64","Renamed_cluster_64"
"SAMN19657454","Renamed_cluster_64","Renamed_cluster_64"
"SAMN19657456","Renamed_cluster_64","Renamed_cluster_64"
"SAMN19657887","Renamed_cluster_64","Renamed_cluster_64"
"SAMN19687782","Renamed_cluster_64","Renamed_cluster_64"
"SAMN19688065","Renamed_cluster_64","Renamed_cluster_64"
"SAMN19688066","Renamed_cluster_64","Renamed_cluster_64"
"SAMN19688128","Renamed_cluster_64","Renamed_cluster_64"
"SAMN19688165","Renamed_cluster_64","Renamed_cluster_64"
"SAMN19688273","Renamed_cluster_64","Renamed_cluster_64"
"SAMN19688580","Renamed_cluster_64","Renamed_cluster_64"
"SAMN19688768","Renamed_cluster_64","Renamed_cluster_64"
"SAMN19657161","Renamed_cluster_63","Renamed_cluster_63"
"SAMN19657218","Renamed_cluster_63","Renamed_cluster_63"
"SAMN19657302","Renamed_cluster_63","Renamed_cluster_63"
"SAMN19657312","Renamed_cluster_63","Renamed_cluster_63"
"SAMN19657346","Renamed_cluster_63","Renamed_cluster_63"
"SAMN19657452","Renamed_cluster_63","Renamed_cluster_63"
"SAMN19657462","Renamed_cluster_63","Renamed_cluster_63"
"SAMN19657487","Renamed_cluster_63","Renamed_cluster_63"
"SAMN19657665","Renamed_cluster_63","Renamed_cluster_63"
"SAMN19657765","Renamed_cluster_63","Renamed_cluster_63"
"SAMN19657768","Renamed_cluster_63","Renamed_cluster_63"
"SAMN19657873","Renamed_cluster_63","Renamed_cluster_63"
"SAMN19657888","Renamed_cluster_63","Renamed_cluster_63"
"SAMN19657988","Renamed_cluster_63","Renamed_cluster_63"
"SAMN19657998","Renamed_cluster_63","Renamed_cluster_63"
"SAMN19658068","Renamed_cluster_63","Renamed_cluster_63"
"SAMN19687845","Renamed_cluster_63","Renamed_cluster_63"
"SAMN19687861","Renamed_cluster_63","Renamed_cluster_63"
"SAMN19687880","Renamed_cluster_63","Renamed_cluster_63"
"SAMN19687914","Renamed_cluster_63","Renamed_cluster_63"
"SAMN19687947","Renamed_cluster_63","Renamed_cluster_63"
"SAMN19687967","Renamed_cluster_63","Renamed_cluster_63"
"SAMN19688060","Renamed_cluster_63","Renamed_cluster_63"
"SAMN19688114","Renamed_cluster_63","Renamed_cluster_63"
"SAMN19688144","Renamed_cluster_63","Renamed_cluster_63"
"SAMN19688145","Renamed_cluster_63","Renamed_cluster_63"
"SAMN19688306","Renamed_cluster_63","Renamed_cluster_63"
"SAMN19688348","Renamed_cluster_63","Renamed_cluster_63"
"SAMN19688441","Renamed_cluster_63","Renamed_cluster_63"
"SAMN19688521","Renamed_cluster_63","Renamed_cluster_63"
"SAMN19688525","Renamed_cluster_63","Renamed_cluster_63"
"SAMN19688547","Renamed_cluster_63","Renamed_cluster_63"
"SAMN19688656","Renamed_cluster_63","Renamed_cluster_63"
"SAMN19688751","Renamed_cluster_63","Renamed_cluster_63"
"SAMN19694053","Renamed_cluster_63","Renamed_cluster_63"
"SAMN19687920","Renamed_cluster_62","Renamed_cluster_62"
"SAMN19687973","Renamed_cluster_62","Renamed_cluster_62"
"SAMN19688038","Renamed_cluster_62","Renamed_cluster_62"
"SAMN19687867","Renamed_cluster_61","Renamed_cluster_61"
"SAMN19687932","Renamed_cluster_61","Renamed_cluster_61"
"SAMN19687960","Renamed_cluster_61","Renamed_cluster_61"
"SAMN19688014","Renamed_cluster_61","Renamed_cluster_61"
"SAMN19688651","Renamed_cluster_61","Renamed_cluster_61"
"SAMN19688704","Renamed_cluster_61","Renamed_cluster_61"
"SAMN19657308","Renamed_cluster_60","Renamed_cluster_60"
"SAMN19657391","Renamed_cluster_60","Renamed_cluster_60"
"SAMN19657964","Renamed_cluster_60","Renamed_cluster_60"
"SAMN19657426","Renamed_cluster_6","Renamed_cluster_6"
"SAMN19657710","Renamed_cluster_6","Renamed_cluster_6"
"SAMN19658048","Renamed_cluster_6","Renamed_cluster_6"
"SAMN19688335","Renamed_cluster_6","Renamed_cluster_6"
"SAMN19688336","Renamed_cluster_6","Renamed_cluster_6"
"SAMN19688344","Renamed_cluster_6","Renamed_cluster_6"
"SAMN19688353","Renamed_cluster_6","Renamed_cluster_6"
"SAMN19688731","Renamed_cluster_6","Renamed_cluster_6"
"SAMN19657864","Renamed_cluster_59","Renamed_cluster_59"
"SAMN19658041","Renamed_cluster_59","Renamed_cluster_59"
"SAMN19658063","Renamed_cluster_59","Renamed_cluster_59"
"SAMN19658091","Renamed_cluster_58","Renamed_cluster_58"
"SAMN19687775","Renamed_cluster_58","Renamed_cluster_58"
"SAMN19688544","Renamed_cluster_57","Renamed_cluster_57"
"SAMN19694035","Renamed_cluster_57","Renamed_cluster_57"
"SAMN19657497","Renamed_cluster_56","Renamed_cluster_56"
"SAMN19657832","Renamed_cluster_56","Renamed_cluster_56"
"SAMN19657450","Renamed_cluster_55","Renamed_cluster_55"
"SAMN19688064","Renamed_cluster_55","Renamed_cluster_55"
"SAMN19657334","Renamed_cluster_54","Renamed_cluster_54"
"SAMN19688023","Renamed_cluster_54","Renamed_cluster_54"
"SAMN19657166","Renamed_cluster_53","Renamed_cluster_53"
"SAMN19657753","Renamed_cluster_53","Renamed_cluster_53"
"SAMN19688235","Renamed_cluster_53","Renamed_cluster_53"
"SAMN19694012","Renamed_cluster_53","Renamed_cluster_53"
"SAMN19694025","Renamed_cluster_53","Renamed_cluster_53"
"SAMN19657798","Renamed_cluster_52","Renamed_cluster_52"
"SAMN19658067","Renamed_cluster_52","Renamed_cluster_52"
"SAMN19688312","Renamed_cluster_52","Renamed_cluster_52"
"SAMN19687883","Renamed_cluster_51","Renamed_cluster_51"
"SAMN19687927","Renamed_cluster_51","Renamed_cluster_51"
"SAMN19688276","Renamed_cluster_51","Renamed_cluster_51"
"SAMN19687949","Renamed_cluster_50","Renamed_cluster_50"
"SAMN19688573","Renamed_cluster_50","Renamed_cluster_50"
"SAMN19657596","Renamed_cluster_5","Renamed_cluster_5"
"SAMN19688325","Renamed_cluster_5","Renamed_cluster_5"
"SAMN19657271","Renamed_cluster_49","Renamed_cluster_49"
"SAMN19657690","Renamed_cluster_49","Renamed_cluster_49"
"SAMN19687983","Renamed_cluster_49","Renamed_cluster_49"
"SAMN19688277","Renamed_cluster_49","Renamed_cluster_49"
"SAMN19657246","Renamed_cluster_48","Renamed_cluster_48"
"SAMN19688268","Renamed_cluster_48","Renamed_cluster_48"
"SAMN19688302","Renamed_cluster_48","Renamed_cluster_48"
"SAMN19687915","Renamed_cluster_47","Renamed_cluster_47"
"SAMN19687916","Renamed_cluster_47","Renamed_cluster_47"
"SAMN19687889","Renamed_cluster_46","Renamed_cluster_46"
"SAMN19688025","Renamed_cluster_46","Renamed_cluster_46"
"SAMN19688034","Renamed_cluster_46","Renamed_cluster_46"
"SAMN19688167","Renamed_cluster_46","Renamed_cluster_46"
"SAMN19657307","Renamed_cluster_45","Renamed_cluster_45"
"SAMN19687904","Renamed_cluster_45","Renamed_cluster_45"
"SAMN19688293","Renamed_cluster_44","Renamed_cluster_44"
"SAMN19688385","Renamed_cluster_44","Renamed_cluster_44"
"SAMN19688558","Renamed_cluster_44","Renamed_cluster_44"
"SAMN19694047","Renamed_cluster_44","Renamed_cluster_44"
"SAMN19688381","Renamed_cluster_43","Renamed_cluster_43"
"SAMN19688524","Renamed_cluster_43","Renamed_cluster_43"
"SAMN19694118","Renamed_cluster_43","Renamed_cluster_43"
"SAMN19694177","Renamed_cluster_43","Renamed_cluster_43"
"SAMN19657183","Renamed_cluster_42","Renamed_cluster_42"
"SAMN19688143","Renamed_cluster_42","Renamed_cluster_42"
"SAMN19688313","Renamed_cluster_42","Renamed_cluster_42"
"SAMN19688314","Renamed_cluster_42","Renamed_cluster_42"
"SAMN19657419","Renamed_cluster_41","Renamed_cluster_41"
"SAMN19657764","Renamed_cluster_41","Renamed_cluster_41"
"SAMN19657799","Renamed_cluster_41","Renamed_cluster_41"
"SAMN19657976","Renamed_cluster_41","Renamed_cluster_41"
"SAMN19658016","Renamed_cluster_41","Renamed_cluster_41"
"SAMN19688470","Renamed_cluster_41","Renamed_cluster_41"
"SAMN19688697","Renamed_cluster_41","Renamed_cluster_41"
"SAMN19688736","Renamed_cluster_41","Renamed_cluster_41"
"SAMN19658027","Renamed_cluster_40","Renamed_cluster_40"
"SAMN19687824","Renamed_cluster_40","Renamed_cluster_40"
"SAMN19687980","Renamed_cluster_40","Renamed_cluster_40"
"SAMN19688134","Renamed_cluster_40","Renamed_cluster_40"
"SAMN19688371","Renamed_cluster_40","Renamed_cluster_40"
"SAMN19694086","Renamed_cluster_40","Renamed_cluster_40"
"SAMN19657815","Renamed_cluster_4","Renamed_cluster_4"
"SAMN19688196","Renamed_cluster_4","Renamed_cluster_4"
"SAMN19657658","Renamed_cluster_39","Renamed_cluster_39"
"SAMN19694073","Renamed_cluster_39","Renamed_cluster_39"
"SAMN19688374","Renamed_cluster_38","Renamed_cluster_38"
"SAMN19688599","Renamed_cluster_38","Renamed_cluster_38"
"SAMN19657207","Renamed_cluster_37","Renamed_cluster_37"
"SAMN19657239","Renamed_cluster_37","Renamed_cluster_37"
"SAMN19657542","Renamed_cluster_37","Renamed_cluster_37"
"SAMN19657747","Renamed_cluster_37","Renamed_cluster_37"
"SAMN19688010","Renamed_cluster_37","Renamed_cluster_37"
"SAMN19688041","Renamed_cluster_37","Renamed_cluster_37"
"SAMN19688081","Renamed_cluster_37","Renamed_cluster_37"
"SAMN19688223","Renamed_cluster_37","Renamed_cluster_37"
"SAMN19688262","Renamed_cluster_37","Renamed_cluster_37"
"SAMN19688380","Renamed_cluster_37","Renamed_cluster_37"
"SAMN19688715","Renamed_cluster_37","Renamed_cluster_37"
"SAMN19688759","Renamed_cluster_37","Renamed_cluster_37"
"SAMN19694014","Renamed_cluster_37","Renamed_cluster_37"
"SAMN19694182","Renamed_cluster_37","Renamed_cluster_37"
"SAMN19657513","Renamed_cluster_36","Renamed_cluster_36"
"SAMN19688388","Renamed_cluster_36","Renamed_cluster_36"
"SAMN19657163","Renamed_cluster_35","Renamed_cluster_35"
"SAMN19657192","Renamed_cluster_35","Renamed_cluster_35"
"SAMN19657595","Renamed_cluster_35","Renamed_cluster_35"
"SAMN19657673","Renamed_cluster_35","Renamed_cluster_35"
"SAMN19658019","Renamed_cluster_35","Renamed_cluster_35"
"SAMN19688337","Renamed_cluster_35","Renamed_cluster_35"
"SAMN19688733","Renamed_cluster_35","Renamed_cluster_35"
"SAMN19694042","Renamed_cluster_35","Renamed_cluster_35"
"SAMN19694069","Renamed_cluster_35","Renamed_cluster_35"
"SAMN19657758","Renamed_cluster_34","Renamed_cluster_34"
"SAMN19657857","Renamed_cluster_34","Renamed_cluster_34"
"SAMN19657317","Renamed_cluster_33","Renamed_cluster_33"
"SAMN19657555","Renamed_cluster_33","Renamed_cluster_33"
"SAMN19657561","Renamed_cluster_33","Renamed_cluster_33"
"SAMN19657329","Renamed_cluster_32","Renamed_cluster_32"
"SAMN19657330","Renamed_cluster_32","Renamed_cluster_32"
"SAMN19657460","Renamed_cluster_32","Renamed_cluster_32"
"SAMN19657537","Renamed_cluster_32","Renamed_cluster_32"
"SAMN19657680","Renamed_cluster_32","Renamed_cluster_32"
"SAMN19657907","Renamed_cluster_32","Renamed_cluster_32"
"SAMN19688155","Renamed_cluster_31","Renamed_cluster_31"
"SAMN19688156","Renamed_cluster_31","Renamed_cluster_31"
"SAMN19688247","Renamed_cluster_31","Renamed_cluster_31"
"SAMN19688248","Renamed_cluster_31","Renamed_cluster_31"
"SAMN19657328","Renamed_cluster_30","Renamed_cluster_30"
"SAMN19657570","Renamed_cluster_30","Renamed_cluster_30"
"SAMN19657837","Renamed_cluster_30","Renamed_cluster_30"
"SAMN19687838","Renamed_cluster_30","Renamed_cluster_30"
"SAMN19687844","Renamed_cluster_30","Renamed_cluster_30"
"SAMN19688200","Renamed_cluster_30","Renamed_cluster_30"
"SAMN19688322","Renamed_cluster_30","Renamed_cluster_30"
"SAMN19694011","Renamed_cluster_30","Renamed_cluster_30"
"SAMN19694153","Renamed_cluster_30","Renamed_cluster_30"
"SAMN19694164","Renamed_cluster_30","Renamed_cluster_30"
"SAMN19688002","Renamed_cluster_3","Renamed_cluster_3"
"SAMN19688125","Renamed_cluster_3","Renamed_cluster_3"
"SAMN19688275","Renamed_cluster_3","Renamed_cluster_3"
"SAMN19657301","Renamed_cluster_29","Renamed_cluster_29"
"SAMN19657508","Renamed_cluster_29","Renamed_cluster_29"
"SAMN19657580","Renamed_cluster_29","Renamed_cluster_29"
"SAMN19657619","Renamed_cluster_29","Renamed_cluster_29"
"SAMN19657639","Renamed_cluster_29","Renamed_cluster_29"
"SAMN19657708","Renamed_cluster_29","Renamed_cluster_29"
"SAMN19657759","Renamed_cluster_29","Renamed_cluster_29"
"SAMN19657789","Renamed_cluster_29","Renamed_cluster_29"
"SAMN19658104","Renamed_cluster_29","Renamed_cluster_29"
"SAMN19687810","Renamed_cluster_29","Renamed_cluster_29"
"SAMN19687972","Renamed_cluster_29","Renamed_cluster_29"
"SAMN19688135","Renamed_cluster_29","Renamed_cluster_29"
"SAMN19688279","Renamed_cluster_29","Renamed_cluster_29"
"SAMN19688346","Renamed_cluster_29","Renamed_cluster_29"
"SAMN19688530","Renamed_cluster_29","Renamed_cluster_29"
"SAMN19688531","Renamed_cluster_29","Renamed_cluster_29"
"SAMN19688648","Renamed_cluster_29","Renamed_cluster_29"
"SAMN19688683","Renamed_cluster_29","Renamed_cluster_29"
"SAMN19688761","Renamed_cluster_29","Renamed_cluster_29"
"SAMN19694054","Renamed_cluster_29","Renamed_cluster_29"
"SAMN19657182","Renamed_cluster_28","Renamed_cluster_28"
"SAMN19657187","Renamed_cluster_28","Renamed_cluster_28"
"SAMN19657378","Renamed_cluster_28","Renamed_cluster_28"
"SAMN19657760","Renamed_cluster_28","Renamed_cluster_28"
"SAMN19657776","Renamed_cluster_28","Renamed_cluster_28"
"SAMN19657778","Renamed_cluster_28","Renamed_cluster_28"
"SAMN19657980","Renamed_cluster_28","Renamed_cluster_28"
"SAMN19657181","Renamed_cluster_27","Renamed_cluster_27"
"SAMN19688316","Renamed_cluster_27","Renamed_cluster_27"
"SAMN19657351","Renamed_cluster_26","Renamed_cluster_26"
"SAMN19657871","Renamed_cluster_26","Renamed_cluster_26"
"SAMN19657936","Renamed_cluster_26","Renamed_cluster_26"
"SAMN19688019","Renamed_cluster_26","Renamed_cluster_26"
"SAMN19657325","Renamed_cluster_25","Renamed_cluster_25"
"SAMN19657344","Renamed_cluster_25","Renamed_cluster_25"
"SAMN19657574","Renamed_cluster_25","Renamed_cluster_25"
"SAMN19657661","Renamed_cluster_25","Renamed_cluster_25"
"SAMN19658024","Renamed_cluster_25","Renamed_cluster_25"
"SAMN19687795","Renamed_cluster_25","Renamed_cluster_25"
"SAMN19687900","Renamed_cluster_25","Renamed_cluster_25"
"SAMN19688253","Renamed_cluster_25","Renamed_cluster_25"
"SAMN19688254","Renamed_cluster_25","Renamed_cluster_25"
"SAMN19688652","Renamed_cluster_25","Renamed_cluster_25"
"SAMN19688653","Renamed_cluster_25","Renamed_cluster_25"
"SAMN19688712","Renamed_cluster_25","Renamed_cluster_25"
"SAMN19694029","Renamed_cluster_25","Renamed_cluster_25"
"SAMN19694172","Renamed_cluster_25","Renamed_cluster_25"
"SAMN19688004","Renamed_cluster_24","Renamed_cluster_24"
"SAMN19688067","Renamed_cluster_24","Renamed_cluster_24"
"SAMN19687820","Renamed_cluster_23","Renamed_cluster_23"
"SAMN19688121","Renamed_cluster_23","Renamed_cluster_23"
"SAMN19657686","Renamed_cluster_22","Renamed_cluster_22"
"SAMN19657720","Renamed_cluster_22","Renamed_cluster_22"
"SAMN19657221","Renamed_cluster_21","Renamed_cluster_21"
"SAMN19657535","Renamed_cluster_21","Renamed_cluster_21"
"SAMN19657921","Renamed_cluster_21","Renamed_cluster_21"
"SAMN19694084","Renamed_cluster_21","Renamed_cluster_21"
"SAMN19657196","Renamed_cluster_20","Renamed_cluster_20"
"SAMN19657253","Renamed_cluster_20","Renamed_cluster_20"
"SAMN19687778","Renamed_cluster_20","Renamed_cluster_20"
"SAMN19688730","Renamed_cluster_20","Renamed_cluster_20"
"SAMN19657190","Renamed_cluster_2","Renamed_cluster_2"
"SAMN19688170","Renamed_cluster_2","Renamed_cluster_2"
"SAMN19657808","Renamed_cluster_19","Renamed_cluster_19"
"SAMN19657963","Renamed_cluster_19","Renamed_cluster_19"
"SAMN19688171","Renamed_cluster_18","Renamed_cluster_18"
"SAMN19688354","Renamed_cluster_18","Renamed_cluster_18"
"SAMN19687921","Renamed_cluster_17","Renamed_cluster_17"
"SAMN19694091","Renamed_cluster_17","Renamed_cluster_17"
"SAMN19657549","Renamed_cluster_16","Renamed_cluster_16"
"SAMN19688211","Renamed_cluster_16","Renamed_cluster_16"
"SAMN19657197","Renamed_cluster_154","Renamed_cluster_154"
"SAMN19657314","Renamed_cluster_154","Renamed_cluster_154"
"SAMN19657379","Renamed_cluster_154","Renamed_cluster_154"
"SAMN19657757","Renamed_cluster_154","Renamed_cluster_154"
"SAMN19657771","Renamed_cluster_154","Renamed_cluster_154"
"SAMN19658049","Renamed_cluster_154","Renamed_cluster_154"
"SAMN19687790","Renamed_cluster_154","Renamed_cluster_154"
"SAMN19688050","Renamed_cluster_154","Renamed_cluster_154"
"SAMN19688343","Renamed_cluster_154","Renamed_cluster_154"
"SAMN19694019","Renamed_cluster_154","Renamed_cluster_154"
"SAMN19657245","Renamed_cluster_153","Renamed_cluster_153"
"SAMN19687869","Renamed_cluster_153","Renamed_cluster_153"
"SAMN19687954","Renamed_cluster_153","Renamed_cluster_153"
"SAMN19657468","Renamed_cluster_152","Renamed_cluster_152"
"SAMN19657745","Renamed_cluster_152","Renamed_cluster_152"
"SAMN19688238","Renamed_cluster_152","Renamed_cluster_152"
"SAMN19657201","Renamed_cluster_151","Renamed_cluster_151"
"SAMN19657663","Renamed_cluster_151","Renamed_cluster_151"
"SAMN19658103","Renamed_cluster_151","Renamed_cluster_151"
"SAMN19657273","Renamed_cluster_150","Renamed_cluster_150"
"SAMN19657393","Renamed_cluster_150","Renamed_cluster_150"
"SAMN19657583","Renamed_cluster_150","Renamed_cluster_150"
"SAMN19657715","Renamed_cluster_150","Renamed_cluster_150"
"SAMN19657882","Renamed_cluster_150","Renamed_cluster_150"
"SAMN19658118","Renamed_cluster_150","Renamed_cluster_150"
"SAMN19688080","Renamed_cluster_150","Renamed_cluster_150"
"SAMN19694050","Renamed_cluster_150","Renamed_cluster_150"
"SAMN19688070","Renamed_cluster_15","Renamed_cluster_15"
"SAMN19688126","Renamed_cluster_15","Renamed_cluster_15"
"SAMN19657742","Renamed_cluster_149","Renamed_cluster_149"
"SAMN19688147","Renamed_cluster_149","Renamed_cluster_149"
"SAMN19657560","Renamed_cluster_148","Renamed_cluster_148"
"SAMN19657994","Renamed_cluster_148","Renamed_cluster_148"
"SAMN19657996","Renamed_cluster_148","Renamed_cluster_148"
"SAMN19694245","Renamed_cluster_148","Renamed_cluster_148"
"SAMN19657243","Renamed_cluster_147","Renamed_cluster_147"
"SAMN19657547","Renamed_cluster_147","Renamed_cluster_147"
"SAMN19688012","Renamed_cluster_146","Renamed_cluster_146"
"SAMN19688106","Renamed_cluster_146","Renamed_cluster_146"
"SAMN19688745","Renamed_cluster_146","Renamed_cluster_146"
"SAMN19657834","Renamed_cluster_145","Renamed_cluster_145"
"SAMN19657835","Renamed_cluster_145","Renamed_cluster_145"
"SAMN19657991","Renamed_cluster_145","Renamed_cluster_145"
"SAMN19658149","Renamed_cluster_145","Renamed_cluster_145"
"SAMN19657445","Renamed_cluster_144","Renamed_cluster_144"
"SAMN19657534","Renamed_cluster_144","Renamed_cluster_144"
"SAMN19657220","Renamed_cluster_143","Renamed_cluster_143"
"SAMN19657582","Renamed_cluster_143","Renamed_cluster_143"
"SAMN19688431","Renamed_cluster_142","Renamed_cluster_142"
"SAMN19688433","Renamed_cluster_142","Renamed_cluster_142"
"SAMN19688632","Renamed_cluster_142","Renamed_cluster_142"
"SAMN19657483","Renamed_cluster_141","Renamed_cluster_141"
"SAMN19657531","Renamed_cluster_141","Renamed_cluster_141"
"SAMN19657636","Renamed_cluster_141","Renamed_cluster_141"
"SAMN19657671","Renamed_cluster_141","Renamed_cluster_141"
"SAMN19688006","Renamed_cluster_141","Renamed_cluster_141"
"SAMN19694181","Renamed_cluster_141","Renamed_cluster_141"
"SAMN19688389","Renamed_cluster_140","Renamed_cluster_140"
"SAMN19688390","Renamed_cluster_140","Renamed_cluster_140"
"SAMN19694160","Renamed_cluster_140","Renamed_cluster_140"
"SAMN19658101","Renamed_cluster_14","Renamed_cluster_14"
"SAMN19694065","Renamed_cluster_14","Renamed_cluster_14"
"SAMN19657326","Renamed_cluster_139","Renamed_cluster_139"
"SAMN19657337","Renamed_cluster_139","Renamed_cluster_139"
"SAMN19688062","Renamed_cluster_139","Renamed_cluster_139"
"SAMN19688159","Renamed_cluster_139","Renamed_cluster_139"
"SAMN19688198","Renamed_cluster_139","Renamed_cluster_139"
"SAMN19687903","Renamed_cluster_138","Renamed_cluster_138"
"SAMN19687988","Renamed_cluster_138","Renamed_cluster_138"
"SAMN19657954","Renamed_cluster_137","Renamed_cluster_137"
"SAMN19658000","Renamed_cluster_137","Renamed_cluster_137"
"SAMN19657916","Renamed_cluster_136","Renamed_cluster_136"
"SAMN19687832","Renamed_cluster_136","Renamed_cluster_136"
"SAMN19688045","Renamed_cluster_135","Renamed_cluster_135"
"SAMN19688047","Renamed_cluster_135","Renamed_cluster_135"
"SAMN19688051","Renamed_cluster_135","Renamed_cluster_135"
"SAMN19657920","Renamed_cluster_134","Renamed_cluster_134"
"SAMN19688637","Renamed_cluster_134","Renamed_cluster_134"
"SAMN19688707","Renamed_cluster_134","Renamed_cluster_134"
"SAMN19657327","Renamed_cluster_133","Renamed_cluster_133"
"SAMN19688158","Renamed_cluster_133","Renamed_cluster_133"
"SAMN19657913","Renamed_cluster_132","Renamed_cluster_132"
"SAMN19657934","Renamed_cluster_132","Renamed_cluster_132"
"SAMN19658075","Renamed_cluster_131","Renamed_cluster_131"
"SAMN19688154","Renamed_cluster_131","Renamed_cluster_131"
"SAMN19688358","Renamed_cluster_131","Renamed_cluster_131"
"SAMN19657437","Renamed_cluster_130","Renamed_cluster_130"
"SAMN19657650","Renamed_cluster_130","Renamed_cluster_130"
"SAMN19657922","Renamed_cluster_13","Renamed_cluster_13"
"SAMN19687868","Renamed_cluster_13","Renamed_cluster_13"
"SAMN19657179","Renamed_cluster_129","Renamed_cluster_129"
"SAMN19687840","Renamed_cluster_129","Renamed_cluster_129"
"SAMN19687870","Renamed_cluster_129","Renamed_cluster_129"
"SAMN19687875","Renamed_cluster_129","Renamed_cluster_129"
"SAMN19687943","Renamed_cluster_129","Renamed_cluster_129"
"SAMN19687998","Renamed_cluster_129","Renamed_cluster_129"
"SAMN19688127","Renamed_cluster_129","Renamed_cluster_129"
"SAMN19657208","Renamed_cluster_128","Renamed_cluster_128"
"SAMN19657357","Renamed_cluster_128","Renamed_cluster_128"
"SAMN19657728","Renamed_cluster_128","Renamed_cluster_128"
"SAMN19688102","Renamed_cluster_127","Renamed_cluster_127"
"SAMN19688103","Renamed_cluster_127","Renamed_cluster_127"
"SAMN19657740","Renamed_cluster_126","Renamed_cluster_126"
"SAMN19657744","Renamed_cluster_126","Renamed_cluster_126"
"SAMN19688466","Renamed_cluster_125","Renamed_cluster_125"
"SAMN19688682","Renamed_cluster_125","Renamed_cluster_125"
"SAMN19688686","Renamed_cluster_125","Renamed_cluster_125"
"SAMN19688091","Renamed_cluster_124","Renamed_cluster_124"
"SAMN19688092","Renamed_cluster_124","Renamed_cluster_124"
"SAMN19688527","Renamed_cluster_123","Renamed_cluster_123"
"SAMN19688532","Renamed_cluster_123","Renamed_cluster_123"
"SAMN19688574","Renamed_cluster_123","Renamed_cluster_123"
"SAMN19657648","Renamed_cluster_122","Renamed_cluster_122"
"SAMN19657730","Renamed_cluster_122","Renamed_cluster_122"
"SAMN19687979","Renamed_cluster_122","Renamed_cluster_122"
"SAMN19687865","Renamed_cluster_121","Renamed_cluster_121"
"SAMN19688138","Renamed_cluster_121","Renamed_cluster_121"
"SAMN19687816","Renamed_cluster_120","Renamed_cluster_120"
"SAMN19688076","Renamed_cluster_120","Renamed_cluster_120"
"SAMN19688055","Renamed_cluster_12","Renamed_cluster_12"
"SAMN19688212","Renamed_cluster_12","Renamed_cluster_12"
"SAMN19688639","Renamed_cluster_12","Renamed_cluster_12"
"SAMN19688340","Renamed_cluster_119","Renamed_cluster_119"
"SAMN19688416","Renamed_cluster_119","Renamed_cluster_119"
"SAMN19688479","Renamed_cluster_118","Renamed_cluster_118"
"SAMN19688519","Renamed_cluster_118","Renamed_cluster_118"
"SAMN19657525","Renamed_cluster_117","Renamed_cluster_117"
"SAMN19688033","Renamed_cluster_117","Renamed_cluster_117"
"SAMN19657233","Renamed_cluster_116","Renamed_cluster_116"
"SAMN19657265","Renamed_cluster_116","Renamed_cluster_116"
"SAMN19688210","Renamed_cluster_115","Renamed_cluster_115"
"SAMN19688345","Renamed_cluster_115","Renamed_cluster_115"
"SAMN19694081","Renamed_cluster_115","Renamed_cluster_115"
"SAMN19657310","Renamed_cluster_114","Renamed_cluster_114"
"SAMN19657375","Renamed_cluster_114","Renamed_cluster_114"
"SAMN19657459","Renamed_cluster_114","Renamed_cluster_114"
"SAMN19657523","Renamed_cluster_114","Renamed_cluster_114"
"SAMN19658083","Renamed_cluster_114","Renamed_cluster_114"
"SAMN19687851","Renamed_cluster_114","Renamed_cluster_114"
"SAMN19687953","Renamed_cluster_114","Renamed_cluster_114"
"SAMN19687963","Renamed_cluster_114","Renamed_cluster_114"
"SAMN19688035","Renamed_cluster_114","Renamed_cluster_114"
"SAMN19688178","Renamed_cluster_114","Renamed_cluster_114"
"SAMN19688766","Renamed_cluster_114","Renamed_cluster_114"
"SAMN19657264","Renamed_cluster_113","Renamed_cluster_113"
"SAMN19657366","Renamed_cluster_113","Renamed_cluster_113"
"SAMN19658136","Renamed_cluster_113","Renamed_cluster_113"
"SAMN19688140","Renamed_cluster_113","Renamed_cluster_113"
"SAMN19688213","Renamed_cluster_113","Renamed_cluster_113"
"SAMN19688257","Renamed_cluster_113","Renamed_cluster_113"
"SAMN19657807","Renamed_cluster_112","Renamed_cluster_112"
"SAMN19688148","Renamed_cluster_112","Renamed_cluster_112"
"SAMN19657198","Renamed_cluster_111","Renamed_cluster_111"
"SAMN19687933","Renamed_cluster_111","Renamed_cluster_111"
"SAMN19688185","Renamed_cluster_110","Renamed_cluster_110"
"SAMN19688186","Renamed_cluster_110","Renamed_cluster_110"
"SAMN19688187","Renamed_cluster_110","Renamed_cluster_110"
"SAMN19687893","Renamed_cluster_11","Renamed_cluster_11"
"SAMN19688116","Renamed_cluster_11","Renamed_cluster_11"
"SAMN19657480","Renamed_cluster_109","Renamed_cluster_109"
"SAMN19688664","Renamed_cluster_109","Renamed_cluster_109"
"SAMN19694020","Renamed_cluster_109","Renamed_cluster_109"
"SAMN19657877","Renamed_cluster_108","Renamed_cluster_108"
"SAMN19687860","Renamed_cluster_108","Renamed_cluster_108"
"SAMN19687993","Renamed_cluster_107","Renamed_cluster_107"
"SAMN19687996","Renamed_cluster_107","Renamed_cluster_107"
"SAMN19657529","Renamed_cluster_106","Renamed_cluster_106"
"SAMN19657732","Renamed_cluster_106","Renamed_cluster_106"
"SAMN19657752","Renamed_cluster_106","Renamed_cluster_106"
"SAMN19658015","Renamed_cluster_106","Renamed_cluster_106"
"SAMN19658028","Renamed_cluster_106","Renamed_cluster_106"
"SAMN19688005","Renamed_cluster_106","Renamed_cluster_106"
"SAMN19688569","Renamed_cluster_106","Renamed_cluster_106"
"SAMN19688644","Renamed_cluster_106","Renamed_cluster_106"
"SAMN19688754","Renamed_cluster_106","Renamed_cluster_106"
"SAMN19694187","Renamed_cluster_106","Renamed_cluster_106"
"SAMN19657296","Renamed_cluster_105","Renamed_cluster_105"
"SAMN19657617","Renamed_cluster_105","Renamed_cluster_105"
"SAMN19657652","Renamed_cluster_105","Renamed_cluster_105"
"SAMN19657897","Renamed_cluster_105","Renamed_cluster_105"
"SAMN19657984","Renamed_cluster_105","Renamed_cluster_105"
"SAMN19688640","Renamed_cluster_105","Renamed_cluster_105"
"SAMN19688713","Renamed_cluster_105","Renamed_cluster_105"
"SAMN19687827","Renamed_cluster_104","Renamed_cluster_104"
"SAMN19687848","Renamed_cluster_104","Renamed_cluster_104"
"SAMN19688202","Renamed_cluster_104","Renamed_cluster_104"
"SAMN19657390","Renamed_cluster_103","Renamed_cluster_103"
"SAMN19657591","Renamed_cluster_103","Renamed_cluster_103"
"SAMN19688423","Renamed_cluster_103","Renamed_cluster_103"
"SAMN19688690","Renamed_cluster_103","Renamed_cluster_103"
"SAMN19688459","Renamed_cluster_102","Renamed_cluster_102"
"SAMN19688465","Renamed_cluster_102","Renamed_cluster_102"
"SAMN19688619","Renamed_cluster_102","Renamed_cluster_102"
"SAMN19657578","Renamed_cluster_101","Renamed_cluster_101"
"SAMN19688329","Renamed_cluster_101","Renamed_cluster_101"
"SAMN19688342","Renamed_cluster_101","Renamed_cluster_101"
"SAMN19657711","Renamed_cluster_100","Renamed_cluster_100"
"SAMN19657712","Renamed_cluster_100","Renamed_cluster_100"
"SAMN19657303","Renamed_cluster_10","Renamed_cluster_10"
"SAMN19657304","Renamed_cluster_10","Renamed_cluster_10"
"SAMN19688357","Renamed_cluster_10","Renamed_cluster_10"
"SAMN19687859","Renamed_cluster_1","Renamed_cluster_1"
"SAMN19688022","Renamed_cluster_1","Renamed_cluster_1"
"SAMN19658097","Not_in_cluster_in_regular_phylo","Cluster_275"
"SAMN19688291","Not_in_cluster_in_regular_phylo","Cluster_219"
"SAMN19657849","Cluster_284","Cluster_295"
"SAMN19688372","Cluster_284","Not_in_cluster_in_placed_phylo"
"SAMN19688395","Cluster_284","Not_in_cluster_in_placed_phylo"
"SAMN19688455","Cluster_284","Not_in_cluster_in_placed_phylo"
"SAMN19688548","Cluster_284","Not_in_cluster_in_placed_phylo"
"SAMN19688696","Cluster_284","Not_in_cluster_in_placed_phylo"
"SAMN19694131","Cluster_284","Not_in_cluster_in_placed_phylo"
"SAMN19694139","Cluster_284","Not_in_cluster_in_placed_phylo"
"SAMN19694145","Cluster_284","Not_in_cluster_in_placed_phylo"
"SAMN19694205","Cluster_284","Not_in_cluster_in_placed_phylo"
"SAMN19694222","Cluster_284","Not_in_cluster_in_placed_phylo"
"SAMN19694226","Cluster_284","Not_in_cluster_in_placed_phylo"
"SAMN19694241","Cluster_284","Not_in_cluster_in_placed_phylo"
"SAMN19694242","Cluster_284","Cluster_295"
"SAMN19657918","Cluster_280","Not_in_cluster_in_placed_phylo"
"SAMN19658012","Cluster_280","Not_in_cluster_in_placed_phylo"
"SAMN19688110","Cluster_280","Not_in_cluster_in_placed_phylo"
"SAMN19657165","Cluster_275","Cluster_141"
"SAMN19657171","Cluster_275","Cluster_285"
"SAMN19657209","Cluster_275","Cluster_285"
"SAMN19657229","Cluster_275","Not_in_cluster_in_placed_phylo"
"SAMN19657277","Cluster_275","Cluster_282"
"SAMN19657282","Cluster_275","Cluster_280"
"SAMN19657289","Cluster_275","Cluster_141"
"SAMN19657313","Cluster_275","Not_in_cluster_in_placed_phylo"
"SAMN19657324","Cluster_275","Not_in_cluster_in_placed_phylo"
"SAMN19657369","Cluster_275","Cluster_283"
"SAMN19657370","Cluster_275","Cluster_283"
"SAMN19657371","Cluster_275","Cluster_283"
"SAMN19657373","Cluster_275","Cluster_283"
"SAMN19657387","Cluster_275","Cluster_285"
"SAMN19657430","Cluster_275","Cluster_279"
"SAMN19657438","Cluster_275","Cluster_276"
"SAMN19657443","Cluster_275","Not_in_cluster_in_placed_phylo"
"SAMN19657457","Cluster_275","Cluster_283"
"SAMN19657473","Cluster_275","Cluster_276"
"SAMN19657538","Cluster_275","Not_in_cluster_in_placed_phylo"
"SAMN19657552","Cluster_275","Cluster_141"
"SAMN19657554","Cluster_275","Not_in_cluster_in_placed_phylo"
"SAMN19657616","Cluster_275","Cluster_141"
"SAMN19657633","Cluster_275","Not_in_cluster_in_placed_phylo"
"SAMN19657638","Cluster_275","Not_in_cluster_in_placed_phylo"
"SAMN19657641","Cluster_275","Cluster_285"
"SAMN19657719","Cluster_275","Cluster_285"
"SAMN19657769","Cluster_275","Cluster_285"
"SAMN19657773","Cluster_275","Cluster_285"
"SAMN19657785","Cluster_275","Not_in_cluster_in_placed_phylo"
"SAMN19657840","Cluster_275","Not_in_cluster_in_placed_phylo"
"SAMN19657919","Cluster_275","Cluster_285"
"SAMN19658071","Cluster_275","Not_in_cluster_in_placed_phylo"
"SAMN19658073","Cluster_275","Not_in_cluster_in_placed_phylo"
"SAMN19658074","Cluster_275","Not_in_cluster_in_placed_phylo"
"SAMN19658125","Cluster_275","Cluster_141"
"SAMN19687772","Cluster_275","Cluster_285"
"SAMN19687788","Cluster_275","Cluster_141"
"SAMN19687913","Cluster_275","Not_in_cluster_in_placed_phylo"
"SAMN19687925","Cluster_275","Not_in_cluster_in_placed_phylo"
"SAMN19687928","Cluster_275","Cluster_285"
"SAMN19687958","Cluster_275","Not_in_cluster_in_placed_phylo"
"SAMN19688001","Cluster_275","Cluster_285"
"SAMN19688042","Cluster_275","Cluster_141"
"SAMN19688044","Cluster_275","Not_in_cluster_in_placed_phylo"
"SAMN19688115","Cluster_275","Cluster_285"
"SAMN19688161","Cluster_275","Cluster_285"
"SAMN19688162","Cluster_275","Cluster_280"
"SAMN19688206","Cluster_275","Not_in_cluster_in_placed_phylo"
"SAMN19688226","Cluster_275","Not_in_cluster_in_placed_phylo"
"SAMN19688246","Cluster_275","Cluster_279"
"SAMN19688249","Cluster_275","Cluster_282"
"SAMN19688270","Cluster_275","Not_in_cluster_in_placed_phylo"
"SAMN19688274","Cluster_275","Cluster_282"
"SAMN19688399","Cluster_275","Cluster_284"
"SAMN19688404","Cluster_275","Not_in_cluster_in_placed_phylo"
"SAMN19688430","Cluster_275","Cluster_284"
"SAMN19688498","Cluster_275","Cluster_284"
"SAMN19688501","Cluster_275","Cluster_284"
"SAMN19688512","Cluster_275","Cluster_277"
"SAMN19688514","Cluster_275","Cluster_284"
"SAMN19688515","Cluster_275","Cluster_284"
"SAMN19688520","Cluster_275","Cluster_277"
"SAMN19688552","Cluster_275","Cluster_284"
"SAMN19688568","Cluster_275","Not_in_cluster_in_placed_phylo"
"SAMN19688609","Cluster_275","Not_in_cluster_in_placed_phylo"
"SAMN19688668","Cluster_275","Not_in_cluster_in_placed_phylo"
"SAMN19688741","Cluster_275","Cluster_285"
"SAMN19694138","Cluster_275","Cluster_284"
"SAMN19657657","Cluster_274","Cluster_275"
"SAMN19688260","Cluster_274","Cluster_275"
"SAMN19688401","Cluster_274","Cluster_275"
"SAMN19688410","Cluster_274","Cluster_275"
"SAMN19688494","Cluster_274","Cluster_275"
"SAMN19688543","Cluster_274","Cluster_275"
"SAMN19688716","Cluster_274","Cluster_275"
"SAMN19688720","Cluster_274","Cluster_275"
"SAMN19694060","Cluster_274","Cluster_275"
"SAMN19694121","Cluster_274","Cluster_275"
"SAMN19694124","Cluster_274","Cluster_275"
"SAMN19694142","Cluster_274","Cluster_275"
"SAMN19694149","Cluster_274","Cluster_275"
"SAMN19694196","Cluster_274","Cluster_275"
"SAMN19687817","Cluster_273","Cluster_275"
"SAMN19688217","Cluster_273","Cluster_275"
"SAMN19657396","Renamed_cluster_155","Renamed_cluster_155"
"SAMN19657703","Renamed_cluster_155","Renamed_cluster_155"
"SAMN19657841","Renamed_cluster_155","Renamed_cluster_155"
"SAMN19657908","Renamed_cluster_155","Renamed_cluster_155"
"SAMN19657923","Renamed_cluster_155","Renamed_cluster_155"
"SAMN19657925","Renamed_cluster_155","Renamed_cluster_155"
"SAMN19658092","Renamed_cluster_155","Renamed_cluster_155"
"SAMN19687807","Renamed_cluster_155","Renamed_cluster_155"
"SAMN19688728","Renamed_cluster_155","Renamed_cluster_155"
"SAMN19688740","Renamed_cluster_155","Renamed_cluster_155"
"SAMN19694061","Renamed_cluster_155","Renamed_cluster_155"
"SAMN19694076","Renamed_cluster_155","Renamed_cluster_155"
"SAMN19694082","Renamed_cluster_155","Renamed_cluster_155"
"SAMN19657261","Cluster_222","Not_in_cluster_in_placed_phylo"
"SAMN19658053","Cluster_222","Not_in_cluster_in_placed_phylo"
"SAMN19657502","Cluster_208","Cluster_171"
"SAMN19657581","Cluster_208","Cluster_171"
"SAMN19657597","Cluster_208","Cluster_171"
"SAMN19687930","Cluster_208","Cluster_281"
"SAMN19688189","Cluster_208","Cluster_281"
"SAMN19688207","Cluster_208","Cluster_171"
"SAMN19688222","Cluster_208","Cluster_171"
"SAMN19688232","Cluster_208","Cluster_281"
"SAMN19688443","Cluster_208","Cluster_171"
"SAMN19657174","Cluster_204","Not_in_cluster_in_placed_phylo"
"SAMN19657410","Cluster_204","Not_in_cluster_in_placed_phylo"
"SAMN19658086","Cluster_204","Not_in_cluster_in_placed_phylo"
"SAMN19687812","Renamed_cluster_156","Renamed_cluster_156"
"SAMN19688194","Renamed_cluster_156","Renamed_cluster_156"
"SAMN19688723","Renamed_cluster_156","Renamed_cluster_156"
"SAMN19694044","Cluster_204","Not_in_cluster_in_placed_phylo"
"SAMN19657418","Cluster_199","Cluster_136"
"SAMN19657533","Cluster_199","Not_in_cluster_in_placed_phylo"
"SAMN19657685","Cluster_199","Cluster_136"
"SAMN19657697","Cluster_199","Cluster_136"
"SAMN19657788","Cluster_199","Cluster_189"
"SAMN19657813","Cluster_199","Cluster_136"
"SAMN19658058","Cluster_199","Cluster_136"
"SAMN19658134","Cluster_199","Cluster_136"
"SAMN19687850","Cluster_199","Cluster_136"
"SAMN19688077","Cluster_199","Cluster_136"
"SAMN19688146","Cluster_199","Cluster_136"
"SAMN19688174","Cluster_199","Cluster_189"
"SAMN19688214","Cluster_199","Cluster_136"
"SAMN19688265","Cluster_199","Cluster_136"
"SAMN19688285","Cluster_199","Cluster_136"
"SAMN19688297","Cluster_199","Cluster_136"
"SAMN19657286","Renamed_cluster_157","Renamed_cluster_157"
"SAMN19657824","Cluster_187","Not_in_cluster_in_placed_phylo"
"SAMN19657995","Renamed_cluster_157","Renamed_cluster_157"
"SAMN19658036","Renamed_cluster_157","Renamed_cluster_157"
"SAMN19658059","Renamed_cluster_157","Renamed_cluster_157"
"SAMN19687819","Cluster_158","Not_in_cluster_in_placed_phylo"
"SAMN19687911","Cluster_158","Not_in_cluster_in_placed_phylo"
"SAMN19688261","Cluster_158","Not_in_cluster_in_placed_phylo"
"SAMN19657232","Cluster_151","Not_in_cluster_in_placed_phylo"
"SAMN19687902","Cluster_151","Not_in_cluster_in_placed_phylo"
"SAMN19687965","Cluster_138","Not_in_cluster_in_placed_phylo"
"SAMN19688000","Renamed_cluster_158","Renamed_cluster_158"
"SAMN19688184","Renamed_cluster_158","Renamed_cluster_158"
"SAMN19688209","Renamed_cluster_158","Renamed_cluster_158"
"SAMN19688264","Renamed_cluster_158","Renamed_cluster_158"
