Cluster	Samples
Cluster_10	SAMN19657198,SAMN19687933
Cluster_100	SAMN19688238,SAMN19657468,SAMN19657745
Cluster_102	SAMN19657190,SAMN19688170
Cluster_103	SAMN19688325,SAMN19657596
Cluster_107	SAMN19657629,SAMN19688488
Cluster_108	SAMN19688049,SAMN19688635
Cluster_11	SAMN19688186,SAMN19688185,SAMN19688187
Cluster_110	SAMN19687988,SAMN19687903
Cluster_111	SAMN19688639,SAMN19688212,SAMN19688055
Cluster_113	SAMN19688599,SAMN19688374
Cluster_115	SAMN19688344,SAMN19657426,SAMN19657710,SAMN19688353,SAMN19688335,SAMN19688731,SAMN19688336,SAMN19658048
Cluster_117	SAMN19687970,SAMN19688425,SAMN19687839,SAMN19687956,SAMN19657682
Cluster_118	SAMN19688116,SAMN19687893
Cluster_12	SAMN19657712,SAMN19657711
Cluster_120	SAMN19657535,SAMN19657921,SAMN19657221,SAMN19694084
Cluster_121	SAMN19688070,SAMN19688126
Cluster_122	SAMN19657245,SAMN19687869,SAMN19687954
Cluster_125	SAMN19688211,SAMN19657549
Cluster_127	SAMN19687921,SAMN19694091
Cluster_129	SAMN19687778,SAMN19657253,SAMN19657196,SAMN19688730
Cluster_13	SAMN19658127,SAMN19657939,SAMN19658132
Cluster_130	SAMN19688067,SAMN19688004
Cluster_131	SAMN19688121,SAMN19687820
Cluster_132	SAMN19657686,SAMN19657720
Cluster_136	SAMN19688265,SAMN19688285,SAMN19657685,SAMN19687850,SAMN19688146,SAMN19657418,SAMN19658058,SAMN19657813,SAMN19688297,SAMN19658134,SAMN19688077,SAMN19688214,SAMN19657697
Cluster_137	SAMN19688184,SAMN19688264,SAMN19688209,SAMN19688000
Cluster_139	SAMN19657963,SAMN19657808
Cluster_14	SAMN19687906,SAMN19657634
Cluster_140	SAMN19657344,SAMN19657661,SAMN19688652,SAMN19658024,SAMN19688254,SAMN19688653,SAMN19687900,SAMN19694029,SAMN19657325,SAMN19688712,SAMN19688253,SAMN19657574,SAMN19687795,SAMN19694172
Cluster_141	SAMN19657552,SAMN19657616,SAMN19687788,SAMN19658125,SAMN19657289,SAMN19688042,SAMN19657165,SAMN19657552
Cluster_142	SAMN19657181,SAMN19688316
Cluster_143	SAMN19657980,SAMN19657187,SAMN19657378,SAMN19657182,SAMN19657760,SAMN19657778,SAMN19657776
Cluster_144	SAMN19694065,SAMN19658101
Cluster_145	SAMN19657837,SAMN19688200,SAMN19688322,SAMN19694164,SAMN19694153,SAMN19657570,SAMN19694011,SAMN19687838,SAMN19657328,SAMN19687844
Cluster_15	SAMN19657422,SAMN19657571
Cluster_150	SAMN19657513,SAMN19688388
Cluster_151	SAMN19657555,SAMN19657561,SAMN19657317
Cluster_153	SAMN19657537,SAMN19657330,SAMN19657329,SAMN19657680,SAMN19657907,SAMN19657460
Cluster_156	SAMN19688279,SAMN19657639,SAMN19688531,SAMN19688648,SAMN19657708,SAMN19657508,SAMN19657789,SAMN19688761,SAMN19688135,SAMN19657580,SAMN19658104,SAMN19688346,SAMN19687810,SAMN19688530,SAMN19657759,SAMN19657301,SAMN19687972,SAMN19657619,SAMN19694054,SAMN19688683
Cluster_157	SAMN19657192,SAMN19688733,SAMN19657163,SAMN19657673,SAMN19688337,SAMN19694069,SAMN19694042,SAMN19658019,SAMN19657595
Cluster_158	SAMN19688380,SAMN19688081,SAMN19688041,SAMN19657542,SAMN19688715,SAMN19688223,SAMN19688262,SAMN19688010,SAMN19694182,SAMN19657207,SAMN19657239,SAMN19657747,SAMN19694014,SAMN19688759
Cluster_159	SAMN19657936,SAMN19657871,SAMN19657351,SAMN19688019
Cluster_161	SAMN19687824,SAMN19688371,SAMN19658027,SAMN19688134,SAMN19687980,SAMN19694086
Cluster_162	SAMN19657690,SAMN19687983,SAMN19688277,SAMN19657271
Cluster_163	SAMN19657658,SAMN19694073
Cluster_164	SAMN19688573,SAMN19687949
Cluster_165	SAMN19687889,SAMN19688034,SAMN19688167,SAMN19688025
Cluster_167	SAMN19687967,SAMN19688060,SAMN19657765,SAMN19657462,SAMN19657302,SAMN19688114,SAMN19657346,SAMN19687947,SAMN19688306,SAMN19657452,SAMN19657161,SAMN19688547,SAMN19688348,SAMN19658068,SAMN19657988,SAMN19687880,SAMN19687845,SAMN19657873,SAMN19657768,SAMN19657665,SAMN19657888,SAMN19657998,SAMN19688145,SAMN19688144,SAMN19688751,SAMN19688521,SAMN19688525,SAMN19688656,SAMN19694053,SAMN19688441,SAMN19657218,SAMN19657487,SAMN19687861,SAMN19657312,SAMN19687914
Cluster_169	SAMN19694012,SAMN19657753,SAMN19657166,SAMN19688235,SAMN19694025
Cluster_170	SAMN19688293,SAMN19688558,SAMN19688385,SAMN19694047
Cluster_171	SAMN19688207,SAMN19688443,SAMN19657502,SAMN19657597,SAMN19657581,SAMN19688222
Cluster_172	SAMN19657798,SAMN19688312,SAMN19658067
Cluster_174	SAMN19687883,SAMN19688276,SAMN19687927
Cluster_175	SAMN19688023,SAMN19657334
Cluster_176	SAMN19658036,SAMN19657995,SAMN19658059,SAMN19657286
Cluster_177	SAMN19688302,SAMN19657246,SAMN19688268
Cluster_178	SAMN19657183,SAMN19688313,SAMN19688314,SAMN19688143
Cluster_179	SAMN19657497,SAMN19657832
Cluster_18	SAMN19657715,SAMN19658118,SAMN19688080,SAMN19657273,SAMN19657882,SAMN19657393,SAMN19657583,SAMN19694050
Cluster_180	SAMN19687904,SAMN19657307
Cluster_181	SAMN19688381,SAMN19694177,SAMN19694118,SAMN19688524
Cluster_182	SAMN19657857,SAMN19657758
Cluster_183	SAMN19688470,SAMN19688736,SAMN19657764,SAMN19657419,SAMN19658016,SAMN19657976,SAMN19688697,SAMN19657799
Cluster_184	SAMN19657922,SAMN19687868
Cluster_186	SAMN19657391,SAMN19657308,SAMN19657964
Cluster_187	SAMN19658063,SAMN19657864,SAMN19658041
Cluster_189	SAMN19657788,SAMN19688174
Cluster_192	SAMN19688064,SAMN19657450
Cluster_193	SAMN19688427,SAMN19687825,SAMN19657293,SAMN19688550,SAMN19657322,SAMN19657866,SAMN19657562,SAMN19657739,SAMN19657675,SAMN19688480,SAMN19657691
Cluster_194	SAMN19657454,SAMN19657456,SAMN19688066,SAMN19688768,SAMN19688128,SAMN19657887,SAMN19688580,SAMN19657175,SAMN19687782,SAMN19657355,SAMN19657300,SAMN19688065,SAMN19688165,SAMN19688273
Cluster_195	SAMN19688704,SAMN19688651,SAMN19688014,SAMN19687867,SAMN19687932,SAMN19687960
Cluster_197	SAMN19688038,SAMN19687973,SAMN19687920
Cluster_2	SAMN19694035,SAMN19688544
Cluster_202	SAMN19688266,SAMN19688339,SAMN19657287,SAMN19687938,SAMN19657521,SAMN19657611,SAMN19657206,SAMN19688661,SAMN19657526,SAMN19657516,SAMN19657222,SAMN19658139,SAMN19658081,SAMN19657642,SAMN19657879,SAMN19657385,SAMN19657372,SAMN19688136,SAMN19657489,SAMN19688732,SAMN19657319
Cluster_203	SAMN19694104,SAMN19657381,SAMN19657258,SAMN19688407,SAMN19657433,SAMN19688412,SAMN19657527,SAMN19688308,SAMN19657244,SAMN19658084,SAMN19688063,SAMN19688289,SAMN19657160,SAMN19658023,SAMN19688578,SAMN19657601,SAMN19688331,SAMN19657576,SAMN19687971,SAMN19657361,SAMN19688763,SAMN19688765,SAMN19657306,SAMN19657331,SAMN19657558,SAMN19694098,SAMN19688688,SAMN19657316,SAMN19657167,SAMN19657751,SAMN19688681
Cluster_204	SAMN19658015,SAMN19688754,SAMN19658028,SAMN19657752,SAMN19657732,SAMN19688005,SAMN19688569,SAMN19694187,SAMN19688644,SAMN19657529
Cluster_205	SAMN19657726,SAMN19688318
Cluster_207	SAMN19657498,SAMN19657496
Cluster_21	SAMN19688155,SAMN19688247,SAMN19688156,SAMN19688248
Cluster_211	SAMN19657575,SAMN19688242,SAMN19658007,SAMN19688338,SAMN19657260,SAMN19658017,SAMN19657320,SAMN19658052,SAMN19657878,SAMN19657429,SAMN19657820,SAMN19694016,SAMN19657966,SAMN19688703,SAMN19688658,SAMN19657741,SAMN19657677,SAMN19657910,SAMN19657761,SAMN19657465,SAMN19688083,SAMN19694189,SAMN19688365,SAMN19688541,SAMN19688598,SAMN19688593,SAMN19688606,SAMN19657451,SAMN19657624,SAMN19657621,SAMN19657645,SAMN19657990,SAMN19657235,SAMN19657962,SAMN19687842,SAMN19687857,SAMN19687941,SAMN19657199,SAMN19658093,SAMN19657672,SAMN19657358,SAMN19657248,SAMN19658014,SAMN19657211,SAMN19657405,SAMN19657178,SAMN19657470,SAMN19657915,SAMN19657787,SAMN19658143,SAMN19688705,SAMN19694085,SAMN19658004,SAMN19657754,SAMN19694064,SAMN19687898,SAMN19657700,SAMN19658038,SAMN19657860,SAMN19657348,SAMN19688636,SAMN19657170,SAMN19687785,SAMN19658105,SAMN19657193,SAMN19657478,SAMN19657716,SAMN19687808,SAMN19687951,SAMN19688674,SAMN19657416,SAMN19687776,SAMN19688463,SAMN19688190,SAMN19657572,SAMN19694027,SAMN19688596,SAMN19688180,SAMN19657565,SAMN19688359,SAMN19657225,SAMN19694038,SAMN19688086,SAMN19658142
Cluster_213	SAMN19658091,SAMN19687775
Cluster_214	SAMN19688069,SAMN19688068
Cluster_219	SAMN19657908,SAMN19657396,SAMN19694082,SAMN19657923,SAMN19688740,SAMN19688728,SAMN19694076,SAMN19657925,SAMN19694061,SAMN19687807,SAMN19657841,SAMN19658092,SAMN19657703,SAMN19688291
Cluster_22	SAMN19657877,SAMN19687860
Cluster_220	SAMN19688292,SAMN19658018
Cluster_221	SAMN19657746,SAMN19657593,SAMN19657464,SAMN19688360
Cluster_222	SAMN19687922,SAMN19687806
Cluster_223	SAMN19657407,SAMN19688163
Cluster_224	SAMN19657956,SAMN19694049
Cluster_225	SAMN19687799,SAMN19687841
Cluster_227	SAMN19657786,SAMN19658131
Cluster_230	SAMN19688491,SAMN19694208,SAMN19688487,SAMN19688486,SAMN19688485,SAMN19688417,SAMN19694155,SAMN19694215,SAMN19688364,SAMN19694206,SAMN19688444,SAMN19688396,SAMN19694136,SAMN19688509,SAMN19694071,SAMN19694243,SAMN19688540,SAMN19694178,SAMN19694126,SAMN19694105,SAMN19688467,SAMN19688449,SAMN19688398,SAMN19657914,SAMN19688192,SAMN19694213,SAMN19694134,SAMN19688499,SAMN19688604,SAMN19688585,SAMN19694113,SAMN19688584,SAMN19688583,SAMN19688460,SAMN19688500,SAMN19688387,SAMN19694115,SAMN19688456,SAMN19657750,SAMN19688694,SAMN19694090,SAMN19694207,SAMN19694159,SAMN19688383,SAMN19688454,SAMN19694219,SAMN19688630,SAMN19694209,SAMN19694193,SAMN19694179,SAMN19694152,SAMN19694132,SAMN19688458,SAMN19688566,SAMN19688680,SAMN19688475,SAMN19694083,SAMN19694202,SAMN19688616,SAMN19694111,SAMN19688600,SAMN19688508,SAMN19694024,SAMN19688622,SAMN19688613,SAMN19694112,SAMN19694103,SAMN19688511,SAMN19694233,SAMN19694227,SAMN19694135,SAMN19688546,SAMN19688429,SAMN19688426,SAMN19694010,SAMN19688592,SAMN19694144,SAMN19688375,SAMN19688597,SAMN19688476,SAMN19688379,SAMN19694117,SAMN19694106,SAMN19694211,SAMN19688633,SAMN19688623,SAMN19688386,SAMN19694236,SAMN19688473,SAMN19688561,SAMN19688474
Cluster_233	SAMN19688340,SAMN19688416
Cluster_239	SAMN19657984,SAMN19657617,SAMN19688713,SAMN19688640,SAMN19657652,SAMN19657296,SAMN19657897
Cluster_240	SAMN19687848,SAMN19687827,SAMN19688202
Cluster_241	SAMN19657591,SAMN19657390,SAMN19688423,SAMN19688690
Cluster_242	SAMN19688619,SAMN19688459,SAMN19688465
Cluster_244	SAMN19688684,SAMN19688516
Cluster_245	SAMN19688482,SAMN19694237,SAMN19694151,SAMN19688408
Cluster_246	SAMN19694175,SAMN19688438,SAMN19688446,SAMN19688437,SAMN19688610,SAMN19688570,SAMN19658055,SAMN19657499,SAMN19657909,SAMN19688724,SAMN19687964,SAMN19658137,SAMN19657784,SAMN19688151,SAMN19657688,SAMN19657340,SAMN19688321,SAMN19657401,SAMN19657400,SAMN19657992,SAMN19658133,SAMN19688245,SAMN19657836,SAMN19657842,SAMN19657435,SAMN19657227,SAMN19657622,SAMN19657447,SAMN19688657,SAMN19657979,SAMN19657953,SAMN19688667,SAMN19688502,SAMN19688489,SAMN19694100,SAMN19657332,SAMN19658135
Cluster_247	SAMN19657947,SAMN19694048,SAMN19688457,SAMN19688620
Cluster_248	SAMN19657268,SAMN19657749,SAMN19657989,SAMN19657609,SAMN19688224,SAMN19688157,SAMN19658010
Cluster_249	SAMN19688607,SAMN19688513,SAMN19657240,SAMN19694204,SAMN19688542,SAMN19688378,SAMN19688553,SAMN19688442,SAMN19658113,SAMN19688409
Cluster_251	SAMN19657530,SAMN19657902,SAMN19657904
Cluster_26	SAMN19657304,SAMN19688357,SAMN19657303
Cluster_269	SAMN19694171,SAMN19688567
Cluster_27	SAMN19688129,SAMN19688131
Cluster_273	SAMN19688171,SAMN19688354
Cluster_274	SAMN19688355,SAMN19657656,SAMN19688218,SAMN19688295,SAMN19688672,SAMN19657958,SAMN19688216,SAMN19688278,SAMN19688320,SAMN19688286,SAMN19657395
Cluster_275	SAMN19694196,SAMN19694124,SAMN19694149,SAMN19688410,SAMN19688494,SAMN19694142,SAMN19694121,SAMN19688543,SAMN19694060,SAMN19688716,SAMN19688401,SAMN19688260,SAMN19688720,SAMN19657657,SAMN19688217,SAMN19687817,SAMN19658097
Cluster_276	SAMN19657473,SAMN19657438
Cluster_277	SAMN19688512,SAMN19688520
Cluster_279	SAMN19688246,SAMN19657430
Cluster_28	SAMN19687879,SAMN19688269
Cluster_280	SAMN19688162,SAMN19657282
Cluster_281	SAMN19688232,SAMN19688189,SAMN19687930
Cluster_282	SAMN19688274,SAMN19657277,SAMN19688249
Cluster_283	SAMN19657370,SAMN19657369,SAMN19657373,SAMN19657371,SAMN19657457
Cluster_284	SAMN19694138,SAMN19688552,SAMN19688515,SAMN19688430,SAMN19688501,SAMN19688498,SAMN19688514,SAMN19688399
Cluster_285	SAMN19688741,SAMN19687772,SAMN19657769,SAMN19657387,SAMN19657719,SAMN19657209,SAMN19657641,SAMN19657919,SAMN19688001,SAMN19657171,SAMN19657773,SAMN19688115,SAMN19687928,SAMN19688161
Cluster_286	SAMN19688244,SAMN19657694
Cluster_287	SAMN19688225,SAMN19658141
Cluster_289	SAMN19688351,SAMN19688333
Cluster_29	SAMN19687993,SAMN19687996
Cluster_290	SAMN19688342,SAMN19657578,SAMN19688329
Cluster_295	SAMN19657849,SAMN19694242
Cluster_30	SAMN19688664,SAMN19694020,SAMN19657480
Cluster_32	SAMN19657265,SAMN19657233
Cluster_33	SAMN19657744,SAMN19657740
Cluster_34	SAMN19688466,SAMN19688686,SAMN19688682
Cluster_35	SAMN19657437,SAMN19657650
Cluster_36	SAMN19688519,SAMN19688479
Cluster_4	SAMN19657636,SAMN19657483,SAMN19694181,SAMN19657671,SAMN19688006,SAMN19657531
Cluster_40	SAMN19688103,SAMN19688102
Cluster_41	SAMN19687998,SAMN19687875,SAMN19687943,SAMN19687840,SAMN19657179,SAMN19688127,SAMN19687870
Cluster_42	SAMN19688033,SAMN19657525
Cluster_43	SAMN19688345,SAMN19688210,SAMN19694081
Cluster_44	SAMN19688431,SAMN19688632,SAMN19688433
Cluster_46	SAMN19688138,SAMN19687865
Cluster_47	SAMN19688532,SAMN19688527,SAMN19688574
Cluster_48	SAMN19657949,SAMN19657614,SAMN19688522,SAMN19657250,SAMN19657500,SAMN19688565,SAMN19657204,SAMN19657981
Cluster_49	SAMN19657264,SAMN19658136,SAMN19688140,SAMN19688213,SAMN19657366,SAMN19688257
Cluster_5	SAMN19694245,SAMN19657560,SAMN19657996,SAMN19657994
Cluster_50	SAMN19657730,SAMN19657648,SAMN19687979
Cluster_51	SAMN19687816,SAMN19688076
Cluster_52	SAMN19657728,SAMN19657357,SAMN19657208
Cluster_53	SAMN19687953,SAMN19688035,SAMN19657375,SAMN19658083,SAMN19657459,SAMN19688178,SAMN19657523,SAMN19657310,SAMN19687963,SAMN19687851,SAMN19688766
Cluster_54	SAMN19688091,SAMN19688092
Cluster_57	SAMN19688148,SAMN19657807
Cluster_58	SAMN19688022,SAMN19687859
Cluster_59	SAMN19688358,SAMN19688154,SAMN19658075
Cluster_61	SAMN19688389,SAMN19688390,SAMN19694160
Cluster_69	SAMN19657327,SAMN19688158
Cluster_70	SAMN19657916,SAMN19687832
Cluster_72	SAMN19688707,SAMN19688637,SAMN19657920
Cluster_73	SAMN19657643,SAMN19657421
Cluster_74	SAMN19688051,SAMN19688047,SAMN19688045
Cluster_75	SAMN19657156,SAMN19688288
Cluster_78	SAMN19657582,SAMN19657220
Cluster_79	SAMN19658000,SAMN19657954
Cluster_80	SAMN19657934,SAMN19657913
Cluster_81	SAMN19687812,SAMN19688194,SAMN19688723
Cluster_83	SAMN19657326,SAMN19688198,SAMN19688062,SAMN19688159,SAMN19657337
Cluster_84	SAMN19657534,SAMN19657445
Cluster_87	SAMN19657201,SAMN19657663,SAMN19658103
Cluster_88	SAMN19688002,SAMN19688275,SAMN19688125
Cluster_9	SAMN19687915,SAMN19687916
Cluster_90	SAMN19657742,SAMN19688147
Cluster_91	SAMN19688745,SAMN19688012,SAMN19688106
Cluster_93	SAMN19657243,SAMN19657547
Cluster_94	SAMN19657815,SAMN19688196
Cluster_95	SAMN19658149,SAMN19657834,SAMN19657835,SAMN19657991
Cluster_97	SAMN19688343,SAMN19657757,SAMN19658049,SAMN19657771,SAMN19657197,SAMN19657379,SAMN19657314,SAMN19687790,SAMN19688050,SAMN19694019
