Cluster	Samples
Cluster_1	SAMN19657655,SAMN19658106,SAMN19657654,SAMN19657653
Cluster_2	SAMN19657156,SAMN19688288
Cluster_3	SAMN19657877,SAMN19687860
Cluster_4	SAMN19657265,SAMN19657233
Cluster_5	SAMN19657335,SAMN19687786
Cluster_6	SAMN19694123,SAMN19688685,SAMN19688687
Cluster_7	SAMN19694200,SAMN19688420
Cluster_8	SAMN19657831,SAMN19658031
Cluster_9	SAMN19657994,SAMN19694245,SAMN19657560,SAMN19657996
Cluster_10	SAMN19688022,SAMN19687859
Cluster_11	SAMN19688357,SAMN19657303,SAMN19657304
Cluster_13	SAMN19657486,SAMN19657766
Cluster_14	SAMN19688645,SAMN19657263
Cluster_15	SAMN19688248,SAMN19688155,SAMN19688247,SAMN19688156
Cluster_16	SAMN19688374,SAMN19688599
Cluster_17	SAMN19687915,SAMN19687916
Cluster_18	SAMN19694035,SAMN19688544
Cluster_19	SAMN19657556,SAMN19657559
Cluster_20	SAMN19657421,SAMN19657643
Cluster_21	SAMN19657413,SAMN19657588
Cluster_22	SAMN19657422,SAMN19657571
Cluster_25	SAMN19687879,SAMN19688269
Cluster_26	SAMN19657634,SAMN19687906
Cluster_27	SAMN19658132,SAMN19657939,SAMN19658127
Cluster_28	SAMN19657711,SAMN19657712
Cluster_29	SAMN19687996,SAMN19687993
Cluster_30	SAMN19688664,SAMN19694020,SAMN19657480
Cluster_32	SAMN19688185,SAMN19688186,SAMN19688187
Cluster_33	SAMN19687933,SAMN19657198
Cluster_35	SAMN19688148,SAMN19657807
Cluster_36	SAMN19688213,SAMN19657366,SAMN19688257,SAMN19658136,SAMN19657264,SAMN19688140
Cluster_37	SAMN19688628,SAMN19688627,SAMN19688626,SAMN19688625,SAMN19688624,SAMN19694046,SAMN19687907,SAMN19688629
Cluster_38	SAMN19687953,SAMN19688035,SAMN19657375,SAMN19658083,SAMN19657459,SAMN19688178,SAMN19657523,SAMN19657310,SAMN19687963,SAMN19687851,SAMN19688766
Cluster_39	SAMN19688210,SAMN19688345,SAMN19694081
Cluster_40	SAMN19688033,SAMN19657525
Cluster_41	SAMN19688479,SAMN19688519
Cluster_43	SAMN19688340,SAMN19688416
Cluster_44	SAMN19687816,SAMN19688076
Cluster_45	SAMN19687865,SAMN19688138
Cluster_46	SAMN19687979,SAMN19657648,SAMN19657730
Cluster_47	SAMN19688527,SAMN19688574,SAMN19688532
Cluster_48	SAMN19688092,SAMN19688091
Cluster_49	SAMN19688406,SAMN19694244
Cluster_50	SAMN19688466,SAMN19688682,SAMN19688686
Cluster_51	SAMN19694180,SAMN19688608,SAMN19688714,SAMN19688450
Cluster_52	SAMN19657740,SAMN19657744
Cluster_53	SAMN19688102,SAMN19688103
Cluster_54	SAMN19657728,SAMN19657208,SAMN19657357
Cluster_56	SAMN19687875,SAMN19657179,SAMN19688127,SAMN19687998,SAMN19687943,SAMN19687870,SAMN19687840
Cluster_57	SAMN19657704,SAMN19688233,SAMN19687773
Cluster_58	SAMN19657437,SAMN19657650
Cluster_59	SAMN19688358,SAMN19658075,SAMN19688154
Cluster_60	SAMN19658121,SAMN19688259
Cluster_61	SAMN19657934,SAMN19657913
Cluster_63	SAMN19657899,SAMN19657646
Cluster_64	SAMN19688158,SAMN19657327
Cluster_65	SAMN19694080,SAMN19658054,SAMN19694170
Cluster_66	SAMN19657920,SAMN19688707,SAMN19688637
Cluster_67	SAMN19658076,SAMN19657195
Cluster_68	SAMN19688051,SAMN19688047,SAMN19688045
Cluster_69	SAMN19687832,SAMN19657916
Cluster_70	SAMN19657954,SAMN19658000
Cluster_72	SAMN19687988,SAMN19687903
Cluster_73	SAMN19688062,SAMN19688198,SAMN19657337,SAMN19657326,SAMN19688159
Cluster_74	SAMN19688390,SAMN19694160,SAMN19688389
Cluster_75	SAMN19657636,SAMN19657531,SAMN19694181,SAMN19657483,SAMN19657671,SAMN19688006
Cluster_76	SAMN19688413,SAMN19688411
Cluster_77	SAMN19657955,SAMN19688756,SAMN19658064,SAMN19657928
Cluster_78	SAMN19694110,SAMN19694174
Cluster_80	SAMN19688431,SAMN19688632,SAMN19688433
Cluster_81	SAMN19657220,SAMN19657582
Cluster_83	SAMN19657445,SAMN19657534
Cluster_85	SAMN19658149,SAMN19657834,SAMN19657835,SAMN19657991
Cluster_86	SAMN19688762,SAMN19688659
Cluster_87	SAMN19688106,SAMN19688745,SAMN19688012
Cluster_88	SAMN19657243,SAMN19657547
Cluster_89	SAMN19694192,SAMN19688405
Cluster_90	SAMN19694190,SAMN19694198
Cluster_91	SAMN19688605,SAMN19694176,SAMN19694161
Cluster_92	SAMN19694203,SAMN19688517,SAMN19657767
Cluster_93	SAMN19657742,SAMN19688147
Cluster_94	SAMN19688080,SAMN19657273,SAMN19657393,SAMN19657583,SAMN19658118,SAMN19657882,SAMN19657715,SAMN19694050
Cluster_95	SAMN19657663,SAMN19657201,SAMN19658103
Cluster_97	SAMN19657468,SAMN19688238,SAMN19657745
Cluster_98	SAMN19687954,SAMN19657245,SAMN19687869
Cluster_99	SAMN19694019,SAMN19688343,SAMN19657197,SAMN19657757,SAMN19658049,SAMN19688050,SAMN19657379,SAMN19687790,SAMN19657314,SAMN19657771
Cluster_100	SAMN19657190,SAMN19688170
Cluster_101	SAMN19688125,SAMN19688275,SAMN19688002
Cluster_102	SAMN19657815,SAMN19688196
Cluster_103	SAMN19657596,SAMN19688325
Cluster_104	SAMN19688335,SAMN19688353,SAMN19688731,SAMN19657710,SAMN19658048,SAMN19688336,SAMN19688344,SAMN19657426
Cluster_105	SAMN19687956,SAMN19687839,SAMN19687970,SAMN19688425,SAMN19657682
Cluster_106	SAMN19688271,SAMN19657374
Cluster_107	SAMN19657629,SAMN19688488
Cluster_108	SAMN19688635,SAMN19688049
Cluster_109	SAMN19657159,SAMN19658056
Cluster_110	SAMN19688376,SAMN19694148,SAMN19688572,SAMN19657249,SAMN19694089,SAMN19694225,SAMN19688497,SAMN19688554,SAMN19688377,SAMN19658094
Cluster_111	SAMN19694169,SAMN19658040
Cluster_112	SAMN19688691,SAMN19688551
Cluster_113	SAMN19694214,SAMN19694154,SAMN19688621
Cluster_114	SAMN19688116,SAMN19687893
Cluster_116	SAMN19688212,SAMN19688639,SAMN19688055
Cluster_117	SAMN19657573,SAMN19657960
Cluster_118	SAMN19687868,SAMN19657922
Cluster_119	SAMN19694065,SAMN19658101
Cluster_120	SAMN19688070,SAMN19688126
Cluster_121	SAMN19688211,SAMN19657549
Cluster_122	SAMN19687921,SAMN19694091
Cluster_123	SAMN19694229,SAMN19688422,SAMN19688700
Cluster_124	SAMN19694077,SAMN19657935
Cluster_125	SAMN19688354,SAMN19688171
Cluster_126	SAMN19657808,SAMN19657963
Cluster_127	SAMN19657196,SAMN19687778,SAMN19657253,SAMN19688730
Cluster_129	SAMN19694084,SAMN19657221,SAMN19657535,SAMN19657921
Cluster_130	SAMN19657686,SAMN19657720
Cluster_132	SAMN19657816,SAMN19657736
Cluster_133	SAMN19687779,SAMN19657484,SAMN19657162
Cluster_134	SAMN19688483,SAMN19694228
Cluster_136	SAMN19688121,SAMN19687820
Cluster_137	SAMN19688067,SAMN19688004
Cluster_138	SAMN19688209,SAMN19688184,SAMN19687965,SAMN19688000,SAMN19688264
Cluster_139	SAMN19657344,SAMN19657661,SAMN19658024,SAMN19688653,SAMN19688254,SAMN19687900,SAMN19687795,SAMN19688712,SAMN19657325,SAMN19688253,SAMN19694029,SAMN19688652,SAMN19657574,SAMN19694172
Cluster_140	SAMN19657871,SAMN19688019,SAMN19657936,SAMN19657351
Cluster_141	SAMN19688118,SAMN19688084,SAMN19658026
Cluster_142	SAMN19657181,SAMN19688316
Cluster_143	SAMN19657778,SAMN19657182,SAMN19657776,SAMN19657760,SAMN19657187,SAMN19657980,SAMN19657378
Cluster_144	SAMN19688711,SAMN19688646,SAMN19688677
Cluster_145	SAMN19657274,SAMN19658047
Cluster_146	SAMN19688279,SAMN19688761,SAMN19688531,SAMN19657508,SAMN19688648,SAMN19657301,SAMN19657580,SAMN19687972,SAMN19658104,SAMN19687810,SAMN19688530,SAMN19657759,SAMN19657639,SAMN19688683,SAMN19657708,SAMN19688135,SAMN19688346,SAMN19657619,SAMN19694054,SAMN19657789
Cluster_147	SAMN19688523,SAMN19688555
Cluster_148	SAMN19657837,SAMN19688200,SAMN19657570,SAMN19694164,SAMN19657328,SAMN19694011,SAMN19694153,SAMN19687838,SAMN19688322,SAMN19687844
Cluster_149	SAMN19688665,SAMN19657353
Cluster_150	SAMN19657537,SAMN19657329,SAMN19657330,SAMN19657460,SAMN19657907,SAMN19657680
Cluster_151	SAMN19657232,SAMN19687902
Cluster_152	SAMN19657555,SAMN19657317,SAMN19657561
Cluster_154	SAMN19657758,SAMN19657857
Cluster_155	SAMN19694069,SAMN19657673,SAMN19688337,SAMN19657595,SAMN19688733,SAMN19657192,SAMN19657163,SAMN19658019,SAMN19694042
Cluster_156	SAMN19688388,SAMN19657513
Cluster_157	SAMN19688031,SAMN19687991
Cluster_158	SAMN19687911,SAMN19688261,SAMN19687819
Cluster_159	SAMN19688041,SAMN19688081,SAMN19688223,SAMN19657207,SAMN19688715,SAMN19657747,SAMN19694182,SAMN19657542,SAMN19688380,SAMN19694014,SAMN19688759,SAMN19688010,SAMN19657239,SAMN19688262
Cluster_160	SAMN19657157,SAMN19657536
Cluster_161	SAMN19694073,SAMN19657658
Cluster_162	SAMN19688371,SAMN19688134,SAMN19687824,SAMN19658027,SAMN19687980,SAMN19694086
Cluster_163	SAMN19688470,SAMN19688736,SAMN19657976,SAMN19657419,SAMN19688697,SAMN19657764,SAMN19658016,SAMN19657799
Cluster_164	SAMN19688314,SAMN19688313,SAMN19657183,SAMN19688143
Cluster_165	SAMN19694177,SAMN19688381,SAMN19688524,SAMN19694118
Cluster_166	SAMN19688558,SAMN19688385,SAMN19694047,SAMN19688293
Cluster_167	SAMN19657307,SAMN19687904
Cluster_169	SAMN19688034,SAMN19688167,SAMN19687889,SAMN19688025
Cluster_170	SAMN19657246,SAMN19688302,SAMN19688268
Cluster_171	SAMN19657690,SAMN19688277,SAMN19687983,SAMN19657271
Cluster_172	SAMN19688573,SAMN19687949
Cluster_173	SAMN19688276,SAMN19687883,SAMN19687927
Cluster_174	SAMN19688312,SAMN19658067,SAMN19657798
Cluster_175	SAMN19694012,SAMN19657753,SAMN19657166,SAMN19688235,SAMN19694025
Cluster_176	SAMN19688023,SAMN19657334
Cluster_177	SAMN19657450,SAMN19688064
Cluster_178	SAMN19688692,SAMN19694223,SAMN19657158
Cluster_179	SAMN19657497,SAMN19657832
Cluster_180	SAMN19658091,SAMN19687775
Cluster_181	SAMN19658063,SAMN19657864,SAMN19658041
Cluster_182	SAMN19658146,SAMN19657191
Cluster_183	SAMN19687823,SAMN19688663,SAMN19657228
Cluster_184	SAMN19657308,SAMN19657964,SAMN19657391
Cluster_185	SAMN19687932,SAMN19687960,SAMN19688651,SAMN19687867,SAMN19688704,SAMN19688014
Cluster_186	SAMN19688038,SAMN19687920,SAMN19687973
Cluster_187	SAMN19657286,SAMN19658059,SAMN19658036,SAMN19657995,SAMN19657824
Cluster_188	SAMN19687967,SAMN19688060,SAMN19657765,SAMN19657462,SAMN19657302,SAMN19688114,SAMN19687947,SAMN19657346,SAMN19688306,SAMN19657452,SAMN19657161,SAMN19688547,SAMN19688348,SAMN19658068,SAMN19657768,SAMN19657988,SAMN19687880,SAMN19687845,SAMN19657873,SAMN19657665,SAMN19657888,SAMN19657998,SAMN19688145,SAMN19688144,SAMN19688751,SAMN19688521,SAMN19688525,SAMN19657487,SAMN19657312,SAMN19688656,SAMN19694053,SAMN19688441,SAMN19657218,SAMN19687861,SAMN19687914
Cluster_189	SAMN19688580,SAMN19657300,SAMN19687782,SAMN19688065,SAMN19657355,SAMN19688066,SAMN19657454,SAMN19657887,SAMN19688165,SAMN19657456,SAMN19688273,SAMN19688128,SAMN19688768,SAMN19657175
Cluster_190	SAMN19688643,SAMN19657189
Cluster_191	SAMN19657290,SAMN19657350
Cluster_193	SAMN19687957,SAMN19688673
Cluster_194	SAMN19657726,SAMN19688318
Cluster_195	SAMN19658131,SAMN19657786
Cluster_196	SAMN19657256,SAMN19657587
Cluster_197	SAMN19688701,SAMN19694059
Cluster_198	SAMN19657691,SAMN19657562,SAMN19657739,SAMN19657322,SAMN19657866,SAMN19688427,SAMN19657293,SAMN19688550,SAMN19687825,SAMN19657675,SAMN19688480
Cluster_199	SAMN19657533,SAMN19688077,SAMN19687850,SAMN19657813,SAMN19688146,SAMN19658058,SAMN19688174,SAMN19657788,SAMN19657418,SAMN19657685,SAMN19657697,SAMN19688285,SAMN19688297,SAMN19658134,SAMN19688214,SAMN19688265
Cluster_200	SAMN19657496,SAMN19657498
Cluster_201	SAMN19657394,SAMN19657770
Cluster_202	SAMN19688681,SAMN19657167,SAMN19688407,SAMN19657433,SAMN19687971,SAMN19694104,SAMN19657258,SAMN19688308,SAMN19657601,SAMN19688763,SAMN19657361,SAMN19657751,SAMN19657160,SAMN19657381,SAMN19688289,SAMN19657331,SAMN19688063,SAMN19658084,SAMN19688688,SAMN19657527,SAMN19657316,SAMN19688578,SAMN19694098,SAMN19657576,SAMN19688331,SAMN19657306,SAMN19688412,SAMN19657244,SAMN19688765,SAMN19658023,SAMN19657558
Cluster_203	SAMN19688755,SAMN19688117,SAMN19657911,SAMN19688742
Cluster_204	SAMN19687812,SAMN19688723,SAMN19688194,SAMN19657410,SAMN19657174,SAMN19694044,SAMN19658086
Cluster_205	SAMN19658081,SAMN19657611,SAMN19657385,SAMN19657287,SAMN19657642,SAMN19688661,SAMN19658139,SAMN19657489,SAMN19657222,SAMN19657526,SAMN19687938,SAMN19657879,SAMN19657521,SAMN19688266,SAMN19657516,SAMN19688339,SAMN19688732,SAMN19657372,SAMN19657206,SAMN19688136,SAMN19657319
Cluster_207	SAMN19657407,SAMN19688163
Cluster_208	SAMN19657581,SAMN19688189,SAMN19688232,SAMN19657502,SAMN19688222,SAMN19687930,SAMN19688443,SAMN19657597,SAMN19688207
Cluster_209	SAMN19657250,SAMN19688522,SAMN19657500,SAMN19657204,SAMN19657981,SAMN19657949,SAMN19657614,SAMN19688565
Cluster_210	SAMN19688027,SAMN19688075
Cluster_211	SAMN19694049,SAMN19657956
Cluster_212	SAMN19688491,SAMN19694208,SAMN19688487,SAMN19688486,SAMN19688485,SAMN19688417,SAMN19694155,SAMN19694215,SAMN19688364,SAMN19694206,SAMN19688444,SAMN19688396,SAMN19694136,SAMN19688509,SAMN19694071,SAMN19694243,SAMN19688540,SAMN19694178,SAMN19694126,SAMN19688467,SAMN19688449,SAMN19688398,SAMN19657914,SAMN19688192,SAMN19694213,SAMN19694105,SAMN19694134,SAMN19688499,SAMN19688604,SAMN19688585,SAMN19694113,SAMN19688584,SAMN19688583,SAMN19688460,SAMN19688500,SAMN19694115,SAMN19688456,SAMN19657750,SAMN19688387,SAMN19688694,SAMN19694090,SAMN19694207,SAMN19694159,SAMN19688383,SAMN19688454,SAMN19694219,SAMN19688630,SAMN19694209,SAMN19694179,SAMN19694152,SAMN19694132,SAMN19688458,SAMN19688566,SAMN19688680,SAMN19688475,SAMN19694083,SAMN19694202,SAMN19688616,SAMN19694111,SAMN19688600,SAMN19688508,SAMN19694024,SAMN19688622,SAMN19688613,SAMN19694112,SAMN19694103,SAMN19688511,SAMN19694233,SAMN19694227,SAMN19694135,SAMN19688546,SAMN19688429,SAMN19688426,SAMN19694010,SAMN19688592,SAMN19694144,SAMN19688375,SAMN19688597,SAMN19688476,SAMN19688379,SAMN19694117,SAMN19694106,SAMN19694211,SAMN19694193,SAMN19688633,SAMN19688623,SAMN19688386,SAMN19694236,SAMN19688473,SAMN19688561,SAMN19688474
Cluster_213	SAMN19687806,SAMN19687922
Cluster_214	SAMN19688699,SAMN19688538
Cluster_216	SAMN19658018,SAMN19688292
Cluster_217	SAMN19657440,SAMN19688734
Cluster_219	SAMN19688482,SAMN19694237,SAMN19694151,SAMN19688408
Cluster_221	SAMN19688607,SAMN19688513,SAMN19657240,SAMN19694204,SAMN19688542,SAMN19688378,SAMN19688553,SAMN19688442,SAMN19658113,SAMN19688409
Cluster_222	SAMN19658053,SAMN19657261
Cluster_224	SAMN19688120,SAMN19687853
Cluster_225	SAMN19688767,SAMN19687881
Cluster_226	SAMN19657575,SAMN19688242,SAMN19658007,SAMN19688338,SAMN19657260,SAMN19658017,SAMN19657320,SAMN19658052,SAMN19657878,SAMN19657429,SAMN19657820,SAMN19694016,SAMN19657966,SAMN19657211,SAMN19657405,SAMN19657178,SAMN19657470,SAMN19657915,SAMN19657787,SAMN19658143,SAMN19658038,SAMN19657860,SAMN19657348,SAMN19688636,SAMN19657193,SAMN19657478,SAMN19657716,SAMN19687808,SAMN19687951,SAMN19688086,SAMN19688703,SAMN19688658,SAMN19657741,SAMN19657677,SAMN19657910,SAMN19657761,SAMN19657465,SAMN19688083,SAMN19694189,SAMN19688365,SAMN19688541,SAMN19688598,SAMN19688593,SAMN19688606,SAMN19657451,SAMN19657624,SAMN19657645,SAMN19657990,SAMN19657235,SAMN19657962,SAMN19687941,SAMN19657199,SAMN19687842,SAMN19687857,SAMN19658093,SAMN19657672,SAMN19657358,SAMN19657248,SAMN19658014,SAMN19688705,SAMN19694085,SAMN19658004,SAMN19657754,SAMN19694064,SAMN19687898,SAMN19657700,SAMN19657170,SAMN19687785,SAMN19658105,SAMN19688674,SAMN19657416,SAMN19687776,SAMN19688463,SAMN19657621,SAMN19688190,SAMN19657572,SAMN19694027,SAMN19688596,SAMN19688180,SAMN19657565,SAMN19688359,SAMN19657225,SAMN19694038,SAMN19658142
Cluster_227	SAMN19688638,SAMN19688746
Cluster_228	SAMN19657603,SAMN19688725
Cluster_230	SAMN19688068,SAMN19688069
Cluster_231	SAMN19687799,SAMN19687841
Cluster_232	SAMN19694175,SAMN19688438,SAMN19688446,SAMN19688437,SAMN19688610,SAMN19688570,SAMN19657435,SAMN19657227,SAMN19658055,SAMN19657499,SAMN19657909,SAMN19688724,SAMN19687964,SAMN19658137,SAMN19657784,SAMN19688151,SAMN19657688,SAMN19657340,SAMN19688321,SAMN19657401,SAMN19657400,SAMN19657992,SAMN19658133,SAMN19657836,SAMN19688245,SAMN19657842,SAMN19657622,SAMN19657447,SAMN19688657,SAMN19657979,SAMN19657953,SAMN19688667,SAMN19688502,SAMN19688489,SAMN19694100,SAMN19657332,SAMN19658135
Cluster_233	SAMN19657488,SAMN19657444
Cluster_242	SAMN19688684,SAMN19688516
cluster_243	SAMN19688400,SAMN19694137
Cluster_254	SAMN19657268,SAMN19657749,SAMN19657989,SAMN19657609,SAMN19688224,SAMN19658010,SAMN19688157
Cluster_255	SAMN19657947,SAMN19694048,SAMN19688457,SAMN19688620
Cluster_256	SAMN19688360,SAMN19657464,SAMN19657593,SAMN19657746
Cluster_257	SAMN19657219,SAMN19688649
Cluster_258	SAMN19688244,SAMN19657694
Cluster_259	SAMN19688370,SAMN19694201,SAMN19688369
Cluster_260	SAMN19657918,SAMN19688110,SAMN19658012
Cluster_261	SAMN19688342,SAMN19657578,SAMN19688329
Cluster_262	SAMN19657806,SAMN19688764,SAMN19658042
Cluster_263	SAMN19688738,SAMN19688752
Cluster_264	SAMN19688506,SAMN19688504,SAMN19688503
Cluster_265	SAMN19657904,SAMN19657902,SAMN19657530
Cluster_266	SAMN19657908,SAMN19657396,SAMN19694082,SAMN19657923,SAMN19688740,SAMN19688728,SAMN19694076,SAMN19657925,SAMN19694061,SAMN19687807,SAMN19657841,SAMN19658092,SAMN19657703
Cluster_267	SAMN19694171,SAMN19688567
Cluster_268	SAMN19657632,SAMN19658072
Cluster_269	SAMN19687836,SAMN19657493,SAMN19694055
Cluster_270	SAMN19694040,SAMN19694052,SAMN19687791,SAMN19657431
Cluster_271	SAMN19688129,SAMN19688131
Cluster_272	SAMN19688355,SAMN19657656,SAMN19688218,SAMN19657958,SAMN19688216,SAMN19688286,SAMN19688295,SAMN19688672,SAMN19688278,SAMN19688320,SAMN19657395
Cluster_273	SAMN19687817,SAMN19688217
Cluster_274	SAMN19694196,SAMN19694124,SAMN19694149,SAMN19688410,SAMN19688494,SAMN19694142,SAMN19694121,SAMN19688543,SAMN19694060,SAMN19688716,SAMN19688401,SAMN19688260,SAMN19688720,SAMN19657657
Cluster_275	SAMN19657785,SAMN19658125,SAMN19657229,SAMN19657552,SAMN19687788,SAMN19657616,SAMN19657289,SAMN19688042,SAMN19658074,SAMN19658073,SAMN19657633,SAMN19657443,SAMN19688741,SAMN19687772,SAMN19657769,SAMN19657387,SAMN19657719,SAMN19657209,SAMN19657641,SAMN19657919,SAMN19688001,SAMN19657171,SAMN19657165,SAMN19657773,SAMN19688115,SAMN19687928,SAMN19688161,SAMN19694138,SAMN19688552,SAMN19688515,SAMN19688430,SAMN19688501,SAMN19688498,SAMN19688514,SAMN19688399,SAMN19657370,SAMN19657369,SAMN19657373,SAMN19657371,SAMN19657457,SAMN19688249,SAMN19657277,SAMN19688274,SAMN19657282,SAMN19688162,SAMN19657430,SAMN19688246,SAMN19687925,SAMN19657638,SAMN19657438,SAMN19657473,SAMN19688520,SAMN19688512,SAMN19657840,SAMN19688226,SAMN19688206,SAMN19687958,SAMN19657313,SAMN19687913,SAMN19688404,SAMN19657324,SAMN19688609,SAMN19688044,SAMN19658071,SAMN19657554,SAMN19657538,SAMN19688668,SAMN19688270,SAMN19688568
Cluster_276	SAMN19657694,SAMN19688244
Cluster_277	SAMN19688225,SAMN19658141
Cluster_278	SAMN19688369,SAMN19694201,SAMN19688370
Cluster_279	SAMN19688351,SAMN19688333
Cluster_280	SAMN19688110,SAMN19657918,SAMN19658012
Cluster_281	SAMN19688342,SAMN19657578,SAMN19688329
Cluster_282	SAMN19688615,SAMN19688601
Cluster_283	SAMN19694210,SAMN19694220
Cluster_284	SAMN19694205,SAMN19688395,SAMN19694145,SAMN19694241,SAMN19694226,SAMN19694242,SAMN19657849,SAMN19694222,SAMN19694131,SAMN19688548,SAMN19694139,SAMN19688372,SAMN19688696,SAMN19688455
Cluster_285	SAMN19688465,SAMN19688459,SAMN19688619
Cluster_286	SAMN19688690,SAMN19688423,SAMN19657390,SAMN19657591
Cluster_287	SAMN19687848,SAMN19687827,SAMN19688202
Cluster_288	SAMN19657984,SAMN19657617,SAMN19688640,SAMN19657652,SAMN19657296,SAMN19657897,SAMN19688713
Cluster_289	SAMN19658015,SAMN19688754,SAMN19658028,SAMN19657752,SAMN19657732,SAMN19688005,SAMN19688569,SAMN19694187,SAMN19688644,SAMN19657529
