Cluster	Samples
Cluster_100	SAMEA2782893,SAMEA2782962
Cluster_101	SAMEA2783138,SAMEA2783190,SAMEA2783135
Cluster_102	SAMEA2783528,SAMEA2710821,SAMEA2710926,SAMEA2710872
Cluster_103	SAMEA2783539,SAMEA2782961
Cluster_104	SAMEA2782971,SAMEA2783039
Cluster_107	SAMEA2782884,SAMEA2783144
Cluster_108	SAMEA2710965,SAMEA2782997,SAMEA2782981
Cluster_109	SAMEA2783600,SAMEA2783445
Cluster_11	SAMEA2783325,SAMEA2783134
Cluster_110	SAMEA2710788,SAMEA2783403
Cluster_111	SAMEA2783293,SAMEA2710945,SAMEA2783318,SAMEA2783315,SAMEA2783111,SAMEA2783069,SAMEA2710923,SAMEA2710739,SAMEA2710692,SAMEA2710769,SAMEA2783023,SAMEA2710882,SAMEA2783035,SAMEA2783515,SAMEA2783373,SAMEA2783583,SAMEA2782890,SAMEA2711008,SAMEA2783415,SAMEA2783254,SAMEA2710723
Cluster_112	SAMEA2783177,SAMEA2783163,SAMEA2783291,SAMEA2782888,SAMEA2782904,SAMEA2783512,SAMEA2711004,SAMEA2783332,SAMEA2782916,SAMEA2711041,SAMEA2783460,SAMEA2783141,SAMEA2710876,SAMEA2783567,SAMEA2783235,SAMEA2783151,SAMEA2711005
Cluster_113	SAMEA2710717,SAMEA2783034
Cluster_114	SAMEA2783313,SAMEA2710864
Cluster_115	SAMEA2783145,SAMEA2783186
Cluster_118	SAMEA2782896,SAMEA2783043
Cluster_119	SAMEA2783001,SAMEA2783518
Cluster_12	SAMEA2783191,SAMEA2783095
Cluster_13	SAMEA2783292,SAMEA2710840,SAMEA2783112,SAMEA2783559,SAMEA2710960,SAMEA2783523
Cluster_15	SAMEA2783057,SAMEA2782874,SAMEA2710752,SAMEA2782850,SAMEA2782959,SAMEA2710908,SAMEA2783333
Cluster_16	SAMEA2783385,SAMEA2782998,SAMEA2782863
Cluster_17	SAMEA2783183,SAMEA2783185,SAMEA2710935
Cluster_19	SAMEA2783339,SAMEA2783223
Cluster_2	SAMEA2783475,SAMEA2783066
Cluster_20	SAMEA2783347,SAMEA2783065
Cluster_21	SAMEA2783607,SAMEA2783581
Cluster_22	SAMEA2711035,SAMEA2783442,SAMEA2783184,SAMEA2710852,SAMEA2782974
Cluster_23	SAMEA2783029,SAMEA2710725,SAMEA2710745,SAMEA2782914,SAMEA2782913,SAMEA2783399,SAMEA2711018,SAMEA2710747,SAMEA2710700,SAMEA2782827,SAMEA2710846,SAMEA2783579,SAMEA2783208
Cluster_25	SAMEA2782932,SAMEA2783098,SAMEA2783443,SAMEA2783377
Cluster_26	SAMEA2782931,SAMEA2783519
Cluster_28	SAMEA2783206,SAMEA2783159,SAMEA2783507
Cluster_29	SAMEA2710992,SAMEA2783391,SAMEA2782943
Cluster_30	SAMEA2710697,SAMEA2783465
Cluster_31	SAMEA2710800,SAMEA2783281,SAMEA2783038,SAMEA2783326,SAMEA2783591,SAMEA2710765,SAMEA2710947,SAMEA2783398
Cluster_32	SAMEA2710798,SAMEA2710705,SAMEA2783282
Cluster_34	SAMEA2783203,SAMEA2710920,SAMEA2782907,SAMEA2783427
Cluster_35	SAMEA2783484,SAMEA2783160
Cluster_36	SAMEA2782918,SAMEA2783614,SAMEA2783280
Cluster_37	SAMEA2710845,SAMEA2783522
Cluster_38	SAMEA2783573,SAMEA2783154,SAMEA2783546
Cluster_40	SAMEA2783024,SAMEA2783087,SAMEA2783471,SAMEA2782979
Cluster_41	SAMEA2710957,SAMEA2783319,SAMEA2782889
Cluster_42	SAMEA2710774,SAMEA2710734
Cluster_43	SAMEA2783588,SAMEA2783092
Cluster_44	SAMEA2710839,SAMEA2783517,SAMEA2783234
Cluster_45	SAMEA2711029,SAMEA2783331,SAMEA2711001,SAMEA2783472
Cluster_47	SAMEA2783521,SAMEA2783026,SAMEA2783328
Cluster_49	SAMEA2710762,SAMEA2782845,SAMEA2710722,SAMEA2783267
Cluster_5	SAMEA2783560,SAMEA2782908
Cluster_51	SAMEA2783345,SAMEA2782880
Cluster_52	SAMEA2782986,SAMEA2783609
Cluster_54	SAMEA2782957,SAMEA2710797,SAMEA2710942
Cluster_55	SAMEA2783118,SAMEA2783534,SAMEA2783193,SAMEA2782899
Cluster_56	SAMEA2783179,SAMEA2782980,SAMEA2710760,SAMEA2710811
Cluster_57	SAMEA2783499,SAMEA2783195,SAMEA2783330
Cluster_58	SAMEA2783343,SAMEA2711026,SAMEA2782975,SAMEA2783101
Cluster_59	SAMEA2783340,SAMEA2783121,SAMEA2782984,SAMEA2783085,SAMEA2783584,SAMEA2783076,SAMEA2783031,SAMEA2782973,SAMEA2710803,SAMEA2783437,SAMEA2710761,SAMEA2710854,SAMEA2783436,SAMEA2783344,SAMEA2783155,SAMEA2783306,SAMEA2783168,SAMEA2783532,SAMEA2782879,SAMEA2783289
Cluster_6	SAMEA2783494,SAMEA2782960,SAMEA2710710
Cluster_60	SAMEA2711010,SAMEA2710986,SAMEA2783470
Cluster_61	SAMEA2711032,SAMEA2782875,SAMEA2783335,SAMEA2783231
Cluster_63	SAMEA2783107,SAMEA2711028
Cluster_64	SAMEA2783432,SAMEA2710776,SAMEA2783027,SAMEA2710748
Cluster_65	SAMEA2783463,SAMEA2783018
Cluster_66	SAMEA2782941,SAMEA2783205
Cluster_68	SAMEA2782910,SAMEA2710951,SAMEA2783263,SAMEA2783140
Cluster_69	SAMEA2782878,SAMEA2783006
Cluster_71	SAMEA2783417,SAMEA2783041,SAMEA2782945,SAMEA2783401,SAMEA2783096
Cluster_73	SAMEA2783048,SAMEA2783146
Cluster_75	SAMEA2783036,SAMEA2711013
Cluster_76	SAMEA2783544,SAMEA2783392,SAMEA2783288
Cluster_77	SAMEA2783022,SAMEA2783091,SAMEA2783395
Cluster_78	SAMEA2783233,SAMEA2783071
Cluster_80	SAMEA2783316,SAMEA2782995,SAMEA2783578,SAMEA2783537,SAMEA2710880,SAMEA2783266,SAMEA2710737,SAMEA2783008,SAMEA2783448,SAMEA2782822,SAMEA2783252,SAMEA2783492,SAMEA2783323,SAMEA2782967
Cluster_82	SAMEA2710829,SAMEA2782992
Cluster_83	SAMEA2710861,SAMEA2783196
Cluster_84	SAMEA2710783,SAMEA2783372
Cluster_85	SAMEA2783509,SAMEA2783541
Cluster_86	SAMEA2783201,SAMEA2783083
Cluster_88	SAMEA2783284,SAMEA2711016
Cluster_94	SAMEA2783305,SAMEA2783396
Cluster_95	SAMEA2783286,SAMEA2782902,SAMEA2710981
Cluster_96	SAMEA2783094,SAMEA2710911,SAMEA2783511,SAMEA2783040,SAMEA2783625,SAMEA2782900,SAMEA2783418,SAMEA2783102,SAMEA2783337,SAMEA2783236,SAMEA2783229,SAMEA2710699,SAMEA2783016,SAMEA2782847,SAMEA2783278,SAMEA2783547,SAMEA2710860,SAMEA2783044,SAMEA2783283,SAMEA2710738,SAMEA2782923,SAMEA2783230,SAMEA2783413,SAMEA2783097,SAMEA2783165,SAMEA2783173,SAMEA2782976,SAMEA2711063,SAMEA2710711,SAMEA2783131
Cluster_97	SAMEA2710984,SAMEA2783161
Cluster_98	SAMEA2783526,SAMEA2783152,SAMEA2782852,SAMEA2782886,SAMEA2710719
