Cluster	Samples
Cluster_10021	SAMEA6875131,SAMEA118265617,SAMEA6875132,SAMEA6875133
Cluster_10116	SAMEA118265311,SAMEA118265310,SAMEA118265313,SAMEA118265319,SAMEA6875240,SAMEA6875241
Cluster_10122	SAMEA5076107,SAMEA118265719,SAMEA5076108,SAMEA118265206,SAMEA5076063,SAMEA118265796,SAMN28538030,SAMEA5076086
Cluster_10129	SAMEA7563822,SAMEA6875529
Cluster_10137	SAMEA6875104,SAMEA6875103,SAMEA6875102,SAMEA118265378
Cluster_10547	SAMN07658140,SAMEA1118915,SAMN07660221,SAMEA7550723,SAMEA118265602,SAMEA1118039,SAMEA7548011
Cluster_10549	SAMEA112804376,SAMEA112803349,SAMEA112801649,SAMEA112800145,SAMEA112805204,SAMEA112806290,SAMEA112801515,SAMEA112806634,SAMEA112803942,SAMEA112806738,SAMEA112803285,SAMEA112804018,SAMEA112803267,SAMEA118265861,SAMEA112806081,SAMEA112804427,SAMEA112801944,SAMEA112801709,SAMEA112804456,SAMEA1102733,SAMEA112806774,SAMEA112799570,SAMEA112805683,SAMEA112800147,SAMEA112806213,SAMN09090411,SAMEA112806183,SAMEA112800146
Cluster_10561	SAMEA6875554,SAMEA118265370,SAMEA118265347,SAMEA118265379,SAMEA118265356,SAMEA118265359
Cluster_10587	SAMEA9977640,SAMEA6875401,SAMN13568704,SAMEA104362405,SAMEA104362435,SAMEA9977639
Cluster_10665	SAMN17709442,SAMEA3715411,SAMEA6875294,SAMEA114663551
Cluster_10694	SAMEA6875662,SAMEA118265207,SAMEA112803564
Cluster_10723	SAMEA5076145,SAMEA5076155,SAMEA6649901,SAMEA5076062,SAMEA118265450,SAMEA114323129,SAMEA5076154,SAMEA5076077,SAMEA6649890
Cluster_10727	SAMEA118265475,SAMEA6875234,SAMEA6875235
Cluster_10789	SAMEA118265220,SAMEA6875443
Cluster_10798	SAMEA6875215,SAMEA6875216
Cluster_10820	SAMEA118265810,SAMEA118265749
Cluster_10830	SAMEA118265778,SAMEA118265779
Cluster_10843	SAMN23235167,SAMN23235183,SAMN23235164,SAMN23235200,SAMN23235207,SAMN23235182,SAMEA7555065,SAMN23235199,SAMN23235170,SAMN23235174,SAMN23235162,SAMN23235194,SAMEA6875602,SAMN23235155,SAMN23235173,SAMN23235209,SAMN23235186,SAMN23235159,SAMN23235211,SAMN23235185,SAMN23235161,SAMN23235172,SAMN23235192,SAMN23235175,SAMN23235201,SAMN23235203,SAMN23235166,SAMN23235210,SAMN23235208,SAMN23235165,SAMN23235206,SAMN23235160,SAMN23235205,SAMN23235163,SAMN23235177,SAMN23235176,SAMN23235198,SAMN23235168,SAMN23235202,SAMN23235204
Cluster_10846	SAMEA118265537,SAMEA118265295,SAMEA118265538
Cluster_10855	SAMN12347327,SAMN12347352,SAMEA1103097,SAMEA7561213,SAMEA3369670,SAMEA3367552,SAMEA3369669,SAMEA118265263,SAMEA7561268,SAMN04385701,SAMEA1102644,SAMEA1103098
Cluster_10871	SAMN26722362,SAMN26722361,SAMEA112800562,SAMEA118265305
Cluster_10872	SAMEA118265634,SAMEA6875511
Cluster_10895	SAMEA6875111,SAMEA6875112
Cluster_10949	SAMEA118265227,SAMEA6875349
Cluster_10950	SAMEA118265317,SAMEA118265314,SAMEA3359354,SAMEA6875466,SAMEA118265487,SAMEA118265522
Cluster_10964	SAMEA114625927,SAMEA114625884,SAMEA114625994,SAMEA114625970,SAMEA114625896,SAMEA114626002,SAMEA6875598,SAMEA114625892,SAMEA114625992
Cluster_10988	SAMEA6875208,SAMEA6875207
Cluster_10990	SAMEA118265135,SAMEA118265765,SAMEA118265514,SAMEA6875160,SAMEA6875161,SAMEA6875162
Cluster_10997	SAMEA6875090,SAMEA118265213,SAMEA6875091,SAMN03648529
Cluster_11066	SAMEA6875585,SAMEA118265290,SAMEA118265434
Cluster_11083	SAMEA118265518,SAMEA112800164,SAMEA112806852,SAMN31423580,SAMEA112800116,SAMEA112799906,SAMEA112799267,SAMEA14269108,SAMEA7551701,SAMEA112803728,SAMEA7553140,SAMEA112801809,SAMEA112800434,SAMEA112800256,SAMEA112799163,SAMEA7548420,SAMEA112800012,SAMEA112799598,SAMEA112800007,SAMEA112801745,SAMEA112801768
Cluster_11198	SAMEA118265158,SAMEA118265844,SAMEA112803782,SAMEA112804612,SAMEA112803968,SAMEA7562067
Cluster_11217	SAMEA6875045,SAMEA6875047,SAMEA6875046,SAMEA118265141,SAMN28538217,SAMEA118265463,SAMEA112804001
Cluster_11287	SAMEA118265239,SAMEA6875432,SAMEA118265577,SAMEA118265686
Cluster_11295	SAMEA118265735,SAMEA118265822
Cluster_11302	SAMEA6875124,SAMEA6875125
Cluster_11346	SAMEA6875117,SAMEA6875116
Cluster_11349	SAMEA6875031,SAMEA6875029,SAMEA6875030,SAMEA118265653
Cluster_11388	SAMEA118265185,SAMEA118265120,SAMEA118265352,SAMEA6875194,SAMEA104407636,SAMEA118265296,SAMEA8595231,SAMEA104407647,SAMEA104407642,SAMEA118265148,SAMEA3450066,SAMEA3447565,SAMEA104407639,SAMEA6875193,SAMEA7555902,SAMEA104407645
Cluster_11425	SAMEA118265530,SAMEA5076135,SAMEA5076159,SAMEA5076102,SAMEA5076103,SAMEA5076110
Cluster_11439	SAMEA6875060,SAMEA7547249,SAMEA6875059
Cluster_11479	SAMEA6875203,SAMEA118265137,SAMEA118265341,SAMEA118265136,SAMEA6875204,SAMEA118265216,SAMEA118265140
Cluster_11482	SAMEA104221071,SAMEA104221063,SAMEA104221062,SAMEA104221059,SAMEA104221065,SAMEA104221066,SAMEA104221073,SAMEA104221067,SAMEA104221060,SAMEA104221064,SAMEA104221058,SAMEA104221068,SAMEA104221070,SAMEA104221057
Cluster_11497	SAMEA6875248,SAMEA112801808,SAMEA112800581,SAMEA7547780
Cluster_11498	SAMEA6875071,SAMEA6875072,SAMEA118265191,SAMEA118265187
Cluster_11502	SAMEA6875148,SAMEA118265172,SAMEA6875149,SAMEA118265488,SAMEA118265105
Cluster_11504	SAMN33062083,SAMEA6875489
Cluster_11509	SAMEA118265228,SAMEA118265760
Cluster_11513	SAMEA118265161,SAMEA118265570,SAMEA6875362,SAMEA118265401
Cluster_11516	SAMEA6875158,SAMEA6875159,SAMEA6875157
Cluster_11524	SAMEA6875181,SAMEA6875182,SAMEA6875183,SAMEA2682860
Cluster_11539	SAMEA118265467,SAMEA118265465,SAMEA6875197,SAMEA6875198
Cluster_11540	SAMEA118265260,SAMEA6875516,SAMEA118265560
Cluster_11555	SAMEA112624897,SAMEA112624891,SAMEA112624899,SAMEA6875547,SAMEA112624877,SAMEA3420945,SAMEA112624919,SAMEA112624886,SAMEA3356003,SAMEA112624874
Cluster_11662	SAMEA7554332,SAMEA7550248,SAMEA7561987,SAMN39286575,SAMN21616692,SAMN41154844,SAMN41154449,SAMN41146627,SAMN41146593,SAMN40566626,SAMN39287073,SAMN35621634,SAMN34257607,SAMN27762526,SAMN27743973,SAMN18035298,SAMN16966238,SAMEA7550681,SAMN41154973,SAMN41154943,SAMN41154879,SAMN41154833,SAMN41154720,SAMN41154680,SAMN41154559,SAMN41148616,SAMN41148596,SAMN41148481,SAMN41148437,SAMN41146687,SAMN41146661,SAMN41146659,SAMN41146576,SAMN41146527,SAMN41146489,SAMN40566636,SAMN40566635,SAMN40566629,SAMN40566628,SAMN40566627,SAMN40566625,SAMN40566615,SAMN40566612,SAMN40566610,SAMN40566599,SAMN40566597,SAMN40566582,SAMN40566312,SAMN40566304,SAMN40566299,SAMN40528874,SAMN39287043,SAMN39287032,SAMN39287018,SAMN39287002,SAMN39286975,SAMN39286921,SAMN39286876,SAMN39286874,SAMN39286872,SAMN39286871,SAMN39286869,SAMN39286868,SAMN39286859,SAMN39286858,SAMN39286857,SAMN39286700,SAMN39286681,SAMN39286680,SAMN39286679,SAMN39286676,SAMN39286675,SAMN39286673,SAMN39286672,SAMN39286573,SAMN34257606,SAMN34257605,SAMN34257604,SAMN34257603,SAMN27763797,SAMN27762224,SAMN21882831,SAMN21880277,SAMN21857752,SAMN21857526,SAMN21616998,SAMN21616964,SAMN21616898,SAMN21616814,SAMN21616669,SAMN16966233,SAMN16966224,SAMN16966214,SAMN16966189,SAMN16966176,SAMN16966159,SAMN16966154,SAMN16966097,SAMN16966089,SAMN16966075,SAMN16966066,SAMN07659780,SAMEA7561938,SAMEA7555469,SAMEA7555380,SAMEA7554915,SAMEA7554823,SAMEA7554623,SAMEA7554209,SAMEA7554073,SAMEA7553969,SAMEA7553552,SAMEA7553375,SAMEA7553192,SAMEA7553099,SAMEA7552828,SAMEA7552816,SAMEA7552635,SAMEA7552429,SAMEA7552184,SAMEA7552068,SAMEA7552003,SAMEA7550547,SAMEA7550044,SAMEA7549451,SAMEA7549416,SAMEA7549413,SAMEA7549141,SAMEA7548199,SAMEA7547950,SAMEA6875375,SAMEA3375492,SAMEA3359395,SAMEA3359344,SAMEA118265667,SAMEA118265604,SAMEA118265596,SAMEA118265584,SAMEA118265448,SAMEA118265277
Cluster_11678	SAMEA6875048,SAMEA6875050,SAMEA6875049
Cluster_1169	SAMN38670615,SAMEA6875581,SAMEA7561763,SAMEA3445014,SAMN38670626,SAMEA7561549
Cluster_11722	SAMEA3449391,SAMEA3449882,SAMEA3451154,SAMN03647460,SAMEA1405969,SAMEA3447642,SAMEA3448732,SAMEA111556213,SAMEA118265680,SAMEA118265357,SAMEA6875643,SAMEA3450050,SAMEA3450074,SAMEA3446528,SAMEA3445241,SAMEA3451230
Cluster_11723	SAMEA6875098,SAMEA6875099,SAMN03647968,SAMEA1876320,SAMN26038177,SAMN26038095,SAMN03648343,SAMEA2061574
Cluster_11749	SAMEA118265146,SAMEA8653176
Cluster_11810	SAMEA12617002,SAMEA118265519,SAMEA12616962,SAMEA12616953,SAMEA12616957,SAMEA12616950,SAMEA12616986,SAMEA12616931,SAMEA12616987,SAMEA12616996,SAMEA112269211,SAMEA12616946,SAMEA12616961,SAMEA112271083,SAMEA118265647,SAMEA12616963,SAMEA12617011,SAMEA12616990,SAMEA12616967,SAMEA12616956,SAMEA112269212,SAMEA12616954,SAMEA12616952,SAMEA12617007,SAMEA12617014,SAMEA7561914,SAMEA12616982,SAMEA12617021,SAMN07627181,SAMEA12617015,SAMEA12616948,SAMEA12617009,SAMEA12616965,SAMEA118265232,SAMEA12616984,SAMEA12616972,SAMEA12616947,SAMN07627180,SAMEA12616929,SAMEA112269210,SAMEA112189504,SAMEA12616964,SAMEA12616998,SAMEA12616955,SAMEA12616985,SAMEA12616949,SAMEA12616935,SAMEA12617001,SAMEA12616989,SAMEA12616974,SAMEA12617003,SAMN07627177,SAMEA12616975,SAMEA12616958,SAMEA12616945,SAMEA12617018,SAMEA112189503,SAMEA12616942,SAMEA12616997,SAMEA12616973,SAMN10462549,SAMEA12616939,SAMEA12616988,SAMEA12616934,SAMEA12617010,SAMEA12616951,SAMEA12616999,SAMEA12617000,SAMEA12616966
Cluster_1187	SAMN26722390,SAMEA3340433,SAMEA6875028,SAMN26722389,SAMEA6875027,SAMEA6875026
Cluster_11946	SAMEA6875484,SAMEA114625964
Cluster_12008	SAMEA6875128,SAMEA6875129,SAMEA6875130
Cluster_12040	SAMEA118265809,SAMEA6875174,SAMEA118265470,SAMEA118265122,SAMEA6649923,SAMEA6875173,SAMEA6875172
Cluster_12049	SAMEA118265773,SAMEA6875558
Cluster_1205	SAMEA6875066,SAMEA6875065
Cluster_12058	SAMEA6875269,SAMEA118265436
Cluster_12059	SAMEA6875205,SAMEA6875206
Cluster_12078	SAMEA118265770,SAMEA6875552
Cluster_12081	SAMN31062741,SAMEA6875664,SAMEA7553501
Cluster_12106	SAMEA112801072,SAMEA118265324
Cluster_12142	SAMEA11961614,SAMN41154573,SAMEA3558716,SAMEA118265838
Cluster_12144	SAMEA6875515,SAMEA118265152
Cluster_1215	SAMEA6875083,SAMEA6875082
Cluster_12182	SAMEA118265329,SAMEA118265328
Cluster_12288	SAMEA6875053,SAMEA6875051
Cluster_12324	SAMN26722377,SAMEA6875518
Cluster_12325	SAMEA118265609,SAMEA118265491
Cluster_12346	SAMEA118265714,SAMEA118265713
Cluster_1239	SAMEA118265660,SAMEA5076129,SAMEA5076067,SAMEA5076083,SAMEA5076066,SAMEA5076120,SAMEA118265507,SAMEA5076148,SAMEA118265568
Cluster_12439	SAMEA7551638,SAMEA118265407,SAMEA112805999
Cluster_12484	SAMEA118265243,SAMEA6875611
Cluster_12529	SAMEA118265630,SAMEA6875564
Cluster_12533	SAMEA6875408,SAMN07956560
Cluster_12556	SAMEA6875209,SAMEA6875210
Cluster_12580	SAMEA118265572,SAMEA6875052
Cluster_12608	SAMEA6875141,SAMEA6875140
Cluster_12632	SAMN16966217,SAMEA118265868
Cluster_12634	SAMEA6875627,SAMEA3671460
Cluster_12669	SAMEA6875285,SAMEA3316422
Cluster_12685	SAMEA5607337,SAMEA6875650,SAMEA118265128
Cluster_12693	SAMEA7549523,SAMN20513102,SAMEA7553507,SAMEA118265583,SAMEA118265636
Cluster_12754	SAMEA118265166,SAMEA118265559
Cluster_1278	SAMEA6875044,SAMEA6875043,SAMEA6875042
Cluster_12787	SAMEA114396013,SAMEA7067345,SAMEA14459890,SAMEA118265860,SAMEA5056392,SAMEA3558390,SAMN08383168,SAMEA3558359,SAMEA114663540,SAMEA3357595,SAMEA3562778,SAMEA5056433,SAMN08383174,SAMN08383216
Cluster_1279	SAMEA6875079,SAMEA3316426,SAMEA6649912,SAMEA6875077,SAMEA6875078,SAMEA6875076
Cluster_12802	SAMEA6875137,SAMEA118265531,SAMEA6875136
Cluster_12834	SAMEA6875195,SAMEA6875196,SAMEA118265478,SAMEA118265273,SAMEA118265853
Cluster_12836	SAMEA118265121,SAMEA6875531
Cluster_12838	SAMEA6875213,SAMEA6875214
Cluster_12839	SAMEA118265412,SAMEA112803199,SAMEA118265419,SAMEA118265266,SAMEA118265413,SAMEA118265163,SAMEA118265427
Cluster_12841	SAMN38670622,SAMN38670597,SAMEA3360006,SAMEA3445252,SAMEA1118254,SAMEA118265715,SAMN38670623,SAMEA118265702
Cluster_12955	SAMEA6875107,SAMEA6875108
Cluster_12974	SAMN41148900,SAMEA6875597
Cluster_12986	SAMEA6875150,SAMN16966053,SAMEA6875151,SAMEA111556038,SAMEA118265516,SAMEA118265399,SAMEA118265217,SAMEA112799459
Cluster_12999	SAMEA118265627,SAMEA112801363
Cluster_13015	SAMEA3346009,SAMEA6875421,SAMEA118265190
Cluster_1311	SAMEA118265337,SAMEA118265338
Cluster_13158	SAMEA5164350,SAMEA7546521,SAMN13568746,SAMEA9976737,SAMEA104362530,SAMEA9977011,SAMN13568799,SAMEA7547123,SAMEA7545660,SAMEA7546242,SAMEA7546443,SAMEA5164180,SAMEA9976379,SAMEA7546214,SAMEA118265469,SAMEA9977593,SAMEA104362215,SAMEA114493572,SAMEA7546069,SAMEA9976606,SAMEA7545935,SAMN05918583,SAMEA7545182,SAMEA5163690,SAMEA5282443
Cluster_13274	SAMEA12871038,SAMEA118265408
Cluster_13338	SAMEA6875135,SAMEA6875134
Cluster_13367	SAMEA6875200,SAMEA6875199
Cluster_13409	SAMEA3715540,SAMEA6875307
Cluster_1341	SAMEA118265669,SAMN16966172,SAMN16966113
Cluster_13441	SAMEA118265623,SAMEA6875317
Cluster_13475	SAMEA118265496,SAMEA7553194
Cluster_13585	SAMEA12854860,SAMEA12852105,SAMN27519549,SAMN33756387,SAMN27519985,SAMN21856189,SAMN40273565,SAMN35220665,SAMN33756450,SAMN33756296,SAMN13937467,SAMEA6875410,SAMN27519986,SAMN21855935,SAMN13937555,SAMN13937544,SAMEA12852226,SAMEA12850805,SAMN40273619,SAMN40273616,SAMN40273745,SAMN40273730,SAMN40273489,SAMN40273255,SAMN33756383,SAMN21856137,SAMEA112805736,SAMN13937452,SAMEA12853809,SAMN21856251,SAMN21856041,SAMN13937481,SAMN27519632,SAMN21855859,SAMN27519671,SAMN05001065,SAMN40273437,SAMN40273486,SAMN40273492,SAMN08709042,SAMN04385764,SAMEA1103108,SAMN08708206,SAMN08708721,SAMN08708720,SAMN07659540,SAMN07660369,SAMEA1119250,SAMN08708928,SAMEA4695169,SAMEA4695174,SAMN08708330,SAMN08708755,SAMEA112799098
Cluster_13626	SAMEA7550924,SAMEA112799735,SAMEA112801437,SAMEA3392615,SAMEA1045780,SAMEA112804029,SAMEA7563721,SAMEA7563844,SAMEA7563571,SAMEA7563560,SAMEA7563652,SAMEA7562111,SAMEA7563772,SAMEA1045776,SAMEA1045777,SAMEA7562129,SAMEA1045784,SAMN09715538,SAMEA112805834,SAMEA7550544,SAMEA6875447,SAMEA7553751,SAMN28538147,SAMN28537958,SAMEA118265576
Cluster_13674	SAMN28537933,SAMEA118265768,SAMEA104153415,SAMEA1119592,SAMEA112799671,SAMN28538251,SAMN19658060
Cluster_13681	SAMEA118265708,SAMEA6875563
Cluster_13683	SAMEA6875293,SAMN39286908,SAMEA118265389,SAMEA118265638,SAMEA118265272,SAMEA118265113,SAMEA118265835
Cluster_13703	SAMN30185235,SAMEA118265637
Cluster_13704	SAMEA6875126,SAMEA6875127,SAMEA112801439,SAMEA7552808
Cluster_13716	SAMN30185205,SAMEA112183788,SAMN33243737,SAMEA112183855,SAMEA112183828,SAMN30185202,SAMEA118265444,SAMN28553668,SAMEA112183836
Cluster_13740	SAMEA118265819,SAMEA118265842,SAMEA5076124,SAMEA5076075,SAMEA5076094,SAMEA118265112,SAMEA1119556,SAMEA7550553,SAMEA5076085,SAMEA1117945,SAMEA5076069,SAMEA118265298,SAMEA5076054
Cluster_13811	SAMEA11008612,SAMEA11008648,SAMEA7547309,SAMEA11008614,SAMEA7547261,SAMEA7547505,SAMEA118265815,SAMEA7547408,SAMEA11008611,SAMEA11008667
Cluster_13846	SAMEA104362171,SAMEA104362055,SAMEA118265664,SAMEA104362213,SAMN13568499,SAMEA104362230,SAMEA104362359,SAMN13568628,SAMN13568324,SAMN13568584,SAMN13568440
Cluster_13981	SAMEA118265130,SAMEA118265432,SAMEA118265431,SAMEA118265820,SAMEA6875527
Cluster_14021	SAMEA118265685,SAMEA118265593
Cluster_14057	SAMEA7425187,SAMEA11961675,SAMEA6591837,SAMEA6591821,SAMEA11961680,SAMEA114323136,SAMEA3671426,SAMEA114323136
Cluster_14064	SAMEA118265847,SAMEA2533367
Cluster_14091	SAMN18647903,SAMN18648617,SAMN18648548,SAMN18648528,SAMN18648551,SAMN18648374,SAMN18647955,SAMN18648647,SAMN18648236,SAMN18648060,SAMN30380832,SAMN18648637,SAMN18648498,SAMN18648431,SAMN30381057,SAMN30381083,SAMN18648496,SAMN18648049,SAMN18648317,SAMN18648567,SAMN18648587,SAMN18647974,SAMN18648571,SAMN18647917,SAMN18648296,SAMN18648065,SAMN18648420,SAMN18648293,SAMN18648403,SAMEA112750782,SAMN18648578,SAMN18648574,SAMN18648635,SAMN18648373,SAMN30380902,SAMN18648508,SAMN18648045,SAMN18648606,SAMN30381158,SAMN18648423,SAMN18647904,SAMN18647960,SAMN18648655,SAMN18647946,SAMN30380985,SAMN18648186,SAMN18647968,SAMN18648167,SAMN18647899,SAMN18648545,SAMN18648450,SAMN18648235,SAMN18648622,SAMN30381091,SAMN30380905,SAMN18648336,SAMN30380909,SAMN18648648,SAMN18648657,SAMN18648519,SAMN18648565,SAMN18648360,SAMN18648684,SAMN18647933,SAMN30380890,SAMN18648632,SAMN18648529,SAMN30380868,SAMN18648685,SAMN18648488,SAMN18648569,SAMN18648277,SAMN18648497,SAMN18647940,SAMN18648580,SAMN18648539,SAMN18648227,SAMN18647953,SAMN18648662,SAMN18647938,SAMN18648673,SAMN18648493,SAMN18648619,SAMN30381254,SAMN18648031,SAMN18648042,SAMN30380840,SAMN18647896,SAMN18648327,SAMN18648029,SAMN18648014,SAMN18648021,SAMN18648590,SAMN18648386,SAMEA6875442,SAMN18647989,SAMN18648441,SAMN18647908,SAMN18648572
Cluster_14124	SAMEA114663554,SAMEA112805222,SAMEA6875514,SAMEA7554521,SAMEA5606699,SAMEA118265682,SAMEA111556023,SAMEA2534796,SAMEA112799798,SAMEA7548593,SAMEA6875665,SAMEA111556179,SAMEA118265683,SAMEA114625878,SAMEA2534976,SAMEA104394443,SAMEA1119165,SAMEA112803291,SAMEA112804501,SAMEA112804708,SAMEA7550023,SAMEA112801585,SAMEA7563740,SAMEA2534559,SAMEA7550000,SAMEA7563646,SAMEA112803938,SAMEA112806391,SAMEA112801717,SAMEA112801070,SAMEA118265371,SAMEA112799550,SAMEA112800424,SAMEA112803700,SAMEA112799380,SAMEA112805590,SAMEA112801291,SAMEA1119084,SAMEA7553328,SAMEA7553978,SAMEA118265372,SAMEA112801338,SAMEA118265684,SAMEA112801286,SAMEA112803918,SAMEA104394704,SAMEA7550230,SAMEA6875370,SAMEA7552573,SAMEA104394470,SAMN28538172,SAMEA112805902,SAMEA118265201,SAMEA7549569,SAMEA112803654,SAMEA104394411,SAMEA118265250,SAMN07660082
Cluster_14130	SAMEA6875503,SAMEA113981287,SAMEA3558790,SAMEA1969467
Cluster_14131	SAMEA118265563,SAMN30185233,SAMN30185200,SAMN41148703,SAMN30185187,SAMN20847272,SAMEA118265574,SAMN41148702,SAMEA118265564
Cluster_14133	SAMEA6875380,SAMN28553605,SAMEA3340426,SAMN41148783,SAMN28553868,SAMN30964001
Cluster_14175	SAMN34999460,SAMN31423422,SAMN28537931,SAMN31423437,SAMEA7550136,SAMN09090408,SAMEA1102822,SAMEA6875487,SAMEA3715420,SAMEA112804051,SAMEA1405996,SAMN28538202,SAMEA112799089,SAMEA8893129,SAMEA112800845,SAMEA7554477,SAMEA1118051,SAMN03647331,SAMN09090633,SAMEA111366888,SAMEA114625890,SAMEA7561752,SAMN09090399,SAMEA1405908,SAMN31423355,SAMEA7548996,SAMEA112800842,SAMN40947044,SAMEA112800843,SAMEA118265728,SAMN03647433,SAMN31423326,SAMEA112799176
Cluster_14190	SAMEA6875513,SAMEA118265267
Cluster_14191	SAMN07660208,SAMN07658511,SAMN07660463,SAMEA1119871,SAMEA1117762,SAMEA7554838,SAMEA6875418
Cluster_14197	SAMEA118265510,SAMEA118265177,SAMEA6875397,SAMEA112804264,SAMEA7563811
Cluster_14281	SAMEA118265417,SAMEA118265599,SAMEA6875152,SAMEA7548985,SAMEA14269057,SAMEA14269094,SAMN31423315,SAMEA112801627,SAMEA7553011,SAMEA7551088,SAMEA7550965,SAMEA7554201,SAMN03647836,SAMEA1707767,SAMEA7129291,SAMEA118265733,SAMEA6875153,SAMEA118265499,SAMEA118265556,SAMEA118265495,SAMEA112806771,SAMEA112804664,SAMEA104394506,SAMEA1119444,SAMEA1118925,SAMEA118265722,SAMEA6875462,SAMEA112800454,SAMEA1118809,SAMEA112800186,SAMEA4695228,SAMEA112805422,SAMEA8893132,SAMEA8893122,SAMEA7553150,SAMN05276339,SAMEA8893145
Cluster_14283	SAMEA6875476,SAMN08708352,SAMEA6591807,SAMEA118265131,SAMEA114625996,SAMEA115163069,SAMEA114625978,SAMN08709218,SAMN34293828
Cluster_14385	SAMEA6875504,SAMEA118265333
Cluster_14396	SAMN03648258,SAMEA1904685,SAMEA7551636,SAMEA6875093,SAMN03648209,SAMEA6875092,SAMEA1904076,SAMEA1119101
Cluster_14400	SAMEA6875385,SAMEA1117575
Cluster_14413	SAMEA118265573,SAMEA1119739
Cluster_14422	SAMEA118265189,SAMEA112801480,SAMEA118265414,SAMEA118265477,SAMEA118265643,SAMN28106864,SAMEA6875169,SAMEA118265492,SAMEA118265850,SAMEA118265394,SAMEA7550815,SAMEA6875171,SAMEA7551428,SAMEA6875170,SAMEA118265594,SAMEA118265784,SAMEA118265786,SAMEA7563553,SAMEA118265247,SAMEA118265672,SAMEA118265238
Cluster_14720	SAMN31030337,SAMEA118265308
Cluster_14921	SAMEA118265489,SAMEA118265200,SAMEA118265104,SAMEA6875622,SAMEA112801519
Cluster_14928	SAMEA7545948,SAMEA7545276,SAMN41148746,SAMN40566517,SAMEA118265210,SAMN41148866,SAMN06010397,SAMN05918592,SAMEA5163759,SAMEA5163835,SAMEA7546190,SAMEA7561975,SAMEA7545951,SAMEA9976993,SAMEA9977526,SAMN13568467,SAMEA104362198
Cluster_14950	SAMEA5076090,SAMEA5076100
Cluster_14982	SAMEA112803431,SAMEA5076101,SAMEA5076137,SAMEA112801277,SAMEA7551399,SAMEA5076156,SAMEA7554048,SAMEA118265671,SAMEA112805517,SAMN26722372,SAMEA2534931
Cluster_15031	SAMEA114625863,SAMEA118265806
Cluster_15037	SAMEA118265565,SAMEA2061815,SAMEA6875431,SAMN03648375
Cluster_15038	SAMEA112804610,SAMEA118265666
Cluster_15047	SAMEA118265257,SAMEA6875422
Cluster_15060	SAMEA5076165,SAMEA5076151,SAMEA3340421,SAMEA5076074,SAMEA3344855,SAMEA5076142,SAMEA118265234
Cluster_15127	SAMEA110024232,SAMEA14460322,SAMEA110013493,SAMEA110013466,SAMEA14460299,SAMEA14460216,SAMEA14460018,SAMEA14460016,SAMEA14459968,SAMEA14459941,SAMEA14459937,SAMEA110037132,SAMEA110024201,SAMEA110013470,SAMEA14459984,SAMEA112801567,SAMEA14460247,SAMEA14460006,SAMEA110031526,SAMEA112806886,SAMEA112806883,SAMEA112799619,SAMEA14459915,SAMEA118265788,SAMN09090378,SAMEA7562289,SAMEA14460107,SAMEA110040817,SAMEA110013465,SAMEA14460130,SAMEA110040909,SAMN28538178,SAMEA112801211,SAMEA3671440,SAMEA1010878,SAMEA14460013,SAMEA112806827,SAMEA112799022,SAMEA110013006,SAMEA14460212,SAMEA110046454,SAMEA6456246,SAMEA110037045,SAMEA110051953,SAMEA110037063,SAMEA7549341,SAMEA110013266,SAMEA110013265,SAMEA14460124,SAMEA14460123,SAMEA110013494,SAMEA112799310,SAMEA110040818,SAMEA14460066,SAMEA1118185,SAMEA14460233,SAMEA14460326,SAMEA110037138,SAMEA110024229,SAMN09090380,SAMEA7561381,SAMEA110040815,SAMEA14460291,SAMEA110051931,SAMEA6455949,SAMEA110037147,SAMEA14269197,SAMEA110051921,SAMEA110046470,SAMEA110024196,SAMEA7561952,SAMEA14460100,SAMEA14460153,SAMEA114625935,SAMEA110013262,SAMEA110013010,SAMN09090363,SAMEA7561376,SAMEA112799720,SAMEA110031558,SAMEA110031460,SAMEA14460289,SAMEA6875549,SAMEA14460113,SAMEA6875524,SAMN41148707,SAMEA6875530,SAMEA110037100,SAMN27763804,SAMEA14460081,SAMEA110031549
Cluster_15135	SAMEA5076082,SAMEA5076064,SAMEA7550550,SAMEA3447599,SAMN09090613,SAMEA5076167,SAMEA7555159,SAMEA5076118,SAMEA112804486
Cluster_15148	SAMEA6875201,SAMEA6875202
Cluster_15175	SAMEA112800227,SAMEA118265366,SAMEA6875566,SAMEA112800495,SAMEA7548908,SAMEA7548302,SAMEA7551682,SAMEA118265364,SAMEA118265550,SAMEA7552818,SAMEA112799531,SAMEA118265571
Cluster_15176	SAMEA118265734,SAMEA7553579
Cluster_15196	SAMEA118265363,SAMEA112805802,SAMEA118265231,G2176m,SAMEA118265615,SAMEA6875620
Cluster_15201	SAMN40273173,SAMN40273344,SAMN21855986,SAMEA112803993,SAMN35220630,SAMN40273433,SAMN33756560,SAMEA5282495,SAMEA7157347,SAMEA3451374,SAMEA3449649,SAMN02381025,SAMN40273298,SAMN33756548,SAMN40273756,SAMN40273754,SAMN33756379,SAMN40273284,SAMN40273283,SAMN40273302,SAMN27519627,SAMN33756316,SAMN31037903,SAMN21856369,SAMN27520215,SAMN40273466,SAMEA7157733,SAMN40273067,SAMN27519623,SAMN27520047,SAMN33756205,SAMN40273760,SAMN13937526,SAMN21855965,SAMN33756422,SAMN33756213,SAMN40273537,SAMN40273536,SAMN40273270,SAMN21856348,SAMN21856167,SAMN21856166,SAMN06209900,SAMN13937476,SAMN40273069,SAMN33756382,SAMN40273502,SAMN21856027,SAMN33756572,SAMN21856193,SAMN21855932,SAMN21856257,SAMN13937484,SAMEA7550990,SAMN40273688,SAMN33756346,SAMN21856268,SAMN21856283,SAMN33756386,SAMN33756319,SAMN35220638,SAMEA118265741,SAMEA118265600,SAMN33756285,SAMN33756201,SAMN33756528,SAMN27520073,SAMN13937424,SAMN13937564,SAMN27520021,SAMN40273092,SAMN40273086,SAMN27520154,SAMN13937466,SAMN27519608,SAMEA7157864,SAMN40273580,SAMN41148346,SAMEA1707514,SAMEA7157360,SAMN40273129,SAMN40273568,SAMN40273240,SAMN33756181,SAMN40273733,SAMN40273276,SAMN03647751,SAMEA1707914,SAMN33756338,SAMN33756215,SAMN40273381,SAMN21856356,SAMN40273061,SAMN35220619,SAMN21856372,SAMN21856229,SAMN33756161,SAMN40273124,SAMN35220614,SAMN33756487,SAMN33756340,SAMN40273494,SAMEA13120076,SAMN40273333,SAMN27520189,SAMN33756243,SAMN27519881,SAMEA112799697,SAMN40273800,SAMN27520146,SAMN21856153,SAMN21855847,SAMN21855999,SAMEA112805667
Cluster_15232	SAMEA118265798,SAMN31674088
Cluster_15285	SAMEA118265834,SAMEA118265286,SAMEA118265289,SAMEA118265285,SAMEA118265281,SAMEA118265194,SAMEA118265188,SAMEA118265186,SAMN28538080,SAMN31423475,SAMEA7562115,SAMEA5076140,SAMEA5076138,SAMEA5076080,SAMEA5076072,SAMEA5076127,SAMEA112799207,SAMEA112799145,SAMEA112803758,SAMEA7547978,SAMEA7549064,SAMEA7547751,SAMN09402698,SAMEA7555100,SAMEA7550370,SAMEA5076065,SAMEA112801464,SAMEA112801458,SAMN09402703,SAMEA7555928,SAMEA112804597,SAMEA112803331,SAMEA112799694,SAMEA8893138,SAMEA118265439,SAMEA118265426,SAMEA112801178,SAMEA5076128,SAMN31423552,SAMEA8893116,SAMEA14269143,SAMEA114625883,SAMEA7547835,SAMEA5076061,SAMEA3715611,SAMEA3357594,SAMEA112805359,SAMEA7562125,SAMEA3360003,SAMN34999462,SAMN34999454,SAMN34999459
Cluster_15296	SAMN09756185,SAMN19657751,SAMN13169494,SAMN19657160,SAMN06210083,SAMN19657558,SAMN19658088,SAMN19657244,SAMN19688290,SAMN19657331,SAMN09756127,SAMN13169468,SAMN19694104,SAMN19657316,SAMN19688307,SAMN19688412,SAMN06210051,SAMN19658023,SAMN19688681,SAMN13169457,SAMN19658084,SAMN19688578,SAMN13169497,SAMN19657333,SAMN02584636,SAMN19657381,SAMN19694098,SAMN19688331,SAMN19657601,SAMN40655361,SAMN19657167,SAMN40466029,SAMN02584651,SAMN19688407,SAMN19688763,SAMN40655486,SAMN09756308,SAMN19657361,SAMN19688765,SAMN40655489,SAMN19688308,SAMN09756309,SAMN19657433,SAMN19657576,SAMN13169715,SAMN13169762,SAMN19657258,SAMN19688289,SAMEA6875448,SAMN19657306,SAMN19657527,SAMN19688688,SAMN19687971,SAMN06210082,SAMN19688063
Cluster_15301	SAMEA118265581,SAMEA8718998,SAMN04521946
Cluster_15307	SAMEA118265848,SAMEA118265335,SAMEA118265115,SAMEA118265588,SAMEA118265233,SAMEA5076098,SAMEA5076097,SAMEA5076144,SAMEA3316434,SAMEA5076084,SAMEA5076056,SAMEA118265595,SAMEA5076093,SAMEA118265528,SAMEA118265485,SAMEA118265480,SAMEA118265476,SAMEA5076121,SAMEA3340435,SAMEA5076141,SAMEA5076163,SAMEA5076113
Cluster_15318	SAMEA6875063,SAMEA6875064,SAMEA118265400,SAMEA3340424,SAMEA118265406
Cluster_15329	SAMEA118265512,SAMEA118265343,SAMEA118265763,SAMEA6875080,SAMEA118265132,SAMEA6875081
Cluster_15348	SAMEA6875298,SAMEA13291970
Cluster_15367	SAMEA118265179,SAMEA118265351,SAMEA6875155,SAMEA118265170,SAMEA118265670,SAMEA3316427,SAMEA6875156,SAMEA6875154,SAMEA118265348,SAMEA118265818
Cluster_158	SAMEA118265591,SAMEA118265605,SAMEA118265640,SAMEA6875470
Cluster_1901	SAMEA6875056,SAMEA6875054,SAMEA6875055
Cluster_1928	SAMEA6649893,SAMEA6875559,SAMEA114323135
Cluster_2045	SAMEA118265459,SAMEA118265460
Cluster_2084	SAMEA6875637,SAMEA8893142,SAMEA8893148
Cluster_2137	SAMEA118265542,SAMEA118265543
Cluster_2321	SAMEA6875282,SAMEA3340431
Cluster_2647	SAMEA114323137,SAMEA6649914,SAMEA114323137
Cluster_2888	SAMEA118265618,SAMEA6875143,SAMEA118265619,SAMEA6875144,SAMEA6875142
Cluster_3109	SAMEA3334367,SAMEA6875274
Cluster_3204	SAMEA6875068,SAMEA3346013,SAMEA6875069,SAMEA6875070,SAMEA6875067
Cluster_3778	SAMEA6875114,SAMEA118265318,SAMEA118265662,SAMEA118265661,SAMEA118265411,SAMEA118265410,SAMEA6875115,SAMEA6875113
Cluster_4027	SAMEA118265705,SAMEA118265703
Cluster_4032	SAMEA6875095,SAMEA3316423,SAMEA6875094,SAMEA3340429
Cluster_4070	SAMEA6875100,SAMEA6875101
Cluster_4078	SAMEA6875096,SAMEA6875097
Cluster_4123	SAMEA6875121,SAMEA118265278,SAMEA118265124,SAMEA118265590,SAMEA118265118,SAMEA118265544,SAMEA6875120,SAMEA118265547
Cluster_4124	SAMEA3334373,SAMEA6875221,SAMEA6875220
Cluster_4833	SAMEA1929788,SAMEA118265409,SAMEA1119530
Cluster_491	SAMEA5076164,SAMEA3316428,SAMEA118265473,SAMEA118265449,SAMEA5076111
Cluster_494	SAMEA118265780,SAMEA118265748,SAMEA118265781,SAMEA118265731
Cluster_502	SAMN40947001,SAMN09402691,SAMEA118265215,SAMN09402710
Cluster_5095	SAMN09090504,SAMEA8113322,SAMEA8113323,SAMEA118265443,SAMN09090437,SAMEA14269051,SAMN31423335
Cluster_526	SAMEA118265603,SAMEA7549582
Cluster_5469	SAMEA5076133,SAMEA5076132,SAMEA5076123,SAMEA5076131,SAMEA6875560
Cluster_561	SAMEA3316424,SAMEA6875032,SAMEA6875033,SAMEA6875034
Cluster_564	SAMEA118265101,SAMEA6875343
Cluster_5655	SAMEA118265758,SAMEA118265253,SAMEA118265248
Cluster_626	SAMEA114323138,SAMEA114323138,SAMEA6649895
Cluster_6293	SAMEA6875037,SAMEA6875036,SAMEA6875035
Cluster_6330	SAMEA118265342,SAMEA118265344,SAMEA118265327,SAMEA118265346
Cluster_6612	SAMEA6875075,SAMEA3324351,SAMEA6875074,SAMEA6875073
Cluster_686	SAMEA6875084,SAMEA6875085
Cluster_6880	SAMEA118265271,SAMEA118265192
Cluster_692	SAMEA118265390,SAMEA118265387
Cluster_7094	SAMEA6875187,SAMEA118265472,SAMEA6875189,SAMEA6875188
Cluster_7095	SAMEA6875165,SAMEA6875163,SAMEA6875164
Cluster_71	SAMEA118265100,SAMEA118265307,SAMEA5076089,SAMEA5076161,SAMEA5076099,SAMEA5076088
Cluster_7171	SAMEA5076076,SAMEA118265334,SAMEA8653175
Cluster_7181	SAMEA5076059,SAMEA118265322,SAMEA5076115,SAMEA5076079,SAMEA5076125,SAMEA118265869,SAMEA5076168
Cluster_7193	SAMEA6875061,SAMEA6875062
Cluster_7208	SAMEA118265513,SAMEA118265515,SAMEA118265482
Cluster_732	SAMEA118265111,SAMEA118265836,SAMEA6875166,SAMEA6875167
Cluster_7522	SAMN31673376,SAMEA118265674,SAMN31673220,SAMN31673291,SAMN31673143
Cluster_7810	SAMEA118265721,SAMEA118265629,SAMEA118265631
Cluster_7981	SAMEA118265697,SAMEA118265772,SAMEA118265767
Cluster_8055	SAMEA6875292,SAMEA3324354
Cluster_8056	SAMEA118265529,SAMEA5076147,SAMEA5076117,SAMEA5076152,SAMEA5076119,SAMEA112806536
Cluster_8057	SAMEA118265288,SAMEA118265274,SAMEA118265184
Cluster_8131	SAMEA118265655,SAMEA6875368,SAMEA118265709,SAMEA118265541
Cluster_8257	SAMEA118265198,SAMEA118265461
Cluster_8439	SAMEA118265369,SAMEA118265368
Cluster_8456	SAMEA3346014,SAMEA6875321
Cluster_8497	SAMEA118265613,SAMEA6875041,SAMEA118265196,SAMEA6875040,SAMEA6875039,SAMEA6875038
Cluster_8600	SAMEA6875119,SAMEA4744413,SAMEA6875118
Cluster_8972	SAMEA118265330,SAMEA118265377,SAMEA118265325,SAMEA118265326
Cluster_8987	SAMEA6875211,SAMEA6875212,SAMEA118265103,SAMEA3324355
Cluster_9009	SAMEA6649896,SAMEA1119658,SAMEA5076112,SAMEA118265761,SAMEA5076070,SAMEA5076078,SAMEA115163160,SAMEA5076104,SAMEA5076114,SAMEA118265223,SAMEA5076087,SAMEA112801115
Cluster_9012	SAMEA6875233,SAMEA6875232
Cluster_9020	SAMEA6875058,SAMEA6875057
Cluster_9027	SAMEA114323139,SAMEA6649900,SAMEA6875176,SAMEA6875177,SAMEA114323139,SAMEA118265270,SAMEA6875175
Cluster_9096	SAMEA5076057,SAMEA5076158,SAMEA5076160,SAMEA5076153,SAMEA3340422
Cluster_9105	SAMEA118265855,SAMEA5076095,SAMEA5076092,SAMEA118265458
Cluster_9149	SAMEA118265385,SAMEA6875577
Cluster_9158	SAMEA118265229,SAMEA118265374
Cluster_9167	SAMEA6875323,SAMEA3316433
Cluster_9172	SAMEA6875222,SAMEA6875223
Cluster_9173	SAMEA3356006,SAMEA6875289
Cluster_9226	SAMEA118265143,SAMEA6875306
Cluster_9229	SAMEA6875186,SAMEA118265433,SAMEA6875185,SAMEA118265294,SAMEA118265159,SAMEA118265156,SAMEA118265249,SAMEA6875184,SAMEA118265649,SAMEA118265173,SAMEA118265240,SAMEA118265641,SAMEA118265176,SAMEA118265575,SAMEA118265517
Cluster_9250	SAMEA6875224,SAMEA6875225
Cluster_9264	SAMEA6875192,SAMEA6875191,SAMEA6875190
Cluster_9267	SAMEA6875105,SAMEA118265422,SAMEA6875106
Cluster_9268	SAMEA118265421,SAMEA118265418,SAMEA6875640,SAMEA118265297
Cluster_9269	SAMEA6875087,SAMEA6875086
Cluster_9276	SAMEA6875236,SAMEA6875237
Cluster_9277	SAMEA6875290,SAMEA3340420
Cluster_9281	SAMEA118265610,SAMN26722403,SAMN26722404
Cluster_9331	SAMEA6875110,SAMEA118265237,SAMEA6875109
Cluster_9333	SAMEA7157229,SAMEA7157230,SAMN13207959,SAMEA6875644,SAMEA7157497
Cluster_9337	SAMEA118265226,SAMEA6875468
Cluster_9343	SAMEA6875226,SAMEA6875227
Cluster_9344	SAMEA6875023,SAMEA6875024,SAMEA6875025
Cluster_9412	SAMN41146849,SAMN30953101,SAMN41148301,SAMEA118265857,SAMN30185222,SAMN41148688,SAMN41148689,SAMN41148913
Cluster_9432	SAMEA118265867,SAMEA6875088,SAMEA6875089
Cluster_9447	SAMEA3346012,SAMEA6875291
Cluster_9477	SAMN16966013,SAMEA6875350,SAMEA3374112
Cluster_9483	SAMEA118265843,SAMEA118265845
Cluster_9484	SAMEA5076122,SAMEA5076116,SAMEA5076060,SAMEA118265795,SAMEA5076109,SAMEA5076126
Cluster_9489	SAMEA118265756,SAMEA118265353,SAMEA118265679,SAMEA6875246,SAMEA118265668
Cluster_9492	SAMEA118265841,SAMEA118265830
Cluster_9506	SAMEA118265862,SAMEA118265701
Cluster_9512	SAMEA3316435,SAMEA6875382
Cluster_9515	SAMEA6875217,SAMEA6875218,SAMEA6875219
Cluster_953	SAMEA5076071,SAMEA3334375,SAMEA118265403,SAMEA5076146,SAMEA5076149,SAMEA5076081,SAMEA118265466
Cluster_9560	SAMN31423388,SAMN31423352,SAMN28538189,SAMEA118265452,SAMN28538215,SAMEA3451155,SAMN31423379,SAMEA6875337,SAMN16966112
Cluster_9595	SAMEA118265802,SAMEA118265205,SAMEA6875318
Cluster_9600	SAMEA6875327,SAMEA3346005
Cluster_9606	SAMEA112802091,SAMEA112801308,SAMEA118265145,SAMEA112799144
Cluster_9650	SAMEA6875231,SAMEA6875230
Cluster_9651	SAMEA3340428,SAMEA6875281
Cluster_967	SAMEA3316425,SAMEA6875286
Cluster_9675	SAMEA6875123,SAMEA6875122
Cluster_9706	SAMEA104153482,SAMEA7547792,SAMEA7554702,SAMEA6875676,SAMEA7552366,SAMEA7555146,SAMN09867687,SAMEA7551368,SAMEA7548552,SAMEA7554943
Cluster_9712	SAMN26722357,SAMEA118265323
Cluster_980	SAMEA1045821,SAMEA1045808,SAMEA1045790,SAMEA1045802,SAMEA1045803,SAMEA118265393,SAMEA1045813
Cluster_9852	SAMEA118265551,SAMEA118265479
Cluster_9855	SAMEA118265462,SAMEA6875651,SAMEA118265336
Cluster_9867	SAMEA5076068,SAMEA5076091,SAMEA118265675,SAMEA118265740,SAMEA115163149,SAMEA118265415,SAMEA5076162,SAMEA118265744,SAMEA118265521,SAMEA118265673,SAMEA118265567,SAMEA5076166,SAMEA118265218,SAMEA118265813,SAMEA118265846,SAMEA5076130,SAMEA118265829,SAMEA118265645,SAMEA118265532,SAMEA5076157
Cluster_9874	SAMEA6875478,SAMEA118265839
Cluster_9882	SAMN26271078,SAMN21857206,SAMEA6875646,SAMEA6649921
Cluster_9985	SAMEA14460103,SAMEA6875400
