Cluster	Samples
Cluster_1	SAMEA6875082,SAMEA6875083
Cluster_2	SAMEA118265568,SAMEA118265507,SAMEA118265660,SAMEA5076120,SAMEA5076067,SAMEA5076148,SAMEA5076083,SAMEA5076129,SAMEA5076066
Cluster_3	SAMEA6875065,SAMEA6875066
Cluster_4	SAMEA118265104,SAMEA6875622,SAMEA118265489,SAMEA118265200
Cluster_5	SAMEA6875056,SAMEA6875054,SAMEA6875055
Cluster_6	SAMEA6875061,SAMEA6875062
Cluster_7	SAMEA6875189,SAMEA118265472,SAMEA6875188,SAMEA6875187
Cluster_8	SAMEA118265515,SAMEA118265513,SAMEA118265482
Cluster_9	SAMEA6875068,SAMEA6875070,SAMEA6875069,SAMEA6875067
Cluster_10	SAMEA5076132,SAMEA5076131,SAMEA5076123,SAMEA5076133,SAMEA6875560
Cluster_11	SAMEA118265758,SAMEA118265248,SAMEA118265253
Cluster_12	SAMEA118265101,SAMEA6875343
Cluster_13	SAMEA5076140,SAMEA118265286,SAMEA5076065,SAMEA5076127,SAMEA118265194,SAMEA5076072,SAMEA118265834,SAMEA118265439,SAMEA118265188,SAMEA118265285,SAMEA5076128,SAMEA118265289,SAMEA5076080,SAMEA5076138,SAMEA118265281,SAMEA118265186,SAMEA118265426
Cluster_14	SAMEA6875643,SAMEA118265357,SAMEA118265680
Cluster_15	SAMEA118265459,SAMEA118265460
Cluster_16	SAMEA118265337,SAMEA118265338
Cluster_17	SAMEA6875078,SAMEA6875076,SAMEA6875077,SAMEA6875079
Cluster_18	SAMEA6875043,SAMEA6875042,SAMEA6875044
Cluster_19	SAMEA5076088,SAMEA5076099,SAMEA118265100,SAMEA5076161,SAMEA5076089,SAMEA118265307
Cluster_20	SAMEA118265270,SAMEA6875176,SAMEA6875177,SAMEA114323139,SAMEA6875175
Cluster_21	SAMEA118265372,SAMEA118265371,SAMEA6875665
Cluster_22	SAMEA118265448,SAMEA118265277,SAMEA6875375,SAMEA118265584,SAMEA118265604,SAMEA118265667,SAMEA118265596
Cluster_23	SAMEA6875096,SAMEA6875097
Cluster_24	SAMEA6875101,SAMEA6875100
Cluster_25	SAMEA118265271,SAMEA118265192
Cluster_26	SAMEA118265542,SAMEA118265543
Cluster_27	SAMEA118265781,SAMEA118265780,SAMEA118265731,SAMEA118265748
Cluster_28	SAMEA6875084,SAMEA6875085
Cluster_29	SAMEA118265703,SAMEA118265705
Cluster_30	SAMEA118265390,SAMEA118265387
Cluster_31	SAMEA118265605,SAMEA118265591,SAMEA118265640,SAMEA6875470
Cluster_32	SAMEA118265342,SAMEA118265346,SAMEA118265344,SAMEA118265327
Cluster_33	SAMEA6875037,SAMEA6875036,SAMEA6875035
Cluster_34	SAMEA118265619,SAMEA6875144,SAMEA6875142,SAMEA6875143,SAMEA118265618
Cluster_35	SAMEA118265249,SAMEA118265159,SAMEA118265173,SAMEA6875185,SAMEA118265176,SAMEA118265649,SAMEA118265156,SAMEA118265240,SAMEA118265575,SAMEA6875186,SAMEA118265517,SAMEA118265433,SAMEA118265641,SAMEA118265294,SAMEA6875184
Cluster_36	SAMEA118265274,SAMEA118265288,SAMEA118265184
Cluster_37	SAMEA6875167,SAMEA118265111,SAMEA118265836,SAMEA6875166
Cluster_38	SAMEA5076100,SAMEA5076090
Cluster_39	SAMEA6875192,SAMEA6875191,SAMEA6875190
Cluster_40	SAMEA6875087,SAMEA6875086
Cluster_41	SAMEA6875236,SAMEA6875237
Cluster_42	SAMEA5076092,SAMEA5076095,SAMEA118265855,SAMEA118265458
Cluster_43	SAMEA6875223,SAMEA6875222
Cluster_44	SAMEA118265583,SAMEA118265636
Cluster_45	SAMEA6875224,SAMEA6875225
Cluster_46	SAMEA6875105,SAMEA118265422,SAMEA6875106
Cluster_47	SAMEA6875057,SAMEA6875058
Cluster_48	SAMEA6875306,SAMEA118265143
Cluster_49	SAMEA118265326,SAMEA118265330,SAMEA118265377,SAMEA118265325
Cluster_50	SAMEA118265237,SAMEA6875110,SAMEA6875109
Cluster_51	SAMEA6875513,SAMEA6875418,SAMEA118265267,SAMEA118265555
Cluster_52	SAMEA118265461,SAMEA118265198
Cluster_53	SAMEA6875226,SAMEA6875227
Cluster_54	SAMEA6875024,SAMEA6875023,SAMEA6875025
Cluster_55	SAMEA118265229,SAMEA118265374
Cluster_56	SAMEA6875174,SAMEA118265122,SAMEA118265809,SAMEA6875172,SAMEA6875173,SAMEA118265470
Cluster_57	SAMEA6875577,SAMEA118265385
Cluster_58	SAMEA6875468,SAMEA118265226
Cluster_59	SAMEA5076119,SAMEA5076152,SAMEA118265529,SAMEA5076117,SAMEA5076147
Cluster_60	SAMEA118265590,SAMEA118265118,SAMEA118265544,SAMEA118265124,SAMEA118265547,SAMEA6875121,SAMEA118265278,SAMEA6875120
Cluster_61	SAMEA118265683,SAMEA118265682,SAMEA118265684
Cluster_62	SAMEA6875028,SAMEA6875026,SAMEA6875027
Cluster_63	SAMEA6875074,SAMEA6875075,SAMEA6875073
Cluster_64	SAMEA118265647,SAMEA118265232,SAMEA118265519
Cluster_65	SAMEA118265772,SAMEA118265767,SAMEA118265697
Cluster_66	SAMEA118265369,SAMEA118265368
Cluster_67	SAMEA6875232,SAMEA6875233
Cluster_68	SAMEA118265629,SAMEA118265721,SAMEA118265631
Cluster_69	SAMEA6875032,SAMEA6875033,SAMEA6875034
Cluster_70	SAMEA118265600,SAMEA118265741
Cluster_71	SAMEA6875211,SAMEA6875212,SAMEA118265103
Cluster_72	SAMEA118265571,SAMEA6875566,SAMEA118265550,SAMEA118265366,SAMEA118265364
Cluster_73	SAMEA6875119,SAMEA6875118
Cluster_74	SAMEA118265862,SAMEA118265701
Cluster_75	SAMEA5076062,SAMEA118265450,SAMEA5076145,SAMEA5076155,SAMEA5076077,SAMEA5076154
Cluster_76	SAMEA118265217,SAMEA118265399,SAMEA6875150,SAMEA6875151,SAMEA118265516
Cluster_77	SAMEA118265574,SAMEA118265563,SAMEA118265564
Cluster_78	SAMEA6875088,SAMEA6875089,SAMEA118265867
Cluster_79	SAMEA6875122,SAMEA6875123
Cluster_80	SAMEA6875397,SAMEA118265510,SAMEA118265177
Cluster_81	SAMEA5076063,SAMEA5076107,SAMEA118265796,SAMEA5076108,SAMEA118265719,SAMEA118265206,SAMEA5076086
Cluster_82	SAMEA118265421,SAMEA6875640,SAMEA118265297,SAMEA118265418
Cluster_83	SAMEA5076126,SAMEA5076116,SAMEA5076060,SAMEA5076109,SAMEA118265795,SAMEA5076122
Cluster_84	SAMEA118265843,SAMEA118265845
Cluster_85	SAMEA6875103,SAMEA6875102,SAMEA118265378,SAMEA6875104
Cluster_86	SAMEA6875132,SAMEA6875133,SAMEA118265617,SAMEA6875131
Cluster_87	SAMEA118265479,SAMEA118265551
Cluster_88	SAMEA118265462,SAMEA118265336,SAMEA6875651
Cluster_89	SAMEA118265756,SAMEA118265353,SAMEA118265679,SAMEA118265668,SAMEA6875246
Cluster_90	SAMEA6875240,SAMEA118265319,SAMEA118265311,SAMEA118265310,SAMEA118265313,SAMEA6875241
Cluster_91	SAMEA118265655,SAMEA6875368,SAMEA118265709,SAMEA118265541
Cluster_92	SAMEA118265802,SAMEA6875318,SAMEA118265205
Cluster_93	SAMEA6875217,SAMEA6875219,SAMEA6875218
Cluster_94	SAMEA118265841,SAMEA118265830
Cluster_95	SAMEA6875231,SAMEA6875230
Cluster_96	SAMEA5076130,SAMEA5076091,SAMEA118265673,SAMEA118265740,SAMEA118265532,SAMEA5076157,SAMEA118265521,SAMEA118265645,SAMEA118265744,SAMEA118265813,SAMEA118265567,SAMEA118265415,SAMEA118265846,SAMEA5076162,SAMEA5076166,SAMEA118265675,SAMEA118265218,SAMEA118265829,SAMEA5076068
Cluster_97	SAMEA118265537,SAMEA118265538,SAMEA118265295
Cluster_98	SAMEA118265778,SAMEA118265779
Cluster_99	SAMEA118265810,SAMEA118265749
Cluster_100	SAMEA118265431,SAMEA6875527,SAMEA118265130,SAMEA118265432,SAMEA118265820
Cluster_101	SAMEA118265475,SAMEA6875235,SAMEA6875234
Cluster_102	SAMEA118265220,SAMEA6875443
Cluster_103	SAMEA6875111,SAMEA6875112
Cluster_104	SAMEA6875090,SAMEA6875091,SAMEA118265213
Cluster_105	SAMEA118265473,SAMEA5076164,SAMEA5076111,SAMEA118265449,SAMEA104221066,SAMEA104221062,SAMEA118265340,SAMEA5076139
Cluster_107	SAMEA118265488,SAMEA118265172,SAMEA6875148,SAMEA118265105,SAMEA6875149
Cluster_108	SAMEA6875215,SAMEA6875216
Cluster_109	SAMEA6875207,SAMEA6875208
Cluster_110	SAMEA118265135,SAMEA118265514,SAMEA6875162,SAMEA6875161,SAMEA118265765,SAMEA6875160
Cluster_111	SAMEA118265702,SAMEA118265715
Cluster_112	SAMEA118265296,SAMEA118265120,SAMEA118265352,SAMEA6875194,SAMEA118265185
Cluster_113	SAMEA118265317,SAMEA118265314
Cluster_114	SAMEA6875099,SAMEA6875098
Cluster_115	SAMEA5076158,SAMEA5076160,SAMEA5076153,SAMEA5076057
Cluster_116	SAMEA118265227,SAMEA6875349
Cluster_117	SAMEA118265634,SAMEA6875511
Cluster_118	SAMEA6875031,SAMEA6875030,SAMEA118265653,SAMEA6875029
Cluster_119	SAMEA118265356,SAMEA118265379,SAMEA118265370,SAMEA6875554,SAMEA118265359,SAMEA118265347
Cluster_120	SAMEA118265760,SAMEA118265228
Cluster_121	SAMEA5076146,SAMEA5076071,SAMEA5076149,SAMEA118265403,SAMEA5076081,SAMEA118265466
Cluster_122	SAMEA6875182,SAMEA6875181,SAMEA6875183
Cluster_123	SAMEA6875159,SAMEA6875157,SAMEA6875158
Cluster_124	SAMEA6875362,SAMEA118265401,SAMEA118265161,SAMEA118265570
Cluster_125	SAMEA118265594,SAMEA118265394,SAMEA118265784,SAMEA118265492,SAMEA6875169,SAMEA118265643,SAMEA118265850,SAMEA6875170,SAMEA118265247,SAMEA118265414,SAMEA6875171,SAMEA118265672,SAMEA118265238,SAMEA118265786,SAMEA118265477
Cluster_126	SAMEA6875072,SAMEA118265191,SAMEA118265187,SAMEA6875071
Cluster_127	SAMEA6875045,SAMEA6875047,SAMEA6875046,SAMEA118265141,SAMEA118265463
Cluster_128	SAMEA6875048,SAMEA6875050,SAMEA6875049
Cluster_129	SAMEA6875432,SAMEA118265239,SAMEA118265577,SAMEA118265686
Cluster_130	SAMEA118265822,SAMEA118265735
Cluster_131	SAMEA6875124,SAMEA6875125
Cluster_132	SAMEA118265207,SAMEA6875662
Cluster_133	SAMEA5076110,SAMEA5076135,SAMEA5076159,SAMEA118265530,SAMEA5076103,SAMEA5076102
Cluster_134	SAMEA118265560,SAMEA118265260,SAMEA6875516
Cluster_135	SAMEA118265467,SAMEA6875198,SAMEA6875197,SAMEA118265465
Cluster_136	SAMEA118265136,SAMEA6875203,SAMEA118265216,SAMEA118265140,SAMEA6875204,SAMEA118265341,SAMEA118265137
Cluster_137	SAMEA6875116,SAMEA6875117
Cluster_138	SAMEA6875053,SAMEA6875051
Cluster_140	SAMEA118265436,SAMEA6875269
Cluster_141	SAMEA118265272,SAMEA6875293,SAMEA118265113,SAMEA118265638,SAMEA118265389,SAMEA118265835
Cluster_142	SAMEA118265713,SAMEA118265714
Cluster_143	SAMEA6875041,SAMEA6875038,SAMEA118265613,SAMEA6875039,SAMEA118265196,SAMEA6875040
Cluster_144	SAMEA6875165,SAMEA6875163
Cluster_145	SAMEA118265163,SAMEA118265413,SAMEA118265266,SAMEA118265419,SAMEA118265427,SAMEA118265412
Cluster_146	SAMEA118265328,SAMEA118265329
Cluster_147	SAMEA118265844,SAMEA118265158
Cluster_148	SAMEA6875515,SAMEA118265152
Cluster_149	SAMEA6875128,SAMEA6875129,SAMEA6875130
Cluster_150	SAMEA6875476,SAMEA118265131
Cluster_151	SAMEA6875206,SAMEA6875205
Cluster_152	SAMEA5076112,SAMEA5076114,SAMEA5076087,SAMEA5076078,SAMEA118265223,SAMEA5076104,SAMEA5076070,SAMEA118265761
Cluster_153	SAMEA5076064,SAMEA5076118,SAMEA5076167,SAMEA5076082
Cluster_154	SAMEA6875114,SAMEA118265318,SAMEA6875115,SAMEA118265410,SAMEA118265662,SAMEA118265661,SAMEA6875113,SAMEA118265411
Cluster_155	SAMEA6875094,SAMEA6875095
Cluster_156	SAMEA6875209,SAMEA6875210
Cluster_157	SAMEA6875136,SAMEA118265531,SAMEA6875137
Cluster_158	SAMEA118265343,SAMEA118265763,SAMEA118265132,SAMEA6875081,SAMEA118265512,SAMEA6875080
Cluster_159	SAMEA118265630,SAMEA6875564
Cluster_160	SAMEA6875213,SAMEA6875214
Cluster_161	SAMEA6875531,SAMEA118265121
Cluster_162	SAMEA6875108,SAMEA6875107
Cluster_163	SAMEA118265572,SAMEA6875052
Cluster_164	SAMEA118265166,SAMEA118265559
Cluster_165	SAMEA6875585,SAMEA118265434,SAMEA118265290
Cluster_166	SAMEA6875611,SAMEA118265243
Cluster_167	SAMEA6875199,SAMEA6875200
Cluster_168	SAMEA118265623,SAMEA6875317
Cluster_169	SAMEA5076106,SAMEA118265233,SAMEA118265485,SAMEA5076163,SAMEA118265115,SAMEA118265476,SAMEA5076098,SAMEA5076093,SAMEA118265480,SAMEA5076141,SAMEA118265528,SAMEA5076097,SAMEA5076084,SAMEA118265588,SAMEA118265848,SAMEA118265335,SAMEA5076144,SAMEA5076121,SAMEA5076113,SAMEA5076056,SAMEA118265595
Cluster_170	SAMEA6875462,SAMEA118265722
Cluster_171	SAMEA118265773,SAMEA6875558
Cluster_172	SAMEA118265839,SAMEA6875478
Cluster_173	SAMEA118265494,SAMEA6875145
Cluster_196	SAMEA118265491,SAMEA118265609
Cluster_174	SAMEA6875552,SAMEA118265770
Cluster_175	SAMEA6875135,SAMEA6875134
Cluster_176	SAMEA118265593,SAMEA118265685
Cluster_177	SAMEA6875127,SAMEA6875126
Cluster_178	SAMEA118265128,SAMEA6875650
Cluster_179	SAMEA5076137,SAMEA5076156,SAMEA5076101,SAMEA118265671
Cluster_180	SAMEA6875178,SAMEA6875180
Cluster_181	SAMEA118265853,SAMEA6875196,SAMEA118265478,SAMEA118265273,SAMEA6875195
Cluster_182	SAMEA118265495,SAMEA118265499,SAMEA6875153,SAMEA118265556,SAMEA118265733
Cluster_197	SAMEA6875152,SAMEA118265599,SAMEA118265417
Cluster_183	SAMEA118265708,SAMEA6875563
Cluster_184	SAMEA6875504,SAMEA118265333
Cluster_185	SAMEA5076059,SAMEA5076079,SAMEA5076076,SAMEA5076168,SAMEA118265334,SAMEA5076115,SAMEA118265869,SAMEA118265322,SAMEA5076125,SAMEA118265437
Cluster_186	SAMEA6875140,SAMEA6875141
Cluster_187	SAMEA118265363,SAMEA118265615,SAMEA6875620,SAMEA118265231,G2176m
Cluster_188	SAMEA6875422,SAMEA118265257
Cluster_189	SAMEA5076142,SAMEA5076151,SAMEA5076074,SAMEA5076165,SAMEA118265234
Cluster_190	SAMEA6875154,SAMEA118265670,SAMEA118265348,SAMEA6875155,SAMEA6875156,SAMEA118265818,SAMEA118265351,SAMEA118265170,SAMEA118265179
Cluster_191	SAMEA118265565,SAMEA6875431
Cluster_192	SAMEA5076085,SAMEA5076124,SAMEA5076069,SAMEA118265298,SAMEA5076054,SAMEA5076094,SAMEA118265112,SAMEA5076075,SAMEA118265819,SAMEA118265842
Cluster_193	SAMEA6875201,SAMEA6875202
Cluster_195	SAMEA6875063,SAMEA6875064,SAMEA118265400,SAMEA118265406
